id,ra_deg,dec_deg,magnitude,names
star/sirius,101.25,-16.71,-1.43,Sirius|Dog Star
star/canopus,96.0,-52.7,-0.62,Canopus
star/arcturus,213.90001,19.19,-0.1,Arcturus
star/rigil_kentaurus_a,219.9,-60.84,0.01,Rigil Kentaurus A|Rigel Kentaurus A|Alpha Centauri|Rigil Kent
star/vega,279.30002,38.78,0.03,Vega
star/rigel,78.6,-8.2,0.18,Rigel
star/procyon,114.899994,5.23,0.38,Procyon
star/betelgeuse,88.8,7.41,0.45,Betelgeuse
star/achernar,24.45,-57.24,0.45,Achernar
star/hadar,210.90001,-60.37,0.61,Hadar
star/capella,79.200005,46.0,0.71,Capella
star/altair,297.75,8.87,0.77,Altair
star/acrux,186.59999,-63.1,0.77,Acrux
star/aldebaran,69.0,16.51,0.85,Aldebaran
star/j051648+460036,79.200005,46.01,0.96,
star/spica,201.3,-11.16,0.98,Spica
star/antares,247.34999,-26.43,1.06,Antares
star/pollux,116.4,28.03,1.14,Pollux
star/fomalhaut,344.4,-29.62,1.16,Fomalhaut
star/deneb,310.35,45.28,1.25,Deneb
star/j124800-594124,192.0,-59.69,1.25,
star/j143936-605024,219.9,-60.84,1.34,
star/regulus,152.1,11.97,1.36,Regulus
star/adhara,104.7,-28.97,1.5,Adhara
star/j123112-570636,187.8,-57.11,1.59,
star/shaula,263.4,-37.1,1.62,Shaula
star/j052512+062100,81.3,6.35,1.64,
star/alnath,81.6,28.61,1.65,Alnath
star/j091312-694312,138.3,-69.72,1.67,
star/alnilam,84.0,-1.2,1.69,Alnilam
star/alnair,332.09998,-46.96,1.74,Alnair
star/j054048-015624,85.2,-1.94,1.74,
star/j080936-472024,122.399994,-47.34,1.75,
star/alioth,193.5,55.96,1.76,Alioth
star/mirphak,51.15,49.86,1.79,Mirphak
star/kaus_australis,276.0,-34.38,1.79,Kaus Australis
star/dubhe,165.90001,61.75,1.81,Dubhe
star/j070824-262324,107.1,-26.39,1.83,
star/alkaid,206.85,49.31,1.85,Alkaid
star/j082248-593036,125.700005,-59.51,1.86,
star/j173712-430000,264.30002,-43.0,1.86,
star/j055924+445700,89.85,44.95,1.9,
star/j164836-690148,252.15,-69.03,1.91,
star/alhena,99.450005,16.4,1.93,Alhena
star/j202548-564348,306.45,-56.73,1.94,
star/castor,113.7,31.89,1.94,Castor
star/polaris,37.95,89.26,1.97,Polaris|North Star|Pole Star
star/j062248-175736,95.700005,-17.96,1.98,
star/alphard,141.9,-8.66,1.99,Alphard
star/hamal,31.8,23.46,2.0,Hamal
star/algieba,154.95,19.84,2.01,Algieba
star/j084500-544236,131.25,-54.71,2.02,
star/diphda,10.950001,-17.99,2.04,Diphda
star/nunki,283.8,-26.3,2.05,Nunki
star/mirach,17.4,35.62,2.05,Mirach
star/j140636-362212,211.65,-36.37,2.06,
star/alpheratz,2.1,29.09,2.07,Alpheratz
star/j224236-465248,340.65,-46.88,2.07,
star/saiph,87.0,-9.67,2.07,Saiph
star/kochab,222.75,74.16,2.07,Kochab
star/rasalhague,263.7,12.56,2.08,Rasalhague
star/algol,47.100002,40.96,2.09,Algol
star/j020336+421948,30.9,42.33,2.1,
star/denebola,177.29999,14.57,2.14,Denebola
star/j005700+604312,14.25,60.72,2.15,
star/j124124-485736,190.34999,-48.96,2.2,
star/j091648-591648,139.2,-59.28,2.21,
star/j080336-400000,120.90001,-40.0,2.21,
star/alphekka,233.7,26.71,2.22,Alphekka
star/j202212+401536,305.55002,40.26,2.23,
star/j090748-432548,136.95,-43.43,2.23,
star/etamin,269.1,51.49,2.24,Etamin
star/shedir,10.2,56.54,2.24,Shedir
star/j132400+545548,201.0,54.93,2.25,
star/j053148-001800,82.950005,-0.3,2.25,
star/caph,2.25,59.15,2.27,Caph
star/j133936-532812,204.9,-53.47,2.29,
star/j165024-341724,252.6,-34.29,2.29,
star/j160036-223712,240.15001,-22.62,2.29,
star/j144200-472324,220.5,-47.39,2.3,
star/j143524-420936,218.85,-42.16,2.33,
star/izar,221.25,27.07,2.35,Izar
star/merak,165.45,56.38,2.37,Merak
star/enif,326.1,9.88,2.38,Enif
star/j174236-390148,265.65,-39.03,2.39,
star/ankaa,6.6,-42.31,2.4,Ankaa
star/phad,178.5,53.69,2.41,Phad
star/alderamin,319.65,62.59,2.44,Alderamin
star/scheat,345.9,28.08,2.44,Scheat
star/j204612+335812,311.55002,33.97,2.45,
star/j072400-291800,111.0,-29.3,2.45,
star/j092212-550036,140.55,-55.01,2.47,
star/markab,346.2,15.21,2.49,Markab
star/j163712-103412,249.30002,-10.57,2.54,
star/menkar,45.6,4.09,2.54,Menkar
star/j135548-471724,208.95001,-47.29,2.55,
star/j160524-194836,241.35,-19.81,2.56,
star/j111424+203112,168.59999,20.52,2.56,
star/arneb,83.25,-17.82,2.58,Arneb
star/j121536-173224,183.90001,-17.54,2.58,
star/j120824-504312,182.1,-50.72,2.58,
star/j190224-295248,285.6,-29.88,2.6,
star/j151648-092248,229.2,-9.38,2.61,
star/j015436+204836,28.65,20.81,2.64,
star/unukalhai,236.09999,6.43,2.64,Unukalhai
star/j060000+371236,90.0,37.21,2.65,
star/j053936-340412,84.899994,-34.07,2.65,
star/j123412-232400,188.54999,-23.4,2.65,
star/j012548+601424,21.449999,60.24,2.66,
star/j145848-430748,224.7,-43.13,2.68,
star/j135436+182400,208.65,18.4,2.68,
star/j045700+331012,74.25,33.17,2.69,
star/j123712-690824,189.3,-69.14,2.69,
star/j104648-492512,161.7,-49.42,2.69,
star/j173036-371800,262.65,-37.3,2.7,
star/j071724-370600,109.35,-37.1,2.71,
star/j194612+103636,296.55002,10.61,2.72,
star/j182100-294948,275.25,-29.83,2.72,
star/j161424-034124,243.59999,-3.69,2.73,
star/j162400+613036,246.0,61.51,2.74,
star/j104312-642324,160.8,-64.39,2.74,
star/j132024-364236,200.1,-36.71,2.75,
star/j145100-160224,222.75,-16.04,2.75,
star/j053524-055436,83.850006,-5.91,2.75,
star/j174312+043412,265.8,4.57,2.76,
star/j163000+212924,247.5,21.49,2.78,
star/j171424+142324,258.6,14.39,2.78,
star/j050748-050524,76.950005,-5.09,2.79,
star/j173036+521800,262.65,52.3,2.79,
star/j121500-584500,183.75,-58.75,2.79,
star/j153524-411012,233.85,-41.17,2.8,
star/j002548-771536,6.4500003,-77.26,2.8,
star/j052812-204536,82.049995,-20.76,2.81,
star/j163600-281312,249.0,-28.22,2.82,
star/j182812-252512,277.05,-25.42,2.82,
star/j080748-241800,121.950005,-24.3,2.83,
star/algenib,3.3,15.18,2.83,Algenib
star/j035400+315248,58.5,31.88,2.84,
star/j155512-632548,238.8,-63.43,2.84,
star/j172512-553148,261.3,-55.53,2.84,
star/j173148-495248,262.95,-49.88,2.84,
star/vindemiatrix,195.6,10.96,2.85,Vindemiatrix
star/alcyone,56.85,24.11,2.85,Alcyone
star/j073448+315324,113.7,31.89,2.85,
star/j194500+450748,296.25,45.13,2.86,
star/j015848-613412,29.7,-61.57,2.86,
star/j062248+223036,95.700005,22.51,2.87,
star/j151912-684048,229.79999,-68.68,2.87,
star/j214648-160748,326.7,-16.13,2.87,
star/j221836-601536,334.65,-60.26,2.87,
star/j190936-210112,287.4,-21.02,2.88,
star/j025812-401800,44.55,-40.3,2.88,
star/j155848-260636,239.7,-26.11,2.89,
star/j125548+381912,193.95001,38.32,2.89,
star/j072700+081724,111.75,8.29,2.89,
star/j213148-053412,322.95,-5.57,2.9,
star/j162100-253524,245.25,-25.59,2.9,
star/j035736+400036,59.4,40.01,2.9,
star/j030448+533036,46.199997,53.51,2.91,
star/j164124+313600,250.35,31.6,2.91,
star/j094724-650412,146.85,-65.07,2.92,
star/j224312+301312,340.8,30.22,2.93,
star/j064948-503636,102.45,-50.61,2.94,
star/j123000-163112,187.5,-16.52,2.94,
star/j220600-001912,331.5,-0.32,2.95,
star/j035812-133036,59.55,-13.51,2.97,
star/j053748+210824,84.450005,21.14,2.97,
star/j094536+234612,146.40001,23.77,2.97,
star/j180600-302512,271.5,-30.42,2.98,
star/j131912-231012,199.79999,-23.17,2.99,
star/j190524+135136,286.35,13.86,2.99,
star/j174724-400748,266.85,-40.13,2.99,
star/j020936+345924,32.4,34.99,3.0,
star/j215400-372136,328.5,-37.36,3.0,
star/j152100+714948,230.25,71.83,3.0,
star/j165136-380300,252.90001,-38.05,3.0,
star/j110936+443000,167.4,44.5,3.0,
star/j034312+474724,55.8,47.79,3.01,
star/j171012-154348,257.55,-15.73,3.02,
star/j070300-234948,105.75,-23.83,3.02,
star/j062024-300336,95.100006,-30.06,3.02,
star/j121012-223712,182.55,-22.62,3.02,
star/j050148+434912,75.450005,43.82,3.03,
star/j143148+381836,217.95,38.31,3.04,
star/j124612-680636,191.55,-68.11,3.04,
star/j202100-144648,305.25,-14.78,3.05,
star/j193036+275736,292.65,27.96,3.05,
star/j064348+250748,100.95,25.13,3.06,
star/j102212+413000,155.55,41.5,3.06,
star/j191236+673936,288.15,67.66,3.07,
star/j181724-364536,274.35,-36.76,3.1,
star/j113600-630112,174.0,-63.02,3.11,
star/j085512+055700,133.8,5.95,3.11,
star/j203748-471724,309.44998,-47.29,3.11,
star/j104948-161124,162.45,-16.19,3.11,
star/j165848-555924,254.7,-55.99,3.12,
star/j055100-354612,87.75,-35.77,3.12,
star/j145924-420600,224.84999,-42.1,3.13,
star/j171500+245024,258.75,24.84,3.14,
star/j092100+342324,140.25,34.39,3.14,
star/j085924+480224,134.84999,48.04,3.14,
star/j171500+364836,258.75,36.81,3.16,
star/j093112-570148,142.8,-57.03,3.16,
star/j170900+654236,257.25,65.71,3.17,
star/j093300+514048,143.25,51.68,3.17,
star/j184536-265924,281.4,-26.99,3.17,
star/j063748-431200,99.450005,-43.2,3.17,
star/j050636+411348,76.65,41.23,3.18,
star/j050524-222212,76.350006,-22.37,3.19,
star/j174948-370224,267.45,-37.04,3.19,
star/j144236-645812,220.65,-64.97,3.19,
star/j165736+092248,254.4,9.38,3.19,
star/j044948+065736,72.45,6.96,3.19,
star/j233936+773748,354.9,77.63,3.21,
star/j211312+301348,318.3,30.23,3.21,
star/j152136-403900,230.4,-40.65,3.22,
star/j212848+703336,322.19998,70.56,3.23,
star/j201124-004912,302.85,-0.82,3.24,
star/j161836-044124,244.65,-4.69,3.24,
star/j072924-431800,112.35,-43.3,3.25,
star/j150412-251648,226.04999,-25.28,3.25,
star/j185848+324124,284.69998,32.69,3.25,
star/j182136-025400,275.40002,-2.9,3.26,
star/j034724-741424,56.85,-74.24,3.26,
star/j225436-154912,343.65,-15.82,3.27,
star/j140636-264048,211.65,-26.68,3.27,
star/j172212-250000,260.55002,-25.0,3.27,
star/j003936+305136,9.900001,30.86,3.27,
star/j064800-615624,102.0,-61.94,3.27,
star/j101348-700224,153.45,-70.04,3.29,
star/j152512+585812,231.3,58.97,3.29,
star/j051312-161236,78.299995,-16.21,3.29,
star/j043412-550300,68.55,-55.05,3.3,
star/j121536+570148,183.90001,57.03,3.3,
star/j103148-614124,157.95,-61.69,3.3,
star/j061500+223036,93.75,22.51,3.31,
star/j172512-562248,261.3,-56.38,3.31,
star/j030524+385024,46.35,38.84,3.32,
star/j010600-464312,16.5,-46.72,3.32,
star/j175848-094612,269.69998,-9.77,3.32,
star/j190712-274012,286.80002,-27.67,3.32,
star/j111424+152548,168.59999,15.43,3.33,
star/j171200-431424,258.0,-43.24,3.33,
star/j041424-622812,63.6,-62.47,3.33,
star/j074912-245136,117.3,-24.86,3.34,
star/j083000+604312,127.5,60.72,3.35,
star/j015436+634012,28.65,63.67,3.35,
star/j052436-022400,81.149994,-2.4,3.35,
star/j064500+125400,101.25,12.9,3.36,
star/j192512+030636,291.3,3.11,3.36,
star/j133448-003600,203.7,-0.6,3.37,
star/j152248-444124,230.7,-44.69,3.37,
star/j084648+062512,131.7,6.42,3.38,
star/j053524+095548,83.850006,9.93,3.39,
star/j125548+032400,193.95001,3.4,3.39,
star/j101648-611948,154.2,-61.33,3.39,
star/j221048+581200,332.7,58.2,3.39,
star/j042848+155212,67.2,15.87,3.4,
star/j171012-154348-2,257.55,-15.73,3.4,
star/j134948-414124,207.45,-41.69,3.41,
star/j012812-431912,22.050001,-43.32,3.41,
star/j151200-520600,228.0,-52.1,3.41,
star/j040036+122924,60.15,12.49,3.41,
star/j224124+104948,340.35,10.83,3.41,
star/j015248+293448,28.2,29.58,3.42,
star/j204500-661200,311.25,-66.2,3.42,
star/j174612+274312,266.55002,27.72,3.42,
star/j160000-382400,240.0,-38.4,3.42,
star/j091048-585812,137.70001,-58.97,3.43,
star/j101648+232512,154.2,23.42,3.43,
star/j190600-045248,286.5,-4.88,3.43,
star/j204500+615024,311.25,61.84,3.43,
star/j010824-101048,17.1,-10.18,3.45,
star/j101648+425436,154.2,42.91,3.45,
star/j004912+574912,12.3,57.82,3.45,
star/j075700-525848,119.25,-52.98,3.46,
star/j151536+331912,228.90001,33.32,3.46,
star/j124124-012700,190.34999,-1.45,3.46,
star/j134948-422812,207.45,-42.47,3.47,
star/j164236+385512,250.65,38.92,3.48,
star/j224836-511912,342.15,-51.32,3.48,
star/j100712+164536,151.8,16.76,3.48,
star/j224948+243600,342.45,24.6,3.48,
star/j111836+330524,169.65001,33.09,3.49,
star/j070148-275548,105.450005,-27.93,3.49,
star/j150148+402324,225.45,40.39,3.49,
star/j014348-155624,25.95,-15.94,3.49,
star/j182700-455812,276.75,-45.97,3.49,
star/j224948+661200,342.45,66.2,3.5,
star/j064948-323036,102.45,-32.51,3.5,
star/j195848+192924,299.69998,19.49,3.51,
star/j185736-210636,284.4,-21.11,3.52,
star/j124124-012700-2,190.34999,-1.45,3.52,
star/j184948+332136,282.45,33.36,3.52,
star/j095700-543412,149.25,-54.57,3.52,
star/j094124+095324,145.34999,9.89,3.52,
star/j034312-094612,55.8,-9.77,3.53,
star/j042848+191048,67.2,19.18,3.53,
star/j072024+215848,110.100006,21.98,3.53,
star/j221012+061200,332.55,6.2,3.53,
star/j081648+091124,124.2,9.19,3.53,
star/j173748-152400,264.44998,-15.4,3.54,
star/j154948-032548,237.45,-3.43,3.54,
star/j113300-315136,173.25,-31.86,3.54,
star/j054648-144912,86.700005,-14.82,3.55,
star/j041800-334800,64.5,-33.8,3.55,
star/j141912-460336,214.79999,-46.06,3.55,
star/j001912-084912,4.7999997,-8.82,3.56,
star/j165212-380112,253.05002,-38.02,3.56,
star/j021648-513036,34.2,-51.51,3.56,
star/j024312+031424,40.8,3.24,3.56,
star/j111912-144648,169.79999,-14.78,3.56,
star/j200824-661048,302.09998,-66.18,3.56,
star/j152136-361536,230.4,-36.26,3.57,
star/j143148+302212,217.95,30.37,3.57,
star/j090336+470936,135.90001,47.16,3.57,
star/j182100+724348,275.25,72.73,3.57,
star/j074424+242400,116.1,24.4,3.57,
star/j201800-123224,304.5,-12.54,3.58,
star/j054424-222700,86.1,-22.45,3.58,
star/j071800+163224,109.5,16.54,3.58,
star/j013748+483748,24.45,48.63,3.59,
star/j051724-065024,79.35,-6.84,3.59,
star/j122136-602400,185.4,-60.4,3.59,
star/j173112-604048,262.80002,-60.68,3.6,
star/j084012-525512,130.05,-52.92,3.6,
star/j065248+335736,103.200005,33.96,3.6,
star/j012400-081048,21.0,-8.18,3.6,
star/j153712-280824,234.3,-28.14,3.6,
star/j174536-644312,266.4,-64.72,3.61,
star/j130224-713300,195.6,-71.55,3.61,
star/j101048-122100,152.70001,-12.35,3.61,
star/j032436+090148,51.15,9.03,3.61,
star/j024948+271536,42.449997,27.26,3.61,
star/j115024+014612,177.6,1.77,3.61,
star/j034912+240300,57.3,24.05,3.62,
star/j013112+152100,22.8,15.35,3.62,
star/j074500-375812,116.25,-37.97,3.62,
star/j165436-422136,253.65,-42.36,3.62,
star/j230148+421948,345.45,42.33,3.62,
star/j114536-664348,176.40001,-66.73,3.63,
star/j203748+143600,309.44998,14.6,3.64,
star/j154612+152512,236.55,15.42,3.65,
star/j180636-500524,271.65002,-50.09,3.65,
star/j222848-000112,337.19998,-0.02,3.65,
star/j041948+153748,64.95,15.63,3.65,
star/j152736+290636,231.9,29.11,3.66,
star/j153824-294648,234.6,-29.78,3.66,
star/j093148+630336,142.95,63.06,3.67,
star/j140412+642248,211.04999,64.38,3.67,
star/j205436-582700,313.65,-58.45,3.67,
star/j045100+053636,72.75,5.61,3.68,
star/j230936-211012,347.4,-21.17,3.68,
star/j084348-331124,130.95,-33.19,3.68,
star/j214012-163936,325.05,-16.66,3.68,
star/j194724+183148,296.85,18.53,3.68,
star/j050224+410448,75.6,41.08,3.69,
star/j114612+474648,176.55,47.78,3.69,
star/j094500-623036,146.25,-62.51,3.69,
star/j003712+535400,9.3,53.9,3.69,
star/j031948-214536,49.949997,-21.76,3.7,
star/j175736+291500,269.4,29.25,3.7,
star/j231724+031648,349.35,3.28,3.7,
star/j015548-513636,28.949999,-51.61,3.7,
star/j155100+042848,237.75,4.48,3.71,
star/j045400+022624,73.5,2.44,3.71,
star/j075212-403448,118.049995,-40.58,3.71,
star/j034500+240636,56.25,24.11,3.72,
star/j195512+062436,298.8,6.41,3.72,
star/j055924+541648,89.85,54.28,3.72,
star/j055624-141012,89.1,-14.17,3.72,
star/j210448+435548,316.2,43.93,3.72,
star/j180712+093336,271.80002,9.56,3.73,
star/j175324+565212,268.34998,56.87,3.73,
star/j225248-073448,343.19998,-7.58,3.73,
star/j032700+094348,51.75,9.73,3.73,
star/j144612+015324,221.55,1.89,3.73,
star/j033300-092736,53.25,-9.46,3.73,
star/j162212+190900,245.55002,19.15,3.74,
star/j015136-101948,27.9,-10.33,3.74,
star/j090412-470600,136.04999,-47.1,3.75,
star/j214124-772324,325.35,-77.39,3.75,
star/j174800+024236,267.0,2.71,3.75,
star/j053336-622924,83.4,-62.49,3.76,
star/j055136-205248,87.9,-20.88,3.76,
star/j082548-660824,126.450005,-66.14,3.76,
star/j062848-070148,97.2,-7.03,3.76,
star/j223112+501648,337.80002,50.28,3.76,
star/j220712+252100,331.80002,25.35,3.76,
star/j193000+514348,292.5,51.73,3.76,
star/j053900-023600,84.75,-2.6,3.77,
star/j025024+555400,42.6,55.9,3.77,
star/j164948-590224,252.45,-59.04,3.77,
star/j190448-214424,286.2,-21.74,3.77,
star/j034500+423448,56.25,42.58,3.77,
star/j212624-222436,321.6,-22.41,3.77,
star/j084048-463900,130.20001,-46.65,3.77,
star/j203936+155436,309.9,15.91,3.77,
star/j042248+173224,65.700005,17.54,3.77,
star/j144124+134348,220.34999,13.73,3.78,
star/j105324-585100,163.35,-58.85,3.78,
star/j072548+274800,111.45,27.8,3.78,
star/j095100+590224,147.75,59.04,3.78,
star/j204724-093000,311.85,-9.5,3.78,
star/j070900-703000,107.25,-70.5,3.78,
star/j105324+341312,163.35,34.22,3.79,
star/j030936+445136,47.4,44.86,3.79,
star/j201348+464424,303.44998,46.74,3.8,
star/j153448+103224,233.7,10.54,3.8,
star/j073900-264800,114.75,-26.8,3.8,
star/j191724+532212,289.35,53.37,3.8,
star/j043524-303336,68.850006,-30.56,3.81,
star/j102736-584424,156.9,-58.74,3.81,
star/j154236+261800,235.65,26.3,3.81,
star/j233748+462736,354.44998,46.46,3.82,
star/j211500+380224,318.75,38.04,3.82,
star/j173936+460036,264.9,46.01,3.82,
star/j163112+015848,247.8,1.98,3.82,
star/j020148+024536,30.449999,2.76,3.82,
star/j113112+691948,172.8,69.33,3.82,
star/j091836+364800,139.65001,36.8,3.82,
star/j102548-165024,156.45001,-16.84,3.83,
star/j144800-790224,222.0,-79.04,3.83,
star/j135812-420600,209.55,-42.1,3.83,
star/j042848+155736,67.2,15.96,3.84,
star/j034424+321724,56.1,32.29,3.84,
star/j103712-481348,159.3,-48.23,3.84,
star/j222136-012324,335.40002,-1.39,3.84,
star/j103300+091836,158.25,9.31,3.84,
star/j180748+284536,271.94998,28.76,3.84,
star/j123224-720748,188.1,-72.13,3.84,
star/j085512-603824,133.8,-60.64,3.84,
star/j181348-210336,273.44998,-21.06,3.84,
star/j194800+701612,297.0,70.27,3.84,
star/j182324+214612,275.84998,21.77,3.85,
star/j123336+694724,188.40001,69.79,3.85,
star/j062212-332624,95.549995,-33.44,3.85,
star/j183524-081424,278.85,-8.24,3.85,
star/j041348-421724,63.45,-42.29,3.85,
star/j034424-644836,56.1,-64.81,3.85,
star/j101500-420712,153.75,-42.12,3.85,
star/j155624+153936,239.09999,15.66,3.85,
star/j054724-510412,86.85,-51.07,3.85,
star/j123748-483224,189.45,-48.54,3.85,
star/j053112-352812,82.8,-35.47,3.86,
star/j161536-634124,243.90001,-63.69,3.86,
star/j005700+383000,14.25,38.5,3.86,
star/j175624+371500,269.1,37.25,3.86,
star/j135848-444800,209.7,-44.8,3.87,
star/j155700-291236,239.25,-29.21,3.87,
star/j034536+242212,56.4,24.37,3.87,
star/j084612-460224,131.55,-46.04,3.87,
star/j195212+010036,298.05002,1.01,3.87,
star/j015324+191724,28.35,19.29,3.88,
star/j095248+260036,148.2,26.01,3.88,
star/j144312-053936,220.8,-5.66,3.88,
star/j231012-451500,347.55,-45.25,3.88,
star/j151200-484424,228.0,-48.74,3.88,
star/j000936-454500,2.3999999,-45.75,3.88,
star/j121948-004012,184.95,-0.67,3.89,
star/j163336-785400,248.4,-78.9,3.89,
star/j065400-241048,103.5,-24.18,3.89,
star/j091424+021912,138.59999,2.32,3.89,
star/j025624-085400,44.100002,-8.9,3.89,
star/j195624+350448,299.1,35.08,3.89,
star/j133112-392436,202.8,-39.41,3.9,
star/j153524-144724,233.85,-14.79,3.9,
star/j093936-010824,144.9,-1.14,3.9,
star/j112100-542924,170.25,-54.49,3.9,
star/j161948+461836,244.95,46.31,3.91,
star/j082548-035436,126.450005,-3.91,3.91,
star/j122812-501348,187.05,-50.23,3.91,
star/j043824-141800,69.6,-14.3,3.91,
star/j040300+055924,60.750004,5.99,3.91,
star/j150524-470300,226.35,-47.05,3.91,
star/j170000+305548,255.0,30.93,3.92,
star/j211536+051500,318.9,5.25,3.92,
star/j074200-723636,115.5,-72.61,3.93,
star/j110824-585848,167.1,-58.98,3.93,
star/j025400+524536,43.5,52.76,3.93,
star/j013112-490412,22.8,-49.07,3.93,
star/j192136-175100,290.40002,-17.85,3.93,
star/j043636-032100,69.15,-3.35,3.93,
star/j180036+025548,270.15,2.93,3.93,
star/j160636-204012,241.65001,-20.67,3.93,
star/j084424+180900,131.09999,18.15,3.94,
star/j002624-434048,6.6,-43.68,3.94,
star/j074348-285700,115.95,-28.95,3.94,
star/j205700+411012,314.25,41.17,3.94,
star/j010824-551500,17.1,-55.25,3.94,
star/j074124-093300,115.35,-9.55,3.94,
star/j132400+545512,201.0,54.92,3.95,
star/j031200-285924,48.0,-28.99,3.95,
star/j020336+722512,30.9,72.42,3.95,
star/j063636-191536,99.15,-19.26,3.96,
star/j192400-403712,291.0,-40.62,3.96,
star/j091124-621912,137.84999,-62.32,3.96,
star/j201536+474236,303.9,47.71,3.96,
star/j192248-442736,290.69998,-44.46,3.96,
star/j224648+233412,341.7,23.57,3.96,
star/j055924-424912,89.85,-42.82,3.96,
star/j040824+474236,62.1,47.71,3.96,
star/j232248-200600,350.69998,-20.1,3.96,
star/j200036-725436,300.15,-72.91,3.97,
star/j121124-522212,182.84999,-52.37,3.97,
star/j042400-340112,66.0,-34.02,3.97,
star/j222924-433000,337.35,-43.5,3.97,
star/j055136+390900,87.9,39.15,3.97,
star/j084012-351836,130.05,-35.31,3.97,
star/j071648-675736,109.200005,-67.96,3.97,
star/j155100-333748,237.75,-33.63,3.97,
star/j213412+453524,323.55,45.59,3.98,
star/j035848+354724,59.7,35.79,3.98,
star/j231724-581424,349.35,-58.24,3.99,
star/j020000-210448,30.0,-21.08,3.99,
star/j061500-061612,93.75,-6.27,3.99,
star/j112400+103148,171.0,10.53,4.0,
star/j161200-192736,243.00002,-19.46,4.0,
star/j102436-740148,156.15,-74.03,4.0,
star/j070412+203412,106.05,20.57,4.01,
star/j132512+545924,201.3,54.99,4.01,
star/j014348+504124,25.95,50.69,4.01,
star/j144200-374724,220.5,-37.79,4.01,
star/j090224-662400,135.6,-66.4,4.01,
star/j071500-264612,108.75,-26.77,4.01,
star/j160148+583336,240.45001,58.56,4.01,
star/j202924+302212,307.35,30.37,4.01,
star/j184312-712548,280.8,-71.43,4.01,
star/j044536-031500,71.4,-3.25,4.01,
star/j161948-500936,244.95,-50.16,4.02,
star/j190148-054424,285.45,-5.74,4.02,
star/j120824-244348,182.1,-24.73,4.02,
star/j185924+150412,284.85,15.07,4.02,
star/j085024-274236,132.6,-27.71,4.02,
star/j125436-571048,193.65,-57.18,4.03,
star/j084648+284536,131.7,28.76,4.03,
star/j050336+602624,75.9,60.44,4.03,
star/j021724+335100,34.35,33.85,4.03,
star/j235924+065136,359.85,6.86,4.03,
star/j203300+111800,308.25,11.3,4.03,
star/j114536+063148,176.40001,6.53,4.04,
star/j223524-000712,338.85,-0.12,4.04,
star/j041200-065024,62.999996,-6.84,4.04,
star/j030900+493636,47.25,49.61,4.05,
star/j224948-133524,342.45,-13.59,4.05,
star/j134912+154800,207.29999,15.8,4.05,
star/j143748-492548,219.45,-49.43,4.05,
star/j142024-375324,215.1,-37.89,4.05,
star/j112100+060148,170.25,6.03,4.05,
star/j112436-174048,171.15,-17.68,4.06,
star/j121836-640000,184.65001,-64.0,4.06,
star/j045624+133036,74.1,13.51,4.06,
star/j121724-675736,184.35,-67.96,4.06,
star/j144348-351012,220.95,-35.17,4.06,
star/j084424-423900,131.09999,-42.65,4.06,
star/j073600+265400,114.0,26.9,4.06,
star/j142512+515100,216.3,51.85,4.06,
star/j165924-530936,254.84999,-53.16,4.06,
star/j222924+582512,337.35,58.42,4.07,
star/j081836-765512,124.65001,-76.92,4.07,
star/j151724-584800,229.35,-58.8,4.07,
star/j150900-451648,227.25,-45.28,4.07,
star/j212212+194800,320.55002,19.8,4.08,
star/j030224-233712,45.6,-23.62,4.08,
star/j022136-683936,35.399998,-68.66,4.08,
star/j093412-591348,143.54999,-59.23,4.08,
star/j065400-120224,103.5,-12.04,4.08,
star/j023936+001948,39.9,0.33,4.08,
star/j141612-060000,214.05,-6.0,4.08,
star/j110000-181800,165.0,-18.3,4.08,
star/j185512+435700,283.8,43.95,4.08,
star/j210600-171348,316.5,-17.23,4.08,
star/j004724+241612,11.85,24.27,4.08,
star/j013636+412436,24.15,41.41,4.09,
star/j154836+180824,237.15001,18.14,4.09,
star/j053712+091724,84.299995,9.29,4.09,
star/j182848-490412,277.19998,-49.07,4.1,
star/j074912-462212,117.3,-46.37,4.1,
star/j191012-392024,287.55,-39.34,4.1,
star/j103524-783636,158.85,-78.61,4.11,
star/j070336-153748,105.9,-15.63,4.11,
star/j083748-425924,129.45,-42.99,4.11,
star/j190936-375400,287.4,-37.9,4.11,
star/j230036-524500,345.15,-52.75,4.11,
star/j090036+414648,135.15001,41.78,4.11,
star/j024048-395136,40.2,-39.86,4.11,
star/j114648-611048,176.7,-61.18,4.11,
star/j153636-661912,234.15,-66.32,4.11,
star/j095136-145100,147.9,-14.85,4.11,
star/j093036-402812,142.65001,-40.47,4.12,
star/j041500+482436,63.75,48.41,4.12,
star/j223000-434500,337.5,-43.75,4.12,
star/j205136-265512,312.90002,-26.92,4.12,
star/j195512-415212,298.8,-41.87,4.12,
star/j060224+093900,90.6,9.65,4.12,
star/j023936-681612,39.9,-68.27,4.12,
star/j224612-812248,341.55002,-81.38,4.13,
star/j155400-164348,238.5,-16.73,4.13,
star/j052400-074836,81.0,-7.81,4.13,
star/j120524+084348,181.35,8.73,4.13,
star/j024424+491348,41.1,49.23,4.13,
star/j062848+201236,97.2,20.21,4.13,
star/j204612-251612,311.55002,-25.27,4.13,
star/j234012+053748,355.05,5.63,4.13,
star/j034612+235700,56.55,23.95,4.14,
star/j083748+054200,129.45,5.7,4.14,
star/j221612+374500,334.05002,37.75,4.14,
star/j033036+125624,52.65,12.94,4.14,
star/j153300+312136,233.25,31.36,4.14,
star/j155736+265248,239.4,26.88,4.14,
star/j214424+253900,326.1,25.65,4.14,
star/j172324+370900,260.84998,37.15,4.15,
star/j071200-002924,108.0,-0.49,4.15,
star/j234012+441948,355.05,44.33,4.15,
star/j120636-643636,181.65,-64.61,4.15,
star/j060412+231536,91.05,23.26,4.16,
star/j034912-361200,57.3,-36.2,4.17,
star/j172624-241048,261.6,-24.18,4.17,
star/j003300+625548,8.25,62.93,4.17,
star/j221648-074648,334.2,-7.78,4.17,
star/j072924+314648,112.35,31.78,4.18,
star/j141612+460524,214.05,46.09,4.18,
star/j141236-101612,213.15,-10.27,4.18,
star/j163636-351536,249.15001,-35.26,4.18,
star/j224048-270224,340.2,-27.04,4.18,
star/j184536+203300,281.4,20.55,4.19,
star/j221500+570224,333.75,57.04,4.19,
star/j224648+121012,341.7,12.17,4.19,
star/j134912-342700,207.29999,-34.45,4.19,
star/j075700-225248,119.25,-22.88,4.2,
star/j053036+055700,82.65,5.95,4.2,
star/j225548-323224,343.95,-32.54,4.2,
star/j102736+364236,156.9,36.71,4.2,
star/j163412+422624,248.54999,42.44,4.2,
star/j180524+023000,271.35,2.5,4.21,
star/j164612+820224,251.55,82.04,4.21,
star/j032848+595624,52.2,59.94,4.21,
star/j042512+221724,66.3,22.29,4.21,
star/j202924+625924,307.35,62.99,4.21,
star/j160636-364800,241.65001,-36.8,4.22,
star/j212624-652212,321.6,-65.37,4.22,
star/j162700-182736,246.75002,-18.46,4.22,
star/j075324-480600,118.35,-48.1,4.22,
star/j001948-645248,4.9500003,-64.88,4.22,
star/j034648-231500,56.7,-23.25,4.22,
star/j025024+381912,42.6,38.32,4.22,
star/j185212-621124,283.05002,-62.19,4.22,
star/j182100+712024,275.25,71.34,4.22,
star/j211724+392324,319.35,39.39,4.22,
star/j184724-044500,281.85,-4.75,4.22,
star/j204536+304312,311.4,30.72,4.22,
star/j185436+365400,283.65,36.9,4.22,
star/j231424-060300,348.6,-6.05,4.22,
star/j231536-090524,348.9,-9.09,4.22,
star/j214648+491836,326.7,49.31,4.23,
star/j134536-330224,206.40001,-33.04,4.23,
star/j160900+445548,242.25,44.93,4.23,
star/j140148+013224,210.45,1.54,4.23,
star/j074312+285248,115.799995,28.88,4.23,
star/j214348+584648,325.94998,58.78,4.23,
star/j164312-773112,250.79999,-77.52,4.23,
star/j174124-125248,265.35,-12.88,4.24,
star/j022700-474200,36.75,-47.7,4.24,
star/j024424-135136,41.1,-13.86,4.24,
star/j121836-791836,184.65001,-79.31,4.24,
star/j163112-344200,247.8,-34.7,4.24,
star/j010900+861536,17.25,86.26,4.24,
star/j040636+502100,61.65,50.35,4.25,
star/j050900-084500,77.25,-8.75,4.25,
star/j082248+431124,125.700005,43.19,4.25,
star/j214536+610712,326.4,61.12,4.25,
star/j043524+100936,68.850006,10.16,4.25,
star/j041612-512924,64.05,-51.49,4.25,
star/j043636+411536,69.15,41.26,4.25,
star/j142736+754200,216.9,75.7,4.25,
star/j125324-401048,193.35,-40.18,4.26,
star/j010936+471424,17.4,47.24,4.26,
star/j131200+275248,198.0,27.88,4.26,
star/j220336+643748,330.9,64.63,4.26,
star/j033336-213748,53.399998,-21.63,4.26,
star/j045400+662024,73.5,66.34,4.26,
star/j031948-430412,49.949997,-43.07,4.26,
star/j180148+213600,270.45,21.6,4.26,
star/j085812+115136,134.55,11.86,4.26,
star/j173636-383748,264.15002,-38.63,4.26,
star/j014536+090936,26.4,9.16,4.26,
star/j232812+062248,352.05,6.38,4.27,
star/j024500+100636,41.25,10.11,4.27,
star/j041536+085324,63.9,8.89,4.27,
star/j010300+075324,15.749999,7.89,4.27,
star/j123336+412136,188.40001,41.36,4.27,
star/j043824+123036,69.6,12.51,4.27,
star/j192324-444800,290.84998,-44.8,4.27,
star/j151836-475248,229.65001,-47.88,4.27,
star/j044200+225736,70.5,22.96,4.27,
star/j204648+160712,311.7,16.12,4.27,
star/j130712-495436,196.8,-49.91,4.27,
star/j201312+563412,303.3,56.57,4.28,
star/j033636+002400,54.149998,0.4,4.28,
star/j102700-310412,156.75,-31.07,4.28,
star/j093712+811948,144.3,81.33,4.28,
star/j042624+224836,66.6,22.81,4.28,
star/j230636-433112,346.65002,-43.52,4.28,
star/j221012+331048,332.55,33.18,4.28,
star/j172736-295212,261.9,-29.87,4.28,
star/j212212-164948,320.55002,-16.83,4.28,
star/j154348+774724,235.95,77.79,4.29,
star/j220636-135212,331.65002,-13.87,4.29,
star/j163112-163636,247.8,-16.61,4.29,
star/j115248-335436,178.2,-33.91,4.29,
star/j233824+431612,354.59998,43.27,4.29,
star/j223148-322100,337.95,-32.35,4.29,
star/j051948-131048,79.95,-13.18,4.29,
star/j103936-553600,159.9,-55.6,4.29,
star/j123148-161200,187.95,-16.2,4.3,
star/j005848-292136,14.700001,-29.36,4.3,
star/j114948-634724,177.45,-63.79,4.3,
star/j084312+032400,130.8,3.4,4.3,
star/j142024-562324,215.1,-56.39,4.3,
star/j042512+175548,66.3,17.93,4.3,
star/j022812+082736,37.05,8.46,4.3,
star/j060000+455624,90.0,45.94,4.3,
star/j113712-004912,174.3,-0.82,4.3,
star/j034836-373712,57.149998,-37.62,4.3,
star/j201724-123036,304.35,-12.51,4.3,
star/j034500+242812,56.25,24.47,4.3,
star/j105548+244500,163.95001,24.75,4.3,
star/j142700-834012,216.75,-83.67,4.31,
star/j160712-205212,241.80002,-20.87,4.31,
star/j084048-594536,130.20001,-59.76,4.31,
star/j203824-010636,309.59998,-1.11,4.31,
star/j152436+372248,231.15,37.38,4.31,
star/j084612-133300,131.55,-13.55,4.32,
star/j044012-194012,70.05,-19.67,4.32,
star/j172100-125100,260.25,-12.85,4.32,
star/j120300-631836,180.75,-63.31,4.32,
star/j061536+293000,93.9,29.5,4.32,
star/j093148+225812,142.95,22.97,4.32,
star/j135136-325924,207.9,-32.99,4.32,
star/j033636+481124,54.149998,48.19,4.32,
star/j145136-433448,222.9,-43.58,4.32,
star/j053224+183524,83.1,18.59,4.32,
star/j072812+085548,112.049995,8.93,4.33,
star/j111800+313224,169.5,31.54,4.33,
star/j180824-634012,272.09998,-63.67,4.33,
star/j142624-452248,216.59999,-45.38,4.33,
star/j181948+360336,274.95,36.06,4.33,
star/j125324-485624,193.35,-48.94,4.33,
star/j082024-772848,125.100006,-77.48,4.34,
star/j063148-232512,97.950005,-23.42,4.34,
star/j054500-654424,86.25,-65.74,4.34,
star/j003824+291836,9.599999,29.31,4.34,
star/j214424+172100,326.1,17.35,4.34,
star/j140148-453600,210.45,-45.6,4.34,
star/j172624+040824,261.6,4.14,4.34,
star/j091612-573224,139.05,-57.54,4.34,
star/j003636+334312,9.150001,33.72,4.34,
star/j184648+181048,281.7,18.18,4.34,
star/j093636-492136,144.15,-49.36,4.34,
star/j153748-423412,234.45,-42.57,4.34,
star/j184500+373636,281.25,37.61,4.34,
star/j011048+550900,17.699999,55.15,4.34,
star/j222924+474236,337.35,47.71,4.34,
star/j191612+380748,289.05002,38.13,4.35,
star/j214500-330148,326.25,-33.03,4.35,
star/j182324-612924,275.84998,-61.49,4.35,
star/j151800-300900,229.5,-30.15,4.35,
star/j063448-525848,98.7,-52.98,4.35,
star/j045024+085400,72.600006,8.9,4.35,
star/j122700+281612,186.75,28.27,4.35,
star/j031124+194348,47.850002,19.73,4.35,
star/j173224+863524,263.1,86.59,4.35,
star/j080748-683712,121.950005,-68.62,4.35,
star/j084836+055024,132.15001,5.84,4.35,
star/j065700+582512,104.25,58.42,4.35,
star/j055736-351648,89.4,-35.28,4.36,
star/j140600-411048,211.5,-41.18,4.36,
star/j193636-011724,294.15002,-1.29,4.36,
star/j003148-625736,7.95,-62.96,4.36,
star/j033036+480000,52.65,48.0,4.36,
star/j051312-125624,78.299995,-12.94,4.36,
star/j040448+220448,61.199997,22.08,4.36,
star/j080824-025848,122.100006,-2.98,4.36,
star/j021312+085100,33.3,8.85,4.36,
star/j004312-572736,10.8,-57.46,4.36,
star/j065624-170300,104.1,-17.05,4.36,
star/j045248-052700,73.200005,-5.45,4.36,
star/j071836-245700,109.65,-24.95,4.37,
star/j110000-421348,165.0,-42.23,4.37,
star/j000148-060036,0.45,-6.01,4.37,
star/j061648-350824,94.200005,-35.14,4.37,
star/j180900+204836,272.25,20.81,4.37,
star/j200000-351648,300.0,-35.28,4.37,
star/j200900+774236,302.25,77.71,4.38,
star/j233300-374912,353.25,-37.82,4.38,
star/j232548-203824,351.45,-20.64,4.38,
star/j131012-053224,197.55,-5.54,4.38,
star/j034948+653148,57.449997,65.53,4.39,
star/j165400+101012,253.5,10.17,4.39,
star/j080224+021948,120.6,2.33,4.39,
star/j015324-461800,28.35,-46.3,4.39,
star/j194048+172848,295.2,17.48,4.39,
star/j053448+092924,83.7,9.49,4.39,
star/j150300+020524,225.75,2.09,4.39,
star/j194012+180036,295.05,18.01,4.39,
star/j100748+100000,151.95,10.0,4.39,
star/j062400+043524,96.0,4.59,4.39,
star/j074800-255624,117.0,-25.94,4.4,
star/j215812-545924,329.55,-54.99,4.4,
star/j055436+201648,88.649994,20.28,4.4,
star/j185700-671348,284.25,-67.23,4.4,
star/j080900-191500,122.24999,-19.25,4.4,
star/j005700+232512,14.25,23.42,4.4,
star/j211800+345400,319.5,34.9,4.41,
star/j173036+260636,262.65,26.11,4.41,
star/j064948-533712,102.45,-53.62,4.41,
star/j142248-393036,215.7,-39.51,4.41,
star/j071124+301500,107.85,30.25,4.41,
star/j231800-091048,349.5,-9.18,4.41,
star/j230748+752324,346.94998,75.39,4.41,
star/j231836-323148,349.65,-32.53,4.41,
star/j172100-210636,260.25,-21.11,4.41,
star/j175848+301124,269.69998,30.19,4.41,
star/j060748+144612,91.950005,14.77,4.42,
star/j081348-402100,123.45,-40.35,4.42,
star/j071348-443824,108.45,-44.64,4.42,
star/j180148+011836,270.45,1.31,4.42,
star/j222324+521348,335.84998,52.23,4.42,
star/j232512+232400,351.3,23.4,4.42,
star/j063748-181424,99.450005,-18.24,4.42,
star/j110224+201048,165.6,20.18,4.42,
star/j145024-275736,222.6,-27.96,4.42,
star/j071424-262100,108.6,-26.35,4.42,
star/j202400+321124,306.0,32.19,4.43,
star/j204800-050148,312.0,-5.03,4.43,
star/j200224-274236,300.6,-27.71,4.43,
star/j204312+150412,310.8,15.07,4.43,
star/j045700+534500,74.25,53.75,4.43,
star/j041500-073824,63.75,-7.64,4.43,
star/j154612+072100,236.55,7.35,4.43,
star/j034612-120600,56.55,-12.1,4.43,
star/j191348+390900,288.44998,39.15,4.43,
star/j192848+244012,292.19998,24.67,4.44,
star/j143224-502736,218.1,-50.46,4.44,
star/j004836+073524,12.15,7.59,4.44,
star/j041612-591800,64.05,-59.3,4.44,
star/j061948+590036,94.95,59.01,4.44,
star/j081124-393712,122.84999,-39.62,4.44,
star/j044048-415136,70.2,-41.86,4.44,
star/j001424-185548,3.6,-18.93,4.44,
star/j090000-411500,135.0,-41.25,4.45,
star/j014124+052924,25.35,5.49,4.45,
star/j103524-573336,158.85,-57.56,4.45,
star/j024912-322436,42.3,-32.41,4.45,
star/j081836-363936,124.65001,-36.66,4.45,
star/j083900+032024,129.75,3.34,4.45,
star/j104536-803224,161.40001,-80.54,4.45,
star/j051200-115212,78.0,-11.87,4.45,
star/j111648-033900,169.2,-3.65,4.45,
star/j163224-212812,248.1,-21.47,4.45,
star/j193412+072248,293.55,7.38,4.45,
star/j073412-221800,113.55,-22.3,4.45,
star/j061200+141236,93.0,14.21,4.45,
star/j191536+732136,288.9,73.36,4.45,
star/j035400-025700,58.5,-2.95,4.46,
star/j162700-473300,246.75002,-47.55,4.46,
star/j143448+294424,218.7,29.74,4.46,
star/j024500-183412,41.25,-18.57,4.46,
star/j120748-503936,181.95,-50.66,4.46,
star/j051312+025136,78.299995,2.86,4.46,
star/j022848+672400,37.2,67.4,4.46,
star/j032024+290300,50.1,29.05,4.47,
star/j075812-491424,119.549995,-49.24,4.47,
star/j090524-723600,136.35,-72.6,4.47,
star/j063300+071948,98.25,7.33,4.47,
star/j220600-393224,331.5,-39.54,4.47,
star/j045848+014236,74.7,1.71,4.47,
star/j062812-323448,97.049995,-32.58,4.47,
star/j115100-451012,177.75,-45.17,4.47,
star/j092436+261048,141.15,26.18,4.47,
star/j093448+520300,143.7,52.05,4.47,
star/j100712+351424,151.8,35.24,4.48,
star/j100748-002212,151.95,-0.37,4.48,
star/j042624+153712,66.6,15.62,4.48,
star/j090900+513600,137.25,51.6,4.48,
star/j111124-224948,167.84999,-22.83,4.48,
star/j193636+501312,294.15002,50.22,4.48,
star/j071236-464536,108.15,-46.76,4.48,
star/j064800+022436,102.0,2.41,4.48,
star/j234236-143224,355.65,-14.54,4.48,
star/j162400-200224,246.0,-20.04,4.48,
star/j040036-620936,60.15,-62.16,4.48,
star/j230636-234424,346.65002,-23.74,4.48,
star/j004500+481648,11.25,48.28,4.48,
star/j152324-591912,230.85,-59.32,4.48,
star/j230336+034912,345.9,3.82,4.48,
star/j043336-294612,68.4,-29.77,4.49,
star/j240000-653448,360.0,-65.58,4.49,
star/j210712-250036,316.80002,-25.01,4.49,
star/j145700-042100,224.25,-4.35,4.49,
star/j064348+131348,100.95,13.23,4.49,
star/j020148+705436,30.449999,70.91,4.49,
star/j075248-385136,118.200005,-38.86,4.49,
star/j234200+014648,355.5,1.78,4.49,
star/j144048+162512,220.20001,16.42,4.49,
star/j054948-561012,87.45,-56.17,4.5,
star/j210936-112212,317.4,-11.37,4.5,
star/j220824-325924,332.09998,-32.99,4.5,
star/j053900+040712,84.75,4.12,4.5,
star/j224048+441648,340.2,44.28,4.5,
star/j134724+172736,206.85,17.46,4.5,
star/j201536+274836,303.9,27.81,4.5,
star/j225248-325248,343.19998,-32.88,4.5,
star/j212848-214836,322.19998,-21.81,4.5,
star/j102100-560224,155.25,-56.04,4.5,
star/j211948-532700,319.95,-53.45,4.5,
star/j084648-564612,131.7,-56.77,4.5,
star/j114800+201312,177.0,20.22,4.5,
star/j221348+394236,333.44998,39.71,4.5,
star/j011124+300524,17.85,30.09,4.51,
star/j204348-515512,310.94998,-51.92,4.51,
star/j093936-611948,144.9,-61.33,4.51,
star/j092924-355700,142.34999,-35.95,4.51,
star/j204536+573448,311.4,57.58,4.51,
star/j001836+364724,4.65,36.79,4.51,
star/j154124+194012,235.34999,19.67,4.51,
star/j213712-192812,324.30002,-19.47,4.51,
star/j235436+573000,358.65,57.5,4.51,
star/j054912+391048,87.3,39.18,4.51,
star/j222736-645812,336.9,-64.97,4.51,
star/j200300+675212,300.75,67.87,4.51,
star/j141912-132212,214.79999,-13.37,4.52,
star/j213000+233824,322.5,23.64,4.52,
star/j231236+492436,348.15,49.41,4.52,
star/j024800+291500,42.0,29.25,4.52,
star/j150412+265700,226.04999,26.95,4.52,
star/j192136-155736,290.40002,-15.96,4.52,
star/j132400-643224,201.0,-64.54,4.52,
star/j181124-455700,272.85,-45.95,4.52,
star/j132248-605924,200.7,-60.99,4.52,
star/j223036+430712,337.65,43.12,4.52,
star/j141312+514724,213.3,51.79,4.53,
star/j073712-345812,114.299995,-34.97,4.53,
star/j060000-030412,90.0,-3.07,4.53,
star/j174724-274948,266.85,-27.83,4.53,
star/j003148-625812,7.95,-62.97,4.53,
star/j172624-050524,261.6,-5.09,4.53,
star/j004948+410448,12.45,41.08,4.53,
star/j204724+362924,311.85,36.49,4.53,
star/j093148-011048,142.95,-1.18,4.54,
star/j093412+362400,143.54999,36.4,4.54,
star/j195700-271012,299.25,-27.17,4.54,
star/j151200-194724,228.0,-19.79,4.54,
star/j063448-225736,98.7,-22.96,4.54,
star/j152324-365136,230.85,-36.86,4.54,
star/j051800+332212,79.5,33.37,4.54,
star/j232924+124536,352.35,12.76,4.54,
star/j230712+092436,346.80002,9.41,4.54,
star/j050412-352848,76.05,-35.48,4.55,
star/j095212+540336,148.05,54.06,4.55,
star/j070000+765848,105.0,76.98,4.55,
star/j222100+463224,335.25,46.54,4.55,
star/j153600-445736,234.0,-44.96,4.55,
star/j162024-241012,245.1,-24.17,4.55,
star/j222436+492848,336.15,49.48,4.55,
star/j033000+585248,52.5,58.88,4.55,
star/j000336-172024,0.9,-17.34,4.55,
star/j180748-282736,271.94998,-28.46,4.55,
star/j214200+711836,325.5,71.31,4.55,
star/j073000+120036,112.5,12.01,4.55,
star/j173524-463036,263.85,-46.51,4.56,
star/j111500+230600,168.75,23.1,4.56,
star/j035848-612400,59.7,-61.4,4.56,
star/j025136+350336,42.899998,35.06,4.56,
star/j055324+273636,88.35,27.61,4.56,
star/j210636+473900,316.65002,47.65,4.56,
star/j090636+382700,136.65,38.45,4.56,
star/j142624-451312,216.59999,-45.22,4.56,
star/j093412+694948,143.54999,69.83,4.56,
star/j190824-403000,287.09998,-40.5,4.57,
star/j162512+140148,246.3,14.03,4.57,
star/j195324+240448,298.34998,24.08,4.57,
star/j185436+223900,283.65,22.65,4.57,
star/j033712-401612,54.3,-40.27,4.57,
star/j162548-232700,246.45001,-23.45,4.57,
star/j095136-463300,147.9,-46.55,4.58,
star/j053524-045024,83.850006,-4.84,4.58,
star/j161236-275548,243.15,-27.93,4.58,
star/j173748-080712,264.44998,-8.12,4.58,
star/j205212+270600,313.05002,27.1,4.58,
star/j131200-595512,198.0,-59.92,4.58,
star/j232024+234424,350.1,23.74,4.58,
star/j135136+644312,207.9,64.72,4.58,
star/j174200+720900,265.5,72.15,4.58,
star/j104348-603412,160.95,-60.57,4.58,
star/j034236-371836,55.65,-37.31,4.59,
star/j004124-460524,10.35,-46.09,4.59,
star/j154948+260412,237.45,26.07,4.59,
star/j101948-550148,154.95,-55.03,4.59,
star/j111236-601912,168.15,-60.32,4.59,
star/j234912-280748,357.3,-28.13,4.59,
star/j193636-245248,294.15002,-24.88,4.59,
star/j155324-251948,238.35,-25.33,4.59,
star/j184424+393636,281.1,39.61,4.59,
star/j035024+711948,57.6,71.33,4.59,
star/j084012+641948,130.05,64.33,4.59,
star/j052700+030600,81.75,3.1,4.59,
star/j105700-370824,164.25,-37.14,4.6,
star/j100524-130336,151.35,-13.06,4.6,
star/j144500+165736,221.25,16.96,4.6,
star/j192024+654236,290.1,65.71,4.6,
star/j041800+501800,64.5,50.3,4.6,
star/j092924-024612,142.34999,-2.77,4.6,
star/j152512-384348,231.3,-38.73,4.6,
star/j153412-100336,233.54999,-10.06,4.61,
star/j000524-054236,1.35,-5.71,4.61,
star/j080000-182400,120.0,-18.4,4.61,
star/j155248+422700,238.2,42.45,4.61,
star/j001648+384048,4.2,38.68,4.61,
star/j031124+393636,47.850002,39.61,4.61,
star/j015324+031124,28.35,3.19,4.61,
star/j072700+491236,111.75,49.21,4.61,
star/j203412+351500,308.55,35.25,4.61,
star/j183336-421836,278.4,-42.31,4.62,
star/j053148-071800,82.950005,-7.3,4.62,
star/j050300+213524,75.75,21.59,4.62,
star/j005624+591048,14.1,59.18,4.62,
star/j113448-541536,173.7,-54.26,4.62,
star/j125436-590900,193.65,-59.15,4.62,
star/j185624+041200,284.1,4.2,4.62,
star/j124612-562924,191.55,-56.49,4.62,
star/j110448+072024,166.2,7.34,4.62,
star/j110636-622512,166.65,-62.42,4.62,
star/j162736-082212,246.9,-8.37,4.62,
star/j090748-255136,136.95,-25.86,4.62,
star/j180036-034124,270.15,-3.69,4.62,
star/j091536-372436,138.90001,-37.41,4.62,
star/j040000-240112,60.0,-24.02,4.62,
star/j145736+655548,224.4,65.93,4.63,
star/j025924+212024,44.85,21.34,4.63,
star/j183112-621648,277.80002,-62.28,4.63,
star/j084348-071348,130.95,-7.23,4.63,
star/j074348-282436,115.95,-28.41,4.63,
star/j123936-395924,189.9,-39.99,4.63,
star/j134048+544048,205.20001,54.68,4.63,
star/j075248-493636,118.200005,-49.61,4.63,
star/j155100-254500,237.75,-25.75,4.63,
star/j185100+592324,282.75,59.39,4.63,
star/j235736+250824,359.4,25.14,4.63,
star/j160336-574612,240.9,-57.77,4.63,
star/j154124-443936,235.34999,-44.66,4.64,
star/j223712+513300,339.30002,51.55,4.64,
star/j045436+100900,73.649994,10.15,4.64,
star/j060412+200824,91.05,20.14,4.64,
star/j180712+084348,271.80002,8.73,4.64,
star/j153936+363824,234.9,36.64,4.64,
star/j203524+144012,308.85,14.67,4.64,
star/j192624+002024,291.6,0.34,4.64,
star/j035400-243636,58.5,-24.61,4.64,
star/j134648-512548,206.7,-51.43,4.64,
star/j164948-104648,252.45,-10.78,4.64,
star/j171724+371724,259.35,37.29,4.64,
star/j230412+500300,346.05,50.05,4.64,
star/j071836-364348,109.65,-36.73,4.65,
star/j073524-282212,113.850006,-28.37,4.65,
star/j043336+145024,68.4,14.84,4.65,
star/j055400-630524,88.5,-63.09,4.65,
star/j073036-305736,112.65,-30.96,4.65,
star/j093036-402812-2,142.65001,-40.47,4.65,
star/j120036+063636,180.15001,6.61,4.65,
star/j024312+274236,40.8,27.71,4.65,
star/j160300-491348,240.74998,-49.23,4.65,
star/j102736-573824,156.9,-57.64,4.65,
star/j050448+152400,76.2,15.4,4.65,
star/j090524-703224,136.35,-70.54,4.66,
star/j123900-080000,189.75,-8.0,4.66,
star/j071648-275248,109.200005,-27.88,4.66,
star/j065548-200824,103.95,-20.14,4.66,
star/j182324-085548,275.84998,-8.93,4.66,
star/j064048+095400,100.2,9.9,4.66,
star/j153936-342436,234.9,-34.41,4.66,
star/j180448-293448,271.2,-29.58,4.66,
star/j105400+431124,163.5,43.19,4.66,
star/j124236-484836,190.65,-48.81,4.66,
star/j181800-270224,274.5,-27.04,4.66,
star/j084312+212812,130.8,21.47,4.66,
star/j200112+274500,300.30002,27.75,4.66,
star/j011124+210148,17.85,21.03,4.66,
star/j041500+402848,63.75,40.48,4.67,
star/j180000+164500,270.0,16.75,4.67,
star/e_lyrae,281.1,39.67,4.67,e Lyrae
star/j210112-321536,315.30002,-32.26,4.67,
star/j091048+633036,137.70001,63.51,4.67,
star/j182924-143412,277.35,-14.57,4.67,
star/j081200+173900,123.0,17.65,4.67,
star/j014948-104124,27.45,-10.69,4.67,
star/j043900+155512,69.75,15.92,4.67,
star/j032924+493036,52.35,49.51,4.67,
star/j060600-145624,91.5,-14.94,4.67,
star/j011348+243448,18.45,24.58,4.67,
star/j025848+393936,44.7,39.66,4.68,
star/j162024-784200,245.1,-78.7,4.68,
star/j013412+591348,23.550001,59.23,4.68,
star/j020412-291800,31.05,-29.3,4.68,
star/j085624-524312,134.09999,-52.72,4.68,
star/j093824+043900,144.6,4.65,4.68,
star/j015512-673900,28.8,-67.65,4.68,
star/j133148-061536,202.95,-6.26,4.68,
star/j224348-184948,340.94998,-18.83,4.68,
star/j213748-075100,324.44998,-7.85,4.68,
star/j103900+315848,159.75,31.98,4.68,
star/j193936+300900,294.9,30.15,4.68,
star/j100000+080224,150.0,8.04,4.68,
star/j193224+694012,293.1,69.67,4.68,
star/j133412+490112,203.54999,49.02,4.68,
star/j080112-012324,120.3,-1.39,4.69,
star/j220300-564648,330.75,-56.78,4.69,
star/j233448-423712,353.7,-42.62,4.69,
star/j074836-470448,117.15,-47.08,4.69,
star/j103900-591048,159.75,-59.18,4.69,
star/j042624+144236,66.6,14.71,4.69,
star/j214200+511124,325.5,51.19,4.69,
star/j124536-605848,191.40001,-60.98,4.69,
star/j073824-252136,114.6,-25.36,4.69,
star/j233300-205436,353.25,-20.91,4.7,
star/j195548-261800,298.95,-26.3,4.7,
star/j184200-090300,280.5,-9.05,4.7,
star/j211012+100748,317.55,10.13,4.7,
star/j052024-211424,80.100006,-21.24,4.7,
star/j113636-094800,174.15,-9.8,4.7,
star/j225436+842100,343.65,84.35,4.7,
star/j145136+190600,222.9,19.1,4.7,
star/j165400-422136,253.5,-42.36,4.7,
star/j114012-344424,175.05,-34.74,4.7,
star/j053000-010524,82.5,-1.09,4.71,
star/j092324-284948,140.85,-28.83,4.71,
star/j195400+082736,298.5,8.46,4.71,
star/j211800-321012,319.5,-32.17,4.71,
star/j051912+400600,79.8,40.1,4.71,
star/j050524-572812,76.350006,-57.47,4.71,
star/j114500-182100,176.25,-18.35,4.71,
star/j135736-634124,209.4,-63.69,4.71,
star/j045248+141500,73.200005,14.25,4.71,
star/j030000+085436,45.0,8.91,4.71,
star/j092136-255812,140.4,-25.97,4.71,
star/j130600-482736,196.5,-48.46,4.71,
star/j053300+321124,83.25,32.19,4.71,
star/j032924-625624,52.35,-62.94,4.71,
star/j171648-002700,259.2,-0.45,4.72,
star/j102548+334800,156.45001,33.8,4.72,
star/j160636-451012,241.65001,-45.17,4.72,
star/j160300+460224,240.74998,46.04,4.72,
star/j122100+174724,185.25,17.79,4.72,
star/j055100+371836,87.75,37.31,4.72,
star/j131724+403412,199.35,40.57,4.72,
star/j103300+402548,158.25,40.43,4.72,
star/j120412-631012,181.04999,-63.17,4.72,
star/j092736-222024,141.9,-22.34,4.72,
star/j061012-545812,92.55,-54.97,4.72,
star/j214236-185212,325.65,-18.87,4.72,
star/j052136-002248,80.4,-0.38,4.72,
star/j103036-715924,157.65001,-71.99,4.72,
star/j012548+680748,21.449999,68.13,4.72,
star/j081124-125548,122.84999,-12.93,4.72,
star/j110148-022848,165.45,-2.48,4.73,
star/j160900+362924,242.25,36.49,4.73,
star/j205248-085848,313.19998,-8.98,4.73,
star/j022548+501648,36.45,50.28,4.73,
star/j081124-425924,122.84999,-42.99,4.73,
star/j031948+653900,49.949997,65.65,4.74,
star/j033036-050448,52.65,-5.08,4.74,
star/j155100+205848,237.75,20.98,4.74,
star/j084124-471912,130.34999,-47.32,4.74,
star/j233748-452924,354.44998,-45.49,4.74,
star/j011912+271536,19.800001,27.26,4.74,
star/j023148-151424,37.95,-15.24,4.74,
star/j141012-532624,212.55,-53.44,4.74,
star/j003148+543112,7.95,54.52,4.74,
star/j023936-425324,39.9,-42.89,4.74,
star/j193148+342700,292.95,34.45,4.74,
star/j065436+131048,103.649994,13.18,4.74,
star/j210000+473112,315.0,47.52,4.74,
star/j090224+673748,135.6,67.63,4.74,
star/j131836-181836,199.65001,-18.31,4.74,
star/j190300-420524,285.75,-42.09,4.74,
star/j180000-234912,270.0,-23.82,4.74,
star/j220336-020936,330.9,-2.16,4.74,
star/j135324-315548,208.35,-31.93,4.75,
star/j141612+512212,214.05,51.37,4.75,
star/j071424-481612,108.6,-48.27,4.75,
star/j203524-603448,308.85,-60.58,4.75,
star/j231836+680636,349.65,68.11,4.75,
star/j154200-194048,235.5,-19.68,4.75,
star/j154236-344236,235.65,-34.71,4.75,
star/j132736-155812,201.9,-15.97,4.75,
star/j114800-664836,177.0,-66.81,4.75,
star/j213748+620448,324.44998,62.08,4.76,
star/j172212-674612,260.55002,-67.77,4.76,
star/j055212+015136,88.049995,1.86,4.76,
star/j135136+342624,207.9,34.44,4.76,
star/j025024-750412,42.6,-75.07,4.76,
star/j230712+252812,346.80002,25.47,4.76,
star/j080900-611800,122.24999,-61.3,4.76,
star/j191612+212324,289.05002,21.39,4.76,
star/j075736-301948,119.4,-30.33,4.76,
star/j125848+172436,194.7,17.41,4.76,
star/j111912+381124,169.79999,38.19,4.76,
star/j025100-210000,42.75,-21.0,4.76,
star/j142248-582736,215.7,-58.46,4.76,
star/j094124-233524,145.34999,-23.59,4.76,
star/j003112-484800,7.7999997,-48.8,4.76,
star/j122400+513336,186.0,51.56,4.76,
star/j104200-642812,160.5,-64.47,4.76,
star/j061836+691912,94.65,69.32,4.76,
star/j183224+570300,278.1,57.05,4.77,
star/j004424-103636,11.1,-10.61,4.77,
star/j174012-492512,265.05,-49.42,4.77,
star/j202024-124536,305.1,-12.76,4.77,
star/j030524+564236,46.35,56.71,4.77,
star/j113036-030000,172.65001,-3.0,4.77,
star/j200336-375624,300.9,-37.94,4.77,
star/j091948-115812,139.95,-11.97,4.77,
star/j201800+380148,304.5,38.03,4.77,
star/j125436-093224,193.65,-9.54,4.77,
star/j064724+080224,101.85,8.04,4.77,
star/j224724+830900,341.85,83.15,4.77,
star/j142100-451124,215.25,-45.19,4.78,
star/j081312-355400,123.3,-35.9,4.78,
star/j175024-400524,267.6,-40.09,4.78,
star/j050000-123224,75.0,-12.54,4.78,
star/j034612+632100,56.55,63.35,4.78,
star/j005248-010824,13.2,-1.14,4.78,
star/j184536-645212,281.4,-64.87,4.78,
star/j222736+044200,336.9,4.7,4.78,
star/j000148-770412,0.45,-77.07,4.78,
star/j214424+284424,326.1,28.74,4.78,
star/j020824+375136,32.100002,37.86,4.78,
star/j142248-274500,215.7,-27.75,4.78,
star/j080824+513036,122.100006,51.51,4.78,
star/j122248+255100,185.7,25.85,4.78,
star/j043036+161124,67.65,16.19,4.78,
star/j053448-060000,83.7,-6.0,4.78,
star/j202848-174836,307.19998,-17.81,4.78,
star/j131724+052812,199.35,5.47,4.78,
star/j173112-235736,262.80002,-23.96,4.78,
star/j222136+281948,335.40002,28.33,4.78,
star/j220936+722024,332.4,72.34,4.79,
star/j163000-250712,247.5,-25.12,4.79,
star/j092100-622400,140.25,-62.4,4.79,
star/j082248-482924,125.700005,-48.49,4.79,
star/j155100+353936,237.75,35.66,4.79,
star/j201500+253524,303.75,25.59,4.79,
star/j174912-314200,267.3,-31.7,4.79,
star/j001424+201236,3.6,20.21,4.79,
star/j131500-675324,198.75,-67.89,4.79,
star/j221536-412100,333.9,-41.35,4.79,
star/j045248+364200,73.200005,36.7,4.79,
star/j015812+233600,29.550001,23.6,4.79,
star/j180000+042212,270.0,4.37,4.79,
star/j092024-093336,140.1,-9.56,4.8,
star/j004200+503036,10.5,50.51,4.8,
star/j161800-283636,244.49998,-28.61,4.8,
star/j212100-404836,320.25,-40.81,4.8,
star/j050112-071012,75.3,-7.17,4.8,
star/j042136+463000,65.4,46.5,4.8,
star/j224200+291836,340.5,29.31,4.8,
star/j201312+464912,303.3,46.82,4.8,
star/j150224+250036,225.6,25.01,4.8,
star/j130712+273712,196.8,27.62,4.8,
star/j063936+422924,99.899994,42.49,4.8,
star/j222512+012248,336.3,1.38,4.8,
star/j111800+313224-2,169.5,31.54,4.8,
star/j144312+263148,220.8,26.53,4.8,
star/j141800+353036,214.5,35.51,4.8,
star/j173712+684536,264.30002,68.76,4.8,
star/j123448+223748,188.7,22.63,4.8,
star/j042400+172624,66.0,17.44,4.8,
star/j031536-084912,48.9,-8.82,4.8,
star/j140900+773300,212.25,77.55,4.8,
star/j053900-071236,84.75,-7.21,4.8,
star/j205324+442324,313.34998,44.39,4.8,
star/j104424-635736,161.09999,-63.96,4.8,
star/j171724+330600,259.35,33.1,4.8,
star/j101948+192812,154.95,19.47,4.81,
star/j093448+393712,143.7,39.62,4.81,
star/j182512-203224,276.3,-20.54,4.81,
star/j080036-633412,120.15,-63.57,4.81,
star/j112436-105136,171.15,-10.86,4.81,
star/j051348-671124,78.45,-67.19,4.81,
star/j203824+211200,309.59998,21.2,4.81,
star/j204912+460636,312.3,46.11,4.81,
star/j050936+153600,77.399994,15.6,4.81,
star/j051724-345324,79.35,-34.89,4.81,
star/j055812+255700,89.549995,25.95,4.81,
star/j015700-472324,29.25,-47.39,4.82,
star/j185436+711800,283.65,71.3,4.82,
star/j222136+121236,335.40002,12.21,4.82,
star/j122624-512700,186.59999,-51.45,4.82,
star/j231800+490112,349.5,49.02,4.82,
star/j005248+610712,13.2,61.12,4.82,
star/j051312+382848,78.299995,38.48,4.82,
star/j182548+653336,276.45,65.56,4.82,
star/j065324-201312,103.35,-20.22,4.82,
star/j223036-104048,337.65,-10.68,4.82,
star/j234200-174912,355.5,-17.82,4.82,
star/j031912+032212,49.8,3.37,4.82,
star/j063900-140900,99.75,-14.15,4.82,
star/j160224+224800,240.6,22.8,4.82,
star/j162212+010148,245.55002,1.03,4.82,
star/j102212-413900,155.55,-41.65,4.82,
star/j133712+361724,204.3,36.29,4.82,
star/j170112-041312,255.3,-4.22,4.82,
star/j164912+455848,252.29999,45.98,4.82,
star/j073336-143112,113.4,-14.52,4.82,
star/j024536-673712,41.4,-67.62,4.83,
star/j162848+415248,247.2,41.88,4.83,
star/j070900-393936,107.25,-39.66,4.83,
star/j185700-055100,284.25,-5.85,4.83,
star/j185848-370636,284.69998,-37.11,4.83,
star/j071648-231912,109.200005,-23.32,4.83,
star/j091612+540112,139.05,54.02,4.83,
star/j005512+585812,13.8,58.97,4.83,
star/j151236-443000,228.15,-44.5,4.83,
star/j012736+452436,21.900002,45.41,4.83,
star/j130336-493148,195.90001,-49.53,4.83,
star/j082136-330300,125.399994,-33.05,4.83,
star/j141012+250524,212.55,25.09,4.83,
star/j142812-021348,217.05,-2.23,4.83,
star/j170448-340712,256.2,-34.12,4.83,
star/j084236-530636,130.65,-53.11,4.83,
star/j184612+263936,281.55002,26.66,4.83,
star/j021312+441348,33.3,44.23,4.84,
star/j103036+555848,157.65001,55.98,4.84,
star/j224536-533000,341.4,-53.5,4.84,
star/j041348+091536,63.45,9.26,4.84,
star/j164048+643524,250.20001,64.59,4.84,
star/j110036+033712,165.15001,3.62,4.84,
star/j083524-580036,128.85,-58.01,4.84,
star/j224312-412436,340.8,-41.41,4.84,
star/j160412-112212,241.04999,-11.37,4.84,
star/j091012+670748,137.55,67.13,4.84,
star/j195848-261200,299.69998,-26.2,4.84,
star/j163224+112924,248.1,11.49,4.84,
star/j013000+060824,22.5,6.14,4.84,
star/j141948+161836,214.95,16.31,4.84,
star/j054124+163148,85.35,16.53,4.84,
star/j073936-381836,114.899994,-38.31,4.84,
star/j114500+081536,176.25,8.26,4.84,
star/j230636+592512,346.65002,59.42,4.84,
star/j164500+564648,251.25,56.78,4.85,
star/j151724-633636,229.35,-63.61,4.85,
star/j182100+032248,275.25,3.38,4.85,
star/j100900-514836,152.25,-51.81,4.85,
star/j031200+742324,48.0,74.39,4.85,
star/j073000-230112,112.5,-23.02,4.85,
star/j031836+341312,49.649998,34.22,4.85,
star/j131200-374800,198.0,-37.8,4.85,
star/j175700-442024,269.25,-44.34,4.85,
star/j185812-525624,284.55,-52.94,4.85,
star/j031836-223036,49.649998,-22.51,4.86,
star/j131724-664648,199.35,-66.78,4.86,
star/j184424-353824,281.1,-35.64,4.86,
star/j220524+050336,331.35,5.06,4.86,
star/j173224+551012,263.1,55.17,4.86,
star/j142324+082700,215.85,8.45,4.86,
star/j002812-330036,7.05,-33.01,4.86,
star/j163900+485548,249.75,48.93,4.86,
star/j083936-293336,129.9,-29.56,4.86,
star/j191536-251536,288.9,-25.26,4.86,
star/j163412-440300,248.54999,-44.05,4.86,
star/j185400-224424,283.5,-22.74,4.86,
star/j064612+592624,101.55,59.44,4.86,
star/j144124+080936,220.34999,8.16,4.86,
star/j103448+754236,158.7,75.71,4.86,
star/j203748-613148,309.44998,-61.53,4.86,
star/j162212+305324,245.55002,30.89,4.86,
star/j174312-214048,265.8,-21.68,4.87,
star/j084200-155624,130.5,-15.94,4.87,
star/j012212+453148,20.55,45.53,4.87,
star/j103712-272436,159.3,-27.41,4.87,
star/j194612-194536,296.55002,-19.76,4.87,
star/j021648+341312,34.2,34.22,4.87,
star/j023600+053524,39.0,5.59,4.87,
star/j071312-451048,108.299995,-45.18,4.87,
star/j031500+210224,48.75,21.04,4.87,
star/j085548-274048,133.95001,-27.68,4.87,
star/j095400-255548,148.5,-25.93,4.87,
star/j190636-370336,286.65002,-37.06,4.87,
star/j041424-101536,63.6,-10.26,4.87,
star/j104648-642248,161.7,-64.38,4.87,
star/j213448+383148,323.7,38.53,4.87,
star/j184348-081648,280.94998,-8.28,4.88,
star/j071836-243336,109.65,-24.56,4.88,
star/j130000+304724,195.0,30.79,4.88,
star/j235848-033336,359.69998,-3.56,4.88,
star/j115924-781312,179.84999,-78.22,4.88,
star/j175736-414312,269.4,-41.72,4.88,
star/j193524-480600,293.85,-48.1,4.88,
star/j191724-185700,289.35,-18.95,4.88,
star/j052736+215624,81.9,21.94,4.88,
star/j124200+101424,190.5,10.24,4.88,
star/j234648+583900,356.7,58.65,4.88,
star/j054912+243412,87.3,24.57,4.88,
star/j055324-334800,88.35,-33.8,4.88,
star/j022548-121724,36.45,-12.29,4.88,
star/j235848+554500,359.69998,55.75,4.88,
star/j001124-152812,2.85,-15.47,4.89,
star/j115136-651236,177.9,-65.21,4.89,
star/j054948+123900,87.45,12.65,4.89,
star/j052436+015100,81.149994,1.85,4.89,
star/j233000+583300,352.5,58.55,4.89,
star/j165548+650748,253.95001,65.13,4.89,
star/j103748-132248,159.45,-13.38,4.89,
star/j074612+183036,116.55,18.51,4.89,
star/j223900+390300,339.75,39.05,4.89,
star/j141800-810036,214.5,-81.01,4.89,
star/j204948-334648,312.45,-33.78,4.89,
star/j194424+372100,296.1,37.35,4.89,
star/j125324+211500,193.35,21.25,4.89,
star/j073900+343448,114.75,34.58,4.89,
star/j173224+551048,263.1,55.18,4.89,
star/j170524+124424,256.35,12.74,4.89,
star/j103112-534312,157.8,-53.72,4.89,
star/j044948+372924,72.45,37.49,4.89,
star/j065736+450524,104.4,45.09,4.9,
star/j114648-403000,176.7,-40.5,4.9,
star/j054236+012812,85.65,1.47,4.9,
star/j204912-461348,312.3,-46.23,4.9,
star/j012548-143600,21.449999,-14.6,4.9,
star/j160524-194800,241.35,-19.8,4.9,
star/j195100+223636,297.75,22.61,4.9,
star/j004836+505812,12.15,50.97,4.9,
star/j125024-340000,192.6,-34.0,4.9,
star/j160336-383600,240.9,-38.6,4.9,
star/j203636-023300,309.15002,-2.55,4.91,
star/j151424-313112,228.59999,-31.52,4.91,
star/j162812-700448,247.04999,-70.08,4.91,
star/j124200-594124,190.5,-59.69,4.91,
star/j202924-025324,307.35,-2.89,4.91,
star/j150112-083112,225.3,-8.52,4.91,
star/j043148-000224,67.950005,-0.04,4.91,
star/j225512+084912,343.8,8.82,4.91,
star/j133448+371048,203.7,37.18,4.91,
star/j223300-615848,338.25,-61.98,4.91,
star/j061948-025624,94.95,-2.94,4.91,
star/j071124+391912,107.85,39.32,4.91,
star/j050112-200300,75.3,-20.05,4.91,
star/j103824-165248,159.6,-16.88,4.91,
star/j071012-041424,107.55,-4.24,4.91,
star/j195548+522624,298.95,52.44,4.91,
star/j122624+271612,186.59999,27.27,4.92,
star/j015624-223148,29.1,-22.53,4.92,
star/j070336-493448,105.9,-49.58,4.92,
star/j180636-432512,271.65002,-43.42,4.92,
star/j134948+211536,207.45,21.26,4.92,
star/j131424-590600,198.59999,-59.1,4.92,
star/j073112+822436,112.8,82.41,4.92,
star/j060448-162848,91.2,-16.48,4.92,
star/j185324+504236,283.34998,50.71,4.92,
star/j062436+491724,96.149994,49.29,4.92,
star/j183148-455436,277.95,-45.91,4.92,
star/j133412+033936,203.54999,3.66,4.92,
star/j204500+251612,311.25,25.27,4.92,
star/j060148-103600,90.450005,-10.6,4.92,
star/j182024+215736,275.1,21.96,4.92,
star/j024200+401124,40.5,40.19,4.92,
star/j091536-383412,138.90001,-38.57,4.92,
star/j144500-351124,221.25,-35.19,4.92,
star/j221012-323300,332.55,-32.55,4.92,
star/j152400-101912,231.0,-10.32,4.92,
star/j121612+235700,184.05,23.95,4.93,
star/j113224-291536,173.1,-29.26,4.93,
star/j161200-100336,243.00002,-10.06,4.93,
star/j193636-070148,294.15002,-7.03,4.93,
star/j145100-021800,222.75,-2.3,4.93,
star/j073524-523148,113.850006,-52.53,4.93,
star/j200712-525248,301.80002,-52.88,4.93,
star/j074312+584236,115.799995,58.71,4.93,
star/j041048-415924,62.699997,-41.99,4.93,
star/j094200-235512,145.5,-23.92,4.93,
star/j041724+203448,64.35,20.58,4.93,
star/j201424+364836,303.6,36.81,4.93,
star/j114048-620524,175.20001,-62.09,4.93,
star/j125136+273224,192.9,27.54,4.93,
star/j150712+245212,226.8,24.87,4.93,
star/j234348+292136,355.94998,29.36,4.93,
star/j080000-034048,120.0,-3.68,4.93,
star/j085700-591348,134.25,-59.23,4.93,
star/j200936+365024,302.4,36.84,4.93,
star/j045924+375324,74.85,37.89,4.93,
star/j141048-161800,212.70001,-16.3,4.93,
star/j204724+342212,311.85,34.37,4.93,
star/j130036+562212,195.15001,56.37,4.93,
star/j231648-074348,349.2,-7.73,4.93,
star/j042024+343412,65.100006,34.57,4.93,
star/j095436-190036,148.65,-19.01,4.94,
star/j190000+320900,285.0,32.15,4.94,
star/j131348+400900,198.45,40.15,4.94,
star/j201424+151200,303.6,15.2,4.94,
star/j025848+351048,44.7,35.18,4.94,
star/j203000+485700,307.5,48.95,4.94,
star/j130900-230712,197.25,-23.12,4.94,
star/j072212-190112,110.549995,-19.02,4.94,
star/j065624-484312,104.1,-48.72,4.94,
star/j080336+274724,120.90001,27.79,4.94,
star/j103112-731312,157.8,-73.22,4.94,
star/j084948-451836,132.45,-45.31,4.94,
star/j021236+301800,33.15,30.3,4.94,
star/j162812+684612,247.04999,68.77,4.94,
star/j155812-141648,239.55,-14.28,4.95,
star/j061200+160748,93.0,16.13,4.95,
star/j232700+011536,351.75,1.26,4.95,
star/j112812+025136,172.05,2.86,4.95,
star/j200148-592248,300.45,-59.38,4.95,
star/j123448+700112,188.7,70.02,4.95,
star/j004312+470112,10.8,47.02,4.95,
star/j225212+431836,343.05002,43.31,4.95,
star/j011948+581348,19.95,58.23,4.95,
star/j234612+032924,356.55002,3.49,4.95,
star/j161724+754500,244.35,75.75,4.95,
star/j035736+630412,59.4,63.07,4.95,
star/j161312-543748,243.29999,-54.63,4.95,
star/j014200+423636,25.5,42.61,4.95,
star/j054048-010748,85.2,-1.13,4.95,
star/j195548+382924,298.95,38.49,4.95,
star/j155736+544500,239.4,54.75,4.96,
star/j180600+221312,271.5,22.22,4.96,
star/j134948-180748,207.45,-18.13,4.96,
star/j042812+162136,67.049995,16.36,4.96,
star/j014048+403448,25.199999,40.58,4.96,
star/j181200+312436,273.0,31.41,4.96,
star/j164124-174424,250.35,-17.74,4.96,
star/j181200-234200,273.0,-23.7,4.96,
star/j032136+431948,50.399998,43.33,4.96,
star/j055436+554236,88.649994,55.71,4.96,
star/j011500-453148,18.75,-45.53,4.96,
star/j051912+220600,79.8,22.1,4.96,
star/j160336-255212,240.9,-25.87,4.96,
star/j232436+621648,351.15,62.28,4.96,
star/j023336-281348,38.399998,-28.23,4.96,
star/j154012-234912,235.05,-23.82,4.97,
star/j234612+462512,356.55002,46.42,4.97,
star/j102248-665400,155.7,-66.9,4.97,
star/j233936-141312,354.9,-14.22,4.97,
star/j040112-610448,60.3,-61.08,4.97,
star/j233412+311948,353.55,31.33,4.97,
star/j170300+140524,255.74998,14.09,4.97,
star/j075324+264612,118.35,26.77,4.97,
star/j015548+684124,28.949999,68.69,4.97,
star/j102400+653412,156.0,65.57,4.97,
star/j034236+335812,55.65,33.97,4.97,
star/j161648-500412,244.20001,-50.07,4.97,
star/j122024+031836,185.1,3.31,4.97,
star/j142812-292924,217.05,-29.49,4.97,
star/j042024+272100,65.100006,27.35,4.97,
star/j055512-370712,88.8,-37.12,4.97,
star/j014236-034124,25.650002,-3.69,4.98,
star/j020936+255624,32.4,25.94,4.98,
star/j131012+173148,197.55,17.53,4.98,
star/j192024-052512,290.1,-5.42,4.98,
star/j074012-151536,115.05,-15.26,4.98,
star/j053524-052324,83.850006,-5.39,4.98,
star/j195548+585100,298.95,58.85,4.98,
star/j114948-701348,177.45,-70.23,4.98,
star/j122700+264948,186.75,26.83,4.98,
star/j025848-640412,44.7,-64.07,4.98,
star/j132812+134648,202.05,13.78,4.98,
star/j160112+295100,240.3,29.85,4.98,
star/j185624+041200-2,284.1,4.2,4.98,
star/j084012-122848,130.05,-12.48,4.98,
star/j153148+405400,232.95,40.9,4.98,
star/j182400+584800,276.0,58.8,4.98,
star/j053524-052512,83.850006,-5.42,4.98,
star/j110036+060600,165.15001,6.1,4.98,
star/j231912-093636,349.8,-9.61,4.99,
star/j185512-224012,283.8,-22.67,4.99,
star/j052248+033224,80.700005,3.54,4.99,
star/j081312-154724,123.3,-15.79,4.99,
star/j065100+414648,102.75,41.78,4.99,
star/j072548+091648,111.45,9.28,4.99,
star/j065100-342212,102.75,-34.37,4.99,
star/j192400+293712,291.0,29.62,4.99,
star/j121648+330336,184.2,33.06,4.99,
star/j194612+334348,296.55002,33.73,4.99,
star/j090600+050524,136.5,5.09,4.99,
star/j200412-320336,301.05,-32.06,4.99,
star/j070300-041424,105.75,-4.24,4.99,
star/j000448-103036,1.1999999,-10.51,4.99,
star/j112248+432848,170.7,43.48,4.99,
star/j035700+610636,59.25,61.11,4.99,
star/j225624+494348,344.1,49.73,4.99,
star/j034200-315624,55.5,-31.94,4.99,
star/j011536-685248,18.9,-68.88,4.99,
star/j220824-340224,332.09998,-34.04,4.99,
star/j134200-543336,205.5,-54.56,4.99,
star/j141200+022436,213.0,2.41,4.99,
star/j043900-120712,69.75,-12.12,4.99,
star/j032812+490336,52.05,49.06,4.99,
star/j020224+542924,30.599998,54.49,4.99,
star/j091048-445212,137.70001,-44.87,4.99,
star/j093148+111800,142.95,11.3,4.99,
star/j052436+172248,81.149994,17.38,4.99,
star/j155924-414424,239.84999,-41.74,4.99,
star/j190636-370336-2,286.65002,-37.06,5.0,
star/j191348+574236,288.44998,57.71,5.0,
star/j050636+513600,76.65,51.6,5.0,
star/j093712+065024,144.3,6.84,5.0,
star/j061536-134312,93.9,-13.72,5.0,
star/j235736-641800,359.4,-64.3,5.0,
star/j065624-140224,104.1,-14.04,5.0,
star/j060748-371500,91.950005,-37.25,5.0,
star/j084424-544236,131.09999,-54.71,5.0,
star/j152212-475548,230.55,-47.93,5.0,
star/j193448+194612,293.7,19.77,5.0,
star/j071836+492736,109.65,49.46,5.0,
star/j160748+170300,241.94998,17.05,5.0,
star/j114348-622924,175.95,-62.49,5.0,
star/j190112+465624,285.30002,46.94,5.0,
star/j153112+772100,232.8,77.35,5.0,
star/j180712+432736,271.80002,43.46,5.0,
star/j112324-360936,170.85,-36.16,5.0,
star/j160412-112212-2,241.04999,-11.37,5.0,
star/j040412+590936,61.050003,59.16,5.0,
star/j175848-301500,269.69998,-30.25,5.0,
star/j061124-653524,92.85,-65.59,5.01,
star/j061800+613112,94.5,61.52,5.01,
star/j195812-152924,299.55,-15.49,5.01,
star/j073000+275512,112.5,27.92,5.01,
star/j172024+180336,260.1,18.06,5.01,
star/j194912+190824,297.3,19.14,5.01,
star/j093412-511536,143.54999,-51.26,5.01,
star/j122548+390112,186.45001,39.02,5.01,
star/j121912-550824,184.79999,-55.14,5.01,
star/j123000+691200,187.5,69.2,5.01,
star/j001012+460412,2.55,46.07,5.01,
star/j104312+690448,160.8,69.08,5.01,
star/j113936-652400,174.9,-65.4,5.01,
star/j002812+175324,7.05,17.89,5.01,
star/j083448-495624,128.7,-49.94,5.01,
star/j013936+442324,24.9,44.39,5.01,
star/j093300-210712,143.25,-21.12,5.01,
star/j050224-261612,75.6,-26.27,5.01,
star/j051536+324124,78.9,32.69,5.01,
star/j151648+714912,229.2,71.82,5.02,
star/j105548+333036,163.95001,33.51,5.02,
star/j052436+372324,81.149994,37.39,5.02,
star/j174912+765736,267.3,76.96,5.02,
star/j042848+130300,67.2,13.05,5.02,
star/j174912+504648,267.3,50.78,5.02,
star/j103300-470000,158.25,-47.0,5.02,
star/j145248-374800,223.2,-37.8,5.02,
star/j214800-305400,327.0,-30.9,5.02,
star/j182136+490712,275.40002,49.12,5.02,
star/j184500+020336,281.25,2.06,5.02,
star/j192512-243036,291.3,-24.51,5.02,
star/j135624+272924,209.09999,27.49,5.02,
star/j185736-203936,284.4,-20.66,5.02,
star/j170148-320824,255.45001,-32.14,5.03,
star/j020636+223900,31.649998,22.65,5.03,
star/j193036-024724,292.65,-2.79,5.03,
star/j195024+525924,297.6,52.99,5.03,
star/j181348+642400,273.44998,64.4,5.03,
star/j205436+280336,313.65,28.06,5.03,
star/j165136+243936,252.90001,24.66,5.03,
star/j123524+182248,188.85,18.38,5.03,
star/j082924-444312,127.35,-44.72,5.03,
star/j045024-161312,72.600006,-16.22,5.03,
star/j141500-570524,213.75,-57.09,5.03,
star/j060300-261648,90.75,-26.28,5.03,
star/j134124-084200,205.34999,-8.7,5.03,
star/j184236+553224,280.65,55.54,5.03,
star/j192248-542512,290.69998,-54.42,5.03,
star/j171836+105136,259.65,10.86,5.03,
star/j071648-363524,109.200005,-36.59,5.03,
star/j074612-143336,116.55,-14.56,5.03,
star/j014612-533112,26.55,-53.52,5.04,
star/j031612+505624,49.05,50.94,5.04,
star/j060712-620900,91.799995,-62.15,5.04,
star/j055848-093336,89.7,-9.56,5.04,
star/j155324-201012,238.35,-20.17,5.04,
star/j064312+443112,100.799995,44.52,5.04,
star/j120448-763112,181.2,-76.52,5.04,
star/j215924+731048,329.85,73.18,5.04,
star/j010748+435624,16.95,43.94,5.04,
star/j223748-041348,339.44998,-4.23,5.04,
star/j153112+404948,232.8,40.83,5.04,
star/j131200-161200,198.0,-16.2,5.04,
star/j073936+174012,114.899994,17.67,5.04,
star/j151648-605736,229.2,-60.96,5.04,
star/j061612+121612,94.05,12.27,5.04,
star/j132512-745324,201.3,-74.89,5.04,
star/j213712+402436,324.30002,40.41,5.04,
star/j211836+435700,319.65,43.95,5.04,
star/j000224-294312,0.59999996,-29.72,5.04,
star/j132924-511012,202.34999,-51.17,5.04,
star/j151912+014612,229.79999,1.77,5.04,
star/j080636-451612,121.649994,-45.27,5.04,
star/j072324+250300,110.85,25.05,5.04,
star/j074048+870112,115.2,87.02,5.05,
star/j044200-370824,70.5,-37.14,5.05,
star/j031912+500600,49.8,50.1,5.05,
star/j063824-481312,99.6,-48.22,5.05,
star/j034912+240824,57.3,24.14,5.05,
star/j230936+084048,347.4,8.68,5.05,
star/j051948+335736,79.95,33.96,5.05,
star/j105924+402548,164.84999,40.43,5.05,
star/j232024+052248,350.1,5.38,5.05,
star/j050448-493448,76.2,-49.58,5.05,
star/j234800+674836,357.0,67.81,5.05,
star/j075212-344236,118.049995,-34.71,5.05,
star/j221124+592436,332.85,59.41,5.05,
star/j052248+791348,80.700005,79.23,5.05,
star/j235212+190712,358.05002,19.12,5.06,
star/j171048-443336,257.7,-44.56,5.06,
star/j203824+240712,309.59998,24.12,5.06,
star/j051536-265624,78.9,-26.94,5.06,
star/j211312-700748,318.3,-70.13,5.06,
star/j200112+500600,300.30002,50.1,5.06,
star/j100600-472212,151.5,-47.37,5.06,
star/j194048+453112,295.2,45.52,5.06,
star/j061200-063300,93.0,-6.55,5.06,
star/j034200+631312,55.5,63.22,5.06,
star/j060900-685024,92.25,-68.84,5.06,
star/j110036+391236,165.15001,39.21,5.06,
star/j194236-160712,295.65,-16.12,5.06,
star/j081836-653636,124.65001,-65.61,5.06,
star/j062812-044536,97.049995,-4.76,5.06,
star/j052136-244612,80.4,-24.77,5.06,
star/j142212-800636,215.55,-80.11,5.06,
star/j031236-011200,48.15,-1.2,5.06,
star/j205136-513636,312.90002,-51.61,5.06,
star/j073412-232812,113.55,-23.47,5.06,
star/j074312-451012,115.799995,-45.17,5.06,
star/j204948+440336,312.45,44.06,5.06,
star/j072924+280712,112.35,28.12,5.07,
star/j183148-454536,277.95,-45.76,5.07,
star/j171536-263524,258.9,-26.59,5.07,
star/j220524+621648,331.35,62.28,5.07,
star/j103448+065700,158.7,6.95,5.07,
star/j071312+160936,108.299995,16.16,5.07,
star/j214948+301012,327.45,30.17,5.07,
star/j203900+100524,309.75,10.09,5.07,
star/j052436-005324,81.149994,-0.89,5.07,
star/j074724-383036,116.85,-38.51,5.07,
star/j094012-141948,145.05,-14.33,5.07,
star/j065812-340636,104.549995,-34.11,5.07,
star/j095248-080600,148.2,-8.1,5.07,
star/j113148-592624,172.95,-59.44,5.07,
star/j093148+094312,142.95,9.72,5.07,
star/j043036-445700,67.65,-44.95,5.07,
star/j170936+404648,257.4,40.78,5.07,
star/j173148+680748,262.95,68.13,5.07,
star/j163600+525512,249.0,52.92,5.07,
star/j190712+110412,286.80002,11.07,5.07,
star/j093336-805624,143.40001,-80.94,5.07,
star/j044012+530448,70.05,53.08,5.07,
star/j004912+165624,12.3,16.94,5.07,
star/j103412-234500,158.54999,-23.75,5.08,
star/j215324-133300,328.34998,-13.55,5.08,
star/j045136+185024,72.9,18.84,5.08,
star/j185436-153600,283.65,-15.6,5.08,
star/j082736-530524,126.9,-53.09,5.08,
star/j103000-003824,157.5,-0.64,5.08,
star/j003600+541012,9.0,54.17,5.08,
star/j061012-744500,92.55,-74.75,5.08,
star/j034800+110824,57.0,11.14,5.08,
star/j223600+733824,339.0,73.64,5.08,
star/j103636-593336,159.15,-59.56,5.08,
star/j145700-624648,224.25,-62.78,5.08,
star/j112324-184648,170.85,-18.78,5.08,
star/j202736-181236,306.9,-18.21,5.08,
star/j075736-440636,119.4,-44.11,5.08,
star/j043900+154800,69.75,15.8,5.08,
star/j104312+231124,160.8,23.19,5.08,
star/j052736+342848,81.9,34.48,5.08,
star/j200636+233636,301.65002,23.61,5.08,
star/j125436-571012,193.65,-57.17,5.08,
star/j064724-090000,101.85,-9.0,5.08,
star/j234312+101948,355.8,10.33,5.09,
star/j094836+460112,147.15001,46.02,5.09,
star/j221948-802624,334.95,-80.44,5.09,
star/j174836+253712,267.15,25.62,5.09,
star/j155100-030524,237.75,-3.09,5.09,
star/j220600+450036,331.5,45.01,5.09,
star/j072212+202624,110.549995,20.44,5.09,
star/j004836-745512,12.15,-74.92,5.09,
star/j015736+174912,29.400002,17.82,5.09,
star/j094648+570748,146.7,57.13,5.09,
star/j072624-510112,111.6,-51.02,5.09,
star/j063336-011312,98.4,-1.22,5.09,
star/j092624-532248,141.59999,-53.38,5.09,
star/j050036+811124,75.15,81.19,5.09,
star/j200524+195924,301.35,19.99,5.09,
star/j180712+303336,271.80002,30.56,5.09,
star/j033000+552700,52.5,55.45,5.09,
star/j232248+121836,350.69998,12.31,5.09,
star/j085024-463148,132.6,-46.53,5.09,
star/j112324-645700,170.85,-64.95,5.09,
star/j081348-361912,123.45,-36.32,5.09,
star/j141236-271536,213.15,-27.26,5.09,
star/j094948-454348,147.45,-45.73,5.09,
star/j161048-292512,242.70001,-29.42,5.09,
star/j215248+255548,328.19998,25.93,5.09,
star/j182212-383936,275.55002,-38.66,5.09,
star/j075848-231836,119.7,-23.31,5.09,
star/j121612+145400,184.05,14.9,5.09,
star/j214012+431612,325.05,43.27,5.09,
star/j025700+315548,44.25,31.93,5.1,
star/j032248+204424,50.7,20.74,5.1,
star/j160112+174912,240.3,17.82,5.1,
star/j164648-670636,251.70001,-67.11,5.1,
star/j214500-090448,326.25,-9.08,5.1,
star/j172400-440936,261.0,-44.16,5.1,
star/j204836-435924,312.15,-43.99,5.1,
star/j131648-313036,199.2,-31.51,5.1,
star/j142400+054912,216.0,5.82,5.1,
star/j042400+092736,66.0,9.46,5.1,
star/j041012+804200,62.550003,80.7,5.1,
star/j180900+200300,272.25,20.05,5.1,
star/j144612-252624,221.55,-25.44,5.1,
star/j054948-665400,87.45,-66.9,5.1,
star/j114836-264500,177.15001,-26.75,5.1,
star/j191836+010524,289.65,1.09,5.1,
star/j210412-195100,316.05,-19.85,5.1,
star/j213936+021424,324.9,2.24,5.1,
star/j230000+565700,345.0,56.95,5.1,
star/j235212-820112,358.05002,-82.02,5.1,
star/j182400+393036,276.0,39.51,5.11,
star/j110824-615700,167.1,-61.95,5.11,
star/j132624-394500,201.59999,-39.75,5.11,
star/j224348+414912,340.94998,41.82,5.11,
star/j223824+564800,339.59998,56.8,5.11,
star/j171536-263600,258.9,-26.6,5.11,
star/j231012-222736,347.55,-22.46,5.11,
star/j012924-213748,22.35,-21.63,5.11,
star/j065400+685324,103.5,68.89,5.11,
star/j071836-364424,109.65,-36.74,5.11,
star/j184348-381912,280.94998,-38.32,5.11,
star/j195100+102512,297.75,10.42,5.11,
star/j215624+633748,329.1,63.63,5.11,
star/j155512-683600,238.8,-68.6,5.11,
star/j050900-042736,77.25,-4.46,5.11,
star/j211424+100036,318.6,10.01,5.11,
star/j221612-413748,334.05002,-41.63,5.11,
star/j035324-344348,58.350002,-34.73,5.11,
star/j230336-344500,345.9,-34.75,5.11,
star/j183112-182400,277.80002,-18.4,5.12,
star/j015436-423000,28.65,-42.5,5.12,
star/j105324+543524,163.35,54.59,5.12,
star/j113148-593112,172.95,-59.52,5.12,
star/j193036+275812,292.65,27.97,5.12,
star/j182100+285212,275.25,28.87,5.12,
star/j093336-490036,143.40001,-49.01,5.12,
star/j183448-105848,278.7,-10.98,5.12,
star/j204012-603300,310.05,-60.55,5.12,
star/j203412-443112,308.55,-44.52,5.12,
star/j030336-594424,45.899998,-59.74,5.12,
star/j091612-441612,139.05,-44.27,5.12,
star/j074348-405548,115.95,-40.93,5.12,
star/j104200+654312,160.5,65.72,5.12,
star/j222136-213600,335.40002,-21.6,5.12,
star/j075136+014612,117.9,1.77,5.12,
star/j050636-043936,76.65,-4.66,5.12,
star/j071048-485548,107.7,-48.93,5.12,
star/j072212+364536,110.549995,36.76,5.12,
star/j193524-103336,293.85,-10.56,5.12,
star/j124648+163448,191.7,16.58,5.12,
star/j123600-410112,189.0,-41.02,5.12,
star/j032436+643524,51.15,64.59,5.13,
star/j210448-770112,316.2,-77.02,5.13,
star/j001424-074648,3.6,-7.78,5.13,
star/j113300-310524,173.25,-31.09,5.13,
star/j150524-410412,226.35,-41.07,5.13,
star/j053524-052324-2,83.850006,-5.39,5.13,
star/j011800+033636,19.5,3.61,5.13,
star/j064948-463712,102.45,-46.62,5.13,
star/j191124+565136,287.85,56.86,5.13,
star/j022812-334836,37.05,-33.81,5.13,
star/j140748+435100,211.95,43.85,5.13,
star/j082548+073336,126.450005,7.56,5.13,
star/j235848-524500,359.69998,-52.75,5.13,
star/j151424+672100,228.59999,67.35,5.13,
star/j172100+243000,260.25,24.5,5.13,
star/j153448-280300,233.7,-28.05,5.13,
star/j190900+763336,287.25,76.56,5.13,
star/j161500-472212,243.75,-47.37,5.13,
star/j000148-030148,0.45,-3.03,5.13,
star/j091424+612512,138.59999,61.42,5.13,
star/j104648-564536,161.7,-56.76,5.14,
star/j070036-512400,105.15,-51.4,5.14,
star/j080448+130712,121.2,13.12,5.14,
star/j121200+773712,183.0,77.62,5.14,
star/j192512+194800,291.3,19.8,5.14,
star/j081348-465924,123.45,-46.99,5.14,
star/j112848-424012,172.2,-42.67,5.14,
star/j141948-021612,214.95,-2.27,5.14,
star/j070336+105700,105.9,10.95,5.14,
star/j081948+271312,124.95,27.22,5.14,
star/j201836+345848,304.65,34.98,5.14,
star/j153524+390036,233.85,39.01,5.14,
star/j075736-453448,119.4,-45.58,5.14,
star/j003636+442924,9.150001,44.49,5.14,
star/j155700-335812,239.25,-33.97,5.14,
star/j073712-040636,114.299995,-4.11,5.14,
star/j070412-564500,106.05,-56.75,5.14,
star/j060336+194124,90.9,19.69,5.14,
star/j174424-514948,266.1,-51.83,5.14,
star/j171800-241724,259.5,-24.29,5.14,
star/j191348+021724,288.44998,2.29,5.14,
star/j065100+673412,102.75,67.57,5.14,
star/j185848-601200,284.69998,-60.2,5.14,
star/j033036+112024,52.65,11.34,5.14,
star/j204200-664536,310.5,-66.76,5.14,
star/j122100-133412,185.25,-13.57,5.14,
star/j052624-585436,81.6,-58.91,5.14,
star/j230224+424536,345.6,42.76,5.14,
star/j074724+332512,116.85,33.42,5.14,
star/j113712-611648,174.3,-61.28,5.14,
star/j011424-075512,18.6,-7.92,5.14,
star/j034948+330524,57.449997,33.09,5.14,
star/j195324+573112,298.34998,57.52,5.14,
star/j131800+494048,199.5,49.68,5.14,
star/j095736+410336,149.4,41.06,5.14,
star/j120336-422548,180.90001,-42.43,5.15,
star/j122212-673112,185.55,-67.52,5.15,
star/j101348-662212,153.45,-66.37,5.15,
star/j231200+084312,348.0,8.72,5.15,
star/j011124+312512,17.85,31.42,5.15,
star/j113824-614948,174.6,-61.83,5.15,
star/j085212+434348,133.05,43.73,5.15,
star/j020148-444236,30.449999,-44.71,5.15,
star/j204648+160712-2,311.7,16.12,5.15,
star/j203936+002924,309.9,0.49,5.15,
star/j090824+665212,137.1,66.87,5.15,
star/j164536+083448,251.40001,8.58,5.15,
star/j094312+721500,145.8,72.25,5.15,
star/j074648+373112,116.700005,37.52,5.15,
star/j134648-361500,206.7,-36.25,5.15,
star/j204012-180824,310.05,-18.14,5.15,
star/j023224+360900,38.1,36.15,5.15,
star/j152848+015024,232.2,1.84,5.15,
star/j200000+370224,300.0,37.04,5.15,
star/j084348-494912,130.95,-49.82,5.15,
star/j110712-423824,166.8,-42.64,5.15,
star/j145024-160000,222.6,-16.0,5.15,
star/j130748-104424,196.95,-10.74,5.15,
star/j061724-164912,94.35,-16.82,5.15,
star/j151612-412924,229.05,-41.49,5.15,
star/j055100-520636,87.75,-52.11,5.16,
star/j150448-640148,226.2,-64.03,5.16,
star/j225212+095024,343.05002,9.84,5.16,
star/j152548+152548,231.45001,15.43,5.16,
star/j025624-034236,44.100002,-3.71,5.16,
star/j002100+375812,5.25,37.97,5.16,
star/j063112-122324,97.8,-12.39,5.16,
star/j103524+570448,158.85,57.08,5.16,
star/j081500-625512,123.75,-62.92,5.16,
star/j214124-140300,325.35,-14.05,5.16,
star/j090936+220300,137.4,22.05,5.16,
star/j031836+501312,49.649998,50.22,5.16,
star/j153412-091048,233.54999,-9.18,5.16,
star/j135436-013000,208.65,-1.5,5.16,
star/j183224-394200,278.1,-39.7,5.16,
star/j022212+555100,35.55,55.85,5.16,
star/j192512+115624,291.3,11.94,5.16,
star/j085924-590448,134.84999,-59.08,5.16,
star/j212248+064836,320.69998,6.81,5.16,
star/j122436+260600,186.15,26.1,5.17,
star/j112548-635812,171.45001,-63.97,5.17,
star/j211536-203900,318.9,-20.65,5.17,
star/j085848-471348,134.7,-47.23,5.17,
star/j070000-675512,105.0,-67.92,5.17,
star/j074948-171348,117.45,-17.23,5.17,
star/j125700-511200,194.25,-51.2,5.17,
star/j190636-522024,286.65002,-52.34,5.17,
star/j131012+173148-2,197.55,17.53,5.17,
star/j120748-752212,181.95,-75.37,5.17,
star/j192624+361912,291.6,36.32,5.17,
star/j010824+545512,17.1,54.92,5.17,
star/j193636+444200,294.15002,44.7,5.17,
star/j175324+400036,268.34998,40.01,5.17,
star/j124124-130036,190.34999,-13.01,5.17,
star/j024500+122700,41.25,12.45,5.17,
star/j235136-185436,357.90002,-18.91,5.17,
star/j042324-034500,65.85,-3.75,5.17,
star/j210524-544348,316.35,-54.73,5.17,
star/j005024-103824,12.599999,-10.64,5.17,
star/j003036-234724,7.6499996,-23.79,5.17,
star/j115548-170900,178.95001,-17.15,5.17,
star/j023748+724912,39.45,72.82,5.17,
star/j193900+052400,294.75,5.4,5.18,
star/j201536+233036,303.9,23.51,5.18,
star/j084012-530300,130.05,-53.05,5.18,
star/j234724-501348,356.85,-50.23,5.18,
star/j082548-514348,126.450005,-51.73,5.18,
star/j053936+255400,84.899994,25.9,5.18,
star/j040636+273600,61.65,27.6,5.18,
star/j054612-321836,86.55,-32.31,5.18,
star/j141200+692548,213.0,69.43,5.18,
star/j072436-161200,111.149994,-16.2,5.18,
star/j145548-600636,223.95001,-60.11,5.18,
star/j051124+160300,77.85,16.05,5.18,
star/j082136-362848,125.399994,-36.48,5.18,
star/j203148+745700,307.95,74.95,5.18,
star/j002136-285848,5.4,-28.98,5.18,
star/j104348+461200,160.95,46.2,5.18,
star/j195024+384312,297.6,38.72,5.18,
star/j045436+112548,73.649994,11.43,5.18,
star/j111724+020036,169.35,2.01,5.18,
star/j053148-762024,82.950005,-76.34,5.18,
star/j214312+721912,325.8,72.32,5.18,
star/j014312+703712,25.800001,70.62,5.18,
star/j185248-520636,283.19998,-52.11,5.18,
star/j002812+442324,7.05,44.39,5.18,
star/j223824+633448,339.59998,63.58,5.19,
star/j022436+500036,36.15,50.01,5.19,
star/j084948-324648,132.45,-32.78,5.19,
star/j113600+691912,174.0,69.32,5.19,
star/j062700+001800,96.75,0.3,5.19,
star/j060412-064236,91.05,-6.71,5.19,
star/j163036-613748,247.65001,-61.63,5.19,
star/j083900-702324,129.75,-70.39,5.19,
star/j232248-150224,350.69998,-15.04,5.19,
star/j172548-503748,261.45,-50.63,5.19,
star/j201424+284124,303.6,28.69,5.19,
star/j205548+134312,313.95,13.72,5.19,
star/j154648+623600,236.7,62.6,5.19,
star/j150636-161536,226.65,-16.26,5.19,
star/j102924-024424,157.34999,-2.74,5.19,
star/j150336+473900,225.90001,47.65,5.19,
star/j050748-632400,76.950005,-63.4,5.19,
star/j211912+645212,319.8,64.87,5.19,
star/j075924-603524,119.85,-60.59,5.19,
star/j162212+334800,245.55002,33.8,5.2,
star/j130600+354800,196.5,35.8,5.2,
star/j135848-245812,209.7,-24.97,5.2,
star/j184800-402436,282.0,-40.41,5.2,
star/j080936-440712,122.399994,-44.12,5.2,
star/j210636-322024,316.65002,-32.34,5.2,
star/j114200-323000,175.5,-32.5,5.2,
star/j084012-401536,130.05,-40.26,5.2,
star/j231912-132736,349.8,-13.46,5.2,
star/j043412-081348,68.55,-8.23,5.2,
star/j190712+323000,286.80002,32.5,5.2,
star/j072736+212700,111.9,21.45,5.2,
star/j064236+173900,100.65,17.65,5.2,
star/j122024-221312,185.1,-22.22,5.2,
star/j022248-234912,35.7,-23.82,5.2,
star/j084200-452436,130.5,-45.41,5.2,
star/j070224+241312,105.6,24.22,5.2,
star/j041648+533636,64.200005,53.61,5.2,
star/j055512+595324,88.8,59.89,5.2,
star/j071612+593824,109.05,59.64,5.2,
star/j062924-565100,97.35,-56.85,5.2,
star/j061500+190936,93.75,19.16,5.2,
star/j003000+294500,7.5,29.75,5.2,
star/j182700+001200,276.75,0.2,5.2,
star/j131648+092512,199.2,9.42,5.2,
star/j223448-204236,338.7,-20.71,5.2,
star/j070412-422024,106.05,-42.34,5.2,
star/j011348+073448,18.45,7.58,5.21,
star/j062400-113148,96.0,-11.53,5.21,
star/j112512-360336,171.3,-36.06,5.21,
star/j064200-091012,100.5,-9.17,5.21,
star/j040712+290000,61.8,29.0,5.21,
star/j024048-543300,40.2,-54.55,5.21,
star/j055848+003300,89.7,0.55,5.21,
star/j010748-412924,16.95,-41.49,5.21,
star/j062700+582512,96.75,58.42,5.21,
star/j133300-100936,203.25,-10.16,5.21,
star/j210636+384424,316.65002,38.74,5.21,
star/j155024+021200,237.6,2.2,5.21,
star/j172324-472812,260.84998,-47.47,5.21,
star/j075924-391800,119.85,-39.3,5.22,
star/j041424+100036,63.6,10.01,5.22,
star/j025848-024648,44.7,-2.78,5.22,
star/j212924+463224,322.35,46.54,5.22,
star/j120224+430300,180.6,43.05,5.22,
star/j063148+113224,97.950005,11.54,5.22,
star/j111236-641012,168.15,-64.17,5.22,
star/j014236+201612,25.650002,20.27,5.22,
star/j085700+151912,134.25,15.32,5.22,
star/j112624-610712,171.59999,-61.12,5.22,
star/j141948-611612,214.95,-61.27,5.22,
star/j064724+484724,101.85,48.79,5.22,
star/j184948+323300,282.45,32.55,5.22,
star/j070148-054312,105.450005,-5.72,5.22,
star/j233112+391424,352.80002,39.24,5.22,
star/j200112+644912,300.30002,64.82,5.22,
star/j043748-022812,69.450005,-2.47,5.22,
star/j131612-195624,199.05,-19.94,5.22,
star/j124536+074012,191.40001,7.67,5.22,
star/j050600+585812,76.5,58.97,5.22,
star/j052136+414800,80.4,41.8,5.22,
star/j074724-463636,116.85,-46.61,5.22,
star/j072812+065624,112.049995,6.94,5.22,
star/j164800+051500,251.99998,5.25,5.22,
star/j144648-522248,221.7,-52.38,5.22,
star/j192248+261536,290.69998,26.26,5.22,
star/j020524+760712,31.349998,76.12,5.22,
star/j012100+284424,20.25,28.74,5.23,
star/j085548+275548,133.95001,27.93,5.23,
star/j165136-411348,252.90001,-41.23,5.23,
star/j090748+104012,136.95,10.67,5.23,
star/j154236-372512,235.65,-37.42,5.23,
star/j030636-060524,46.649998,-6.09,5.23,
star/j090148-521124,135.45,-52.19,5.23,
star/j064424-310412,101.1,-31.07,5.23,
star/j104612-641536,161.55,-64.26,5.23,
star/j125512+652624,193.8,65.44,5.23,
star/j200148+245624,300.45,24.94,5.23,
star/j080936-475624,122.399994,-47.94,5.23,
star/j144800-260524,222.0,-26.09,5.23,
star/j190900+060412,287.25,6.07,5.23,
star/j095848-355324,149.7,-35.89,5.23,
star/j085924+322512,134.84999,32.42,5.23,
star/j105324-200824,163.35,-20.14,5.23,
star/j004500-220036,11.25,-22.01,5.23,
star/j072400+404012,111.0,40.67,5.23,
star/j165436-060900,253.65,-6.15,5.23,
star/j180300-081048,270.75,-8.18,5.24,
star/j113824+080748,174.6,8.13,5.24,
star/j234424-181648,356.1,-18.28,5.24,
star/j195700-585400,299.25,-58.9,5.24,
star/j214200-231536,325.5,-23.26,5.24,
star/j224724-193636,341.85,-19.61,5.24,
star/j034424-010936,56.1,-1.16,5.24,
star/j042136-632324,65.4,-63.39,5.24,
star/j031800-623036,49.5,-62.51,5.24,
star/j071836-391236,109.65,-39.21,5.24,
star/j043412-085812,68.55,-8.97,5.24,
star/j091648-062100,139.2,-6.35,5.24,
star/j034724-235212,56.85,-23.87,5.24,
star/j161348-115024,243.45,-11.84,5.24,
star/j162736-073600,246.9,-7.6,5.24,
star/j091424-431348,138.59999,-43.23,5.24,
star/j052324+573224,80.85,57.54,5.24,
star/j150600+543336,226.5,54.56,5.24,
star/j182436-440636,276.15,-44.11,5.24,
star/j064648+433448,101.700005,43.58,5.24,
star/j203900-145700,309.75,-14.95,5.24,
star/j073148+015436,112.950005,1.91,5.24,
star/j083748-261500,129.45,-26.25,5.24,
star/j221200+565024,333.0,56.84,5.24,
star/j005024-505924,12.599999,-50.99,5.24,
star/j030036+522100,45.15,52.35,5.24,
star/j163036+202848,247.65001,20.48,5.24,
star/j033600-172812,54.0,-17.47,5.24,
star/j205848+041724,314.69998,4.29,5.24,
star/j035024+253448,57.6,25.58,5.24,
star/j053524-045136,83.850006,-4.86,5.24,
star/j184948-201912,282.45,-20.32,5.24,
star/j131124-432212,197.84999,-43.37,5.24,
star/j230336+671236,345.9,67.21,5.25,
star/j182248+174948,275.69998,17.83,5.25,
star/j080412-324012,121.049995,-32.67,5.25,
star/j014200-321948,25.5,-32.33,5.25,
star/j180224+204948,270.6,20.83,5.25,
star/j224124+401348,340.35,40.23,5.25,
star/j024912-624836,42.3,-62.81,5.25,
star/j173748-543000,264.44998,-54.5,5.25,
star/j190712+360600,286.80002,36.1,5.25,
star/j184536+740524,281.4,74.09,5.25,
star/j211312-392512,318.3,-39.42,5.25,
star/j001200-350748,3.0,-35.13,5.25,
star/j063748-322024,99.450005,-32.34,5.25,
star/j052324-135548,80.85,-13.93,5.25,
star/j063224-374200,98.1,-37.7,5.25,
star/j023148+021612,37.95,2.27,5.25,
star/j074612+104612,116.55,10.77,5.25,
star/j101724-080412,154.35,-8.07,5.25,
star/j153748+402100,234.45,40.35,5.25,
star/j021612+332136,34.05,33.36,5.25,
star/j100900-654912,152.25,-65.82,5.26,
star/j063524+280112,98.850006,28.02,5.26,
star/j114048+212100,175.20001,21.35,5.26,
star/j024912+172736,42.3,17.46,5.26,
star/j115436-254236,178.65,-25.71,5.26,
star/j030412-073600,46.05,-7.6,5.26,
star/j140824+492736,212.1,49.46,5.26,
star/j152924-464348,232.34999,-46.73,5.26,
star/j190000+261348,285.0,26.23,5.26,
star/j153636+100036,234.15,10.01,5.26,
star/j091424-553412,138.59999,-55.57,5.26,
star/j113600-473824,174.0,-47.64,5.26,
star/j095812+122624,149.55,12.44,5.26,
star/j042024+650824,65.100006,65.14,5.26,
star/j220336+630712,330.9,63.12,5.26,
star/j103112+823336,157.8,82.56,5.26,
star/j054800+062700,87.0,6.45,5.26,
star/j135212-524836,208.05,-52.81,5.26,
star/j091800-510300,139.5,-51.05,5.26,
star/j105248-571424,163.2,-57.24,5.26,
star/j042024+150600,65.100006,15.1,5.26,
star/j162136+690636,245.40001,69.11,5.26,
star/j032100+210900,50.25,21.15,5.27,
star/j132700-124236,201.75,-12.71,5.27,
star/j234236-152700,355.65,-15.45,5.27,
star/j021236+211236,33.15,21.21,5.27,
star/j201648+402212,304.2,40.37,5.27,
star/j170148+333412,255.45001,33.57,5.27,
star/j215100-824312,327.75,-82.72,5.27,
star/j013000+470036,22.5,47.01,5.27,
star/j185848+133712,284.69998,13.62,5.27,
star/j124236-630336,190.65,-63.06,5.27,
star/j064724-375548,101.85,-37.93,5.27,
star/j145436-243824,223.65,-24.64,5.27,
star/j083524-581312,128.85,-58.22,5.27,
star/j101312-511348,153.3,-51.23,5.27,
star/j023148-790636,37.95,-79.11,5.27,
star/j095548+494912,148.95001,49.82,5.27,
star/j162024-784012,245.1,-78.67,5.27,
star/j073336+154948,113.4,15.83,5.27,
star/j220448+624724,331.2,62.79,5.27,
star/j061948-074912,94.95,-7.82,5.27,
star/j042512+221200,66.3,22.2,5.27,
star/j221312+860636,333.3,86.11,5.27,
star/j114648+553748,176.7,55.63,5.27,
star/j020524+771648,31.349998,77.28,5.27,
star/j102848-641012,157.2,-64.17,5.27,
star/j021312-304312,33.3,-30.72,5.28,
star/j044424-594348,71.1,-59.73,5.28,
star/j163748+560112,249.44998,56.02,5.28,
star/j194236+114948,295.65,11.83,5.28,
star/j201912-190712,304.8,-19.12,5.28,
star/j121948+485848,184.95,48.98,5.28,
star/j040148-013300,60.450005,-1.55,5.28,
star/j054800+135400,87.0,13.9,5.28,
star/j162812-640336,247.04999,-64.06,5.28,
star/j093824+401424,144.6,40.24,5.28,
star/j120036-193936,180.15001,-19.66,5.28,
star/j091536+564424,138.90001,56.74,5.28,
star/j191800+113600,289.5,11.6,5.28,
star/j172700-455024,261.75,-45.84,5.28,
star/j114536-454124,176.40001,-45.69,5.28,
star/j091724-745324,139.35,-74.89,5.28,
star/j063000-501424,97.5,-50.24,5.28,
star/j035624+504200,59.100002,50.7,5.28,
star/j060748-191012,91.950005,-19.17,5.28,
star/j083900-223936,129.75,-22.66,5.28,
star/j082212-732400,125.549995,-73.4,5.28,
star/j013824+730224,24.6,73.04,5.28,
star/j151424+290936,228.59999,29.16,5.28,
star/j195624+112512,299.1,11.42,5.28,
star/j084724-015400,131.85,-1.9,5.28,
star/j064648-142548,101.700005,-14.43,5.28,
star/j234612-184048,356.55002,-18.68,5.28,
star/j050748+202512,76.950005,20.42,5.28,
star/j065136+214536,102.9,21.76,5.28,
star/j183412-330112,278.55,-33.02,5.28,
star/j122848+255436,187.2,25.91,5.29,
star/j095136+242400,147.9,24.4,5.29,
star/j185436-873636,283.65,-87.61,5.29,
star/j170300-531424,255.74998,-53.24,5.29,
star/j214612+225700,326.55002,22.95,5.29,
star/j181500-204348,273.75,-20.73,5.29,
star/j065548-225624,103.95,-22.94,5.29,
star/j220448-005436,331.2,-0.91,5.29,
star/j054200-344012,85.5,-34.67,5.29,
star/j213148-411048,322.95,-41.18,5.29,
star/j044800+564536,72.0,56.76,5.29,
star/j141500+100600,213.75,10.1,5.29,
star/j041348+074312,63.45,7.72,5.29,
star/j055436-523824,88.649994,-52.64,5.29,
star/j015924+643712,29.85,64.62,5.29,
star/j071836-263524,109.65,-26.59,5.29,
star/j022212+002400,35.55,0.4,5.29,
star/j021912+283824,34.8,28.64,5.29,
star/j001200-175624,3.0,-17.94,5.29,
star/j014536-250300,26.4,-25.05,5.29,
star/j022812+294012,37.05,29.67,5.29,
star/j001012-821312,2.55,-82.22,5.29,
star/j212700+485024,321.75,48.84,5.29,
star/j042624+312624,66.6,31.44,5.29,
star/j051948-121912,79.95,-12.32,5.29,
star/j075812+021312,119.549995,2.22,5.3,
star/j044312+432212,70.799995,43.37,5.3,
star/j050300-711836,75.75,-71.31,5.3,
star/j101012-124912,152.55,-12.82,5.3,
star/j202324+052024,305.84998,5.34,5.3,
star/j234048-320412,355.2,-32.07,5.3,
star/j053748-284124,84.450005,-28.69,5.3,
star/j235248+105700,358.19998,10.95,5.3,
star/j205848+041724-2,314.69998,4.29,5.3,
star/j201648+244012,304.2,24.67,5.3,
star/j084912-032624,132.29999,-3.44,5.3,
star/j074424+254648,116.1,25.78,5.3,
star/j004124+392736,10.35,39.46,5.3,
star/j212736+370712,321.9,37.12,5.3,
star/j091348+431312,138.45,43.22,5.3,
star/j044236-502848,70.65,-50.48,5.3,
star/j023712-523224,39.3,-52.54,5.3,
star/j181912+242700,274.8,24.45,5.3,
star/j230748+462324,346.94998,46.39,5.3,
star/j194048-161724,295.2,-16.29,5.3,
star/j205812+221948,314.55,22.33,5.3,
star/j172324-280824,260.84998,-28.14,5.3,
star/j200000-344200,300.0,-34.7,5.3,
star/j033224+460336,53.1,46.06,5.3,
star/j214200+054048,325.5,5.68,5.3,
star/j094048-575848,145.20001,-57.98,5.3,
star/j071200-403000,108.0,-40.5,5.3,
star/j064612-144800,101.55,-14.8,5.3,
star/j024048+270336,40.2,27.06,5.3,
star/j210824-211124,317.09998,-21.19,5.3,
star/j080748+213448,121.950005,21.58,5.3,
star/j112848+392024,172.2,39.34,5.3,
star/j131424-195548,198.59999,-19.93,5.31,
star/j121348-454312,183.45,-45.72,5.31,
star/j114800+081500,177.0,8.25,5.31,
star/j021348+510412,33.45,51.07,5.31,
star/j054612-463600,86.55,-46.6,5.31,
star/j111536+131836,168.90001,13.31,5.31,
star/j085400-473112,133.5,-47.52,5.31,
star/j211536-151012,318.9,-15.17,5.31,
star/j163148-414912,247.95001,-41.82,5.31,
star/j021912+472248,34.8,47.38,5.31,
star/j091648-392400,139.2,-39.4,5.31,
star/j190936-682512,287.4,-68.42,5.31,
star/j074348+502548,115.95,50.43,5.31,
star/j195136-395212,297.90002,-39.87,5.32,
star/j122324-352436,185.85,-35.41,5.32,
star/j201124-360600,302.85,-36.1,5.32,
star/j171236+103524,258.15,10.59,5.32,
star/j053412+034612,83.55,3.77,5.32,
star/j114236+664424,175.65,66.74,5.32,
star/j151500+045624,228.75,4.94,5.32,
star/j011048+684648,17.699999,68.78,5.32,
star/j200148-665624,300.45,-66.94,5.32,
star/j222512-574800,336.3,-57.8,5.32,
star/j145548-335136,223.95001,-33.86,5.32,
star/j104912+103300,162.29999,10.55,5.32,
star/j225024-800712,342.6,-80.12,5.32,
star/j043712+010000,69.299995,1.0,5.32,
star/j030300-074124,45.75,-7.69,5.32,
star/j032324+491236,50.850002,49.21,5.32,
star/j162212-493412,245.55002,-49.57,5.32,
star/j144912-140900,222.29999,-14.15,5.32,
star/j082512-240300,126.3,-24.05,5.32,
star/j132512-642924,201.3,-64.49,5.32,
star/j210300-383748,315.75,-38.63,5.32,
star/j040336+052624,60.899998,5.44,5.32,
star/j074912-245436,117.3,-24.91,5.32,
star/j131724+134048,199.35,13.68,5.33,
star/j083300+202624,128.25,20.44,5.33,
star/j010524+212812,16.35,21.47,5.33,
star/j194800-562136,297.0,-56.36,5.33,
star/j233336+223000,353.4,22.5,5.33,
star/j083148+180524,127.95,18.09,5.33,
star/j045324+023036,73.35,2.51,5.33,
star/j200000+173112,300.0,17.52,5.33,
star/j045436+074648,73.649994,7.78,5.33,
star/j050748+083000,76.950005,8.5,5.33,
star/j081948-713036,124.95,-71.51,5.33,
star/j104612-643036,161.55,-64.51,5.33,
star/j041912-441612,64.8,-44.27,5.33,
star/j185812+172136,284.55,17.36,5.33,
star/j182248-364012,275.69998,-36.67,5.33,
star/j114048+341200,175.20001,34.2,5.33,
star/j221424-210412,333.6,-21.07,5.33,
star/j080712-203300,121.799995,-20.55,5.33,
star/j082848-475548,127.2,-47.93,5.33,
star/j063900+395400,99.75,39.9,5.34,
star/j061536+160824,93.9,16.14,5.34,
star/j120448-681948,181.2,-68.33,5.34,
star/j051912+023600,79.8,2.6,5.34,
star/j221648-124948,334.2,-12.83,5.34,
star/j215024+171724,327.6,17.29,5.34,
star/j185700+325400,284.25,32.9,5.34,
star/j020112-300000,30.3,-30.0,5.34,
star/j125548-565024,193.95001,-56.84,5.34,
star/j065248+592700,103.200005,59.45,5.34,
star/j073524+305736,113.850006,30.96,5.34,
star/j205324-394836,313.34998,-39.81,5.34,
star/j120824-484124,182.1,-48.69,5.34,
star/j025400+382024,43.5,38.34,5.34,
star/j064648+571012,101.700005,57.17,5.34,
star/j173448+615248,263.7,61.88,5.34,
star/j165248+314200,253.19998,31.7,5.34,
star/j034536+060300,56.4,6.05,5.34,
star/j081236+682812,123.15,68.47,5.34,
star/j062136+532700,95.4,53.45,5.34,
star/j193448+422436,293.7,42.41,5.34,
star/j085024-664724,132.6,-66.79,5.34,
star/j041948+214612,64.95,21.77,5.34,
star/j102324-380036,155.85,-38.01,5.34,
star/j053300-641348,83.25,-64.23,5.34,
star/j092400-804724,141.0,-80.79,5.34,
star/j154200+125100,235.5,12.85,5.34,
star/j225700+484048,344.25,48.68,5.34,
star/j053224-013524,83.1,-1.59,5.34,
star/j142436-244836,216.15,-24.81,5.34,
star/j221236+343600,333.15,34.6,5.34,
star/j163000-461424,247.5,-46.24,5.35,
star/j191236-075624,288.15,-7.94,5.35,
star/j060636+382848,91.65,38.48,5.35,
star/j005548-111612,13.95,-11.27,5.35,
star/j173636+483524,264.15002,48.59,5.35,
star/j044612+114236,71.55,11.71,5.35,
star/j100112+315512,150.3,31.92,5.35,
star/j155436+430824,238.65,43.14,5.35,
star/j012624+191012,21.6,19.17,5.35,
star/j165512+182548,253.8,18.43,5.35,
star/j084048+454948,130.20001,45.83,5.35,
star/j152100+004312,230.25,0.72,5.35,
star/j005100+641500,12.75,64.25,5.35,
star/j134312+033224,205.8,3.54,5.35,
star/j222024-074912,335.1,-7.82,5.35,
star/j072436-314836,111.149994,-31.81,5.35,
star/j185624-424236,284.1,-42.71,5.35,
star/j232212+314836,350.55002,31.81,5.35,
star/j233900+502812,354.75,50.47,5.35,
star/j061012+585624,92.55,58.94,5.35,
star/j160824-261948,242.09999,-26.33,5.35,
star/j093224-403900,143.1,-40.65,5.35,
star/j132248-174424,200.7,-17.74,5.36,
star/j152436-394236,231.15,-39.71,5.36,
star/j040412+024948,61.050003,2.83,5.36,
star/j120000+033936,180.0,3.66,5.36,
star/j081124-074612,122.84999,-7.77,5.36,
star/j010712-614648,16.8,-61.78,5.36,
star/j022436-601836,36.15,-60.31,5.36,
star/j091500+145624,138.75,14.94,5.36,
star/j172024+253224,260.1,25.54,5.36,
star/j073000+494012,112.5,49.67,5.36,
star/j071536-304124,108.9,-30.69,5.36,
star/j144500-625248,221.25,-62.88,5.36,
star/j074536-341048,116.4,-34.18,5.36,
star/j061836-092324,94.65,-9.39,5.36,
star/j181724-560112,274.35,-56.02,5.36,
star/j061236+654312,93.15,65.72,5.36,
star/j153900-191800,234.75,-19.3,5.36,
star/j055136-073112,87.9,-7.52,5.36,
star/j053336-010936,83.4,-1.16,5.36,
star/j044012+532812,70.05,53.47,5.36,
star/j094348+140112,145.95,14.02,5.36,
star/j071424+030636,108.6,3.11,5.36,
star/j004012+212624,10.05,21.44,5.36,
star/j023224-010148,38.1,-1.03,5.36,
star/j104536+304048,161.40001,30.68,5.36,
star/j204724+803300,311.85,80.55,5.36,
star/j185624-372024,284.1,-37.34,5.36,
star/j004648+152848,11.7,15.48,5.36,
star/j104236-591312,160.65,-59.22,5.36,
star/j075700-433000,119.25,-43.5,5.36,
star/j234124-180148,355.35,-18.03,5.36,
star/j222024+054724,335.1,5.79,5.37,
star/j180300-241648,270.75,-24.28,5.37,
star/j072512+114012,111.3,11.67,5.37,
star/j061536+600000,93.9,60.0,5.37,
star/j080000+735512,120.0,73.92,5.37,
star/j230448-535736,346.2,-53.96,5.37,
star/j130000+663600,195.0,66.6,5.37,
star/j014612-054348,26.55,-5.73,5.37,
star/j221200+604536,333.0,60.76,5.37,
star/j040224-001612,60.6,-0.27,5.37,
star/j184612-222324,281.55002,-22.39,5.37,
star/j053524+240224,83.850006,24.04,5.37,
star/j221012-340112,332.55,-34.02,5.37,
star/j050300-490900,75.75,-49.15,5.37,
star/j062512-694124,96.3,-69.69,5.37,
star/j184612+752548,281.55002,75.43,5.37,
star/j072324-274948,110.85,-27.83,5.37,
star/j183112-325924,277.80002,-32.99,5.37,
star/j145736-763936,224.4,-76.66,5.37,
star/j123000+582436,187.5,58.41,5.37,
star/j161724+594500,244.35,59.75,5.37,
star/j111236-490600,168.15,-49.1,5.37,
star/j060636-041124,91.65,-4.19,5.37,
star/j152136+325548,230.4,32.93,5.38,
star/j200636+355812,301.65002,35.97,5.38,
star/j122736-585924,186.9,-58.99,5.38,
star/j184724-054236,281.85,-5.71,5.38,
star/j212400-205100,321.0,-20.85,5.38,
star/j003224+201724,8.1,20.29,5.38,
star/j221124+504912,332.85,50.82,5.38,
star/j145624-524836,224.09999,-52.81,5.38,
star/j051912+334500,79.8,33.75,5.38,
star/j043900+075212,69.75,7.87,5.38,
star/j143036-493112,217.65001,-49.52,5.38,
star/j004236-652812,10.65,-65.47,5.38,
star/j195100-104536,297.75,-10.76,5.38,
star/j202812+812512,307.05,81.42,5.38,
star/j042024-203824,65.100006,-20.64,5.38,
star/j124912+832436,192.29999,83.41,5.38,
star/j122248-574048,185.7,-57.68,5.38,
star/j191612-452812,289.05002,-45.47,5.38,
star/j155400-243148,238.5,-24.53,5.38,
star/j072024-520524,110.100006,-52.09,5.38,
star/j183412+522100,278.55,52.35,5.38,
star/j002024+081124,5.1,8.19,5.38,
star/j023600+344124,39.0,34.69,5.38,
star/j134200-584724,205.5,-58.79,5.38,
star/j002436+614948,6.15,61.83,5.38,
star/j042248+253748,65.700005,25.63,5.38,
star/j182924-015924,277.35,-1.99,5.38,
star/j183636+090712,279.15002,9.12,5.38,
star/j210112+460936,315.30002,46.16,5.38,
star/j075548+195248,118.95,19.88,5.38,
star/j172212-700712,260.55002,-70.12,5.39,
star/j080448+792848,121.2,79.48,5.39,
star/j061724+095624,94.35,9.94,5.39,
star/j190000+503148,285.0,50.53,5.39,
star/j041048+262848,62.699997,26.48,5.39,
star/j182024-154948,275.1,-15.83,5.39,
star/j064648-511612,101.700005,-51.27,5.39,
star/j162400-391124,246.0,-39.19,5.39,
star/j194912-723000,297.3,-72.5,5.39,
star/j172024+322812,260.1,32.47,5.39,
star/j143712-460748,219.3,-46.13,5.39,
star/j044424+110900,71.1,11.15,5.39,
star/j160936-032812,242.4,-3.47,5.39,
star/j193448+292736,293.7,29.46,5.39,
star/j212736+273636,321.9,27.61,5.39,
star/j165512+205736,253.8,20.96,5.39,
star/j112400+012436,171.0,1.41,5.39,
star/j203412+130148,308.55,13.03,5.39,
star/j221800-533748,334.5,-53.63,5.39,
star/j064912-150824,102.3,-15.14,5.39,
star/j231012+094912,347.55,9.82,5.39,
star/j154612-014800,236.55,-1.8,5.39,
star/j010300-462400,15.749999,-46.4,5.39,
star/j093148+350600,142.95,35.1,5.39,
star/j113336-403524,173.40001,-40.59,5.39,
star/j050000-101536,75.0,-10.26,5.39,
star/j143900+442400,219.75,44.4,5.39,
star/j035548+475212,58.95,47.87,5.39,
star/j024948-275624,42.449997,-27.94,5.39,
star/j043036+134312,67.65,13.72,5.4,
star/j153148-732324,232.95,-73.39,5.4,
star/j190300-034200,285.75,-3.7,5.4,
star/j184500-394124,281.25,-39.69,5.4,
star/j211424+100036-2,318.6,10.01,5.4,
star/j142624+191348,216.59999,19.23,5.4,
star/j052700+175736,81.75,17.96,5.4,
star/j190448+532400,286.2,53.4,5.4,
star/j034912+705212,57.3,70.87,5.4,
star/j190448-040148,286.2,-4.03,5.4,
star/j092812+090336,142.05,9.06,5.4,
star/j132812+595700,202.05,59.95,5.4,
star/j092848+453600,142.2,45.6,5.4,
star/j200524+620000,301.35,62.0,5.4,
star/j053824+302924,84.6,30.49,5.4,
star/j111348-000412,168.45,-0.07,5.4,
star/j211800-175924,319.5,-17.99,5.4,
star/j063636+382700,99.15,38.45,5.4,
star/j072248-315512,110.700005,-31.92,5.4,
star/j085400+303448,133.5,30.58,5.4,
star/j162212+334200,245.55002,33.7,5.4,
star/j010300-045024,15.749999,-4.84,5.4,
star/j162436-294200,246.15,-29.7,5.4,
star/j042136+604424,65.4,60.74,5.4,
star/j164124+313600-2,250.35,31.6,5.4,
star/j183636+332812,279.15002,33.47,5.41,
star/j193936+424912,294.9,42.82,5.41,
star/j070636-111724,106.65,-11.29,5.41,
star/j162848+004012,247.2,0.67,5.41,
star/j211312-273712,318.3,-27.62,5.41,
star/j013600-152400,24.0,-15.4,5.41,
star/j154348-154012,235.95,-15.67,5.41,
star/j065136-705736,102.9,-70.96,5.41,
star/j093524+354836,143.85,35.81,5.41,
star/j001124-274800,2.85,-27.8,5.41,
star/j074124-383148,115.35,-38.53,5.41,
star/j123748-270824,189.45,-27.14,5.41,
star/j182212+231648,275.55002,23.28,5.41,
star/j170748+355624,256.94998,35.94,5.41,
star/j172848+001948,262.19998,0.33,5.41,
star/j141912+130000,214.79999,13.0,5.41,
star/j072848-384836,112.2,-38.81,5.41,
star/j195100-591124,297.75,-59.19,5.41,
star/j181912+071536,274.8,7.26,5.41,
star/j160112+331836,240.3,33.31,5.41,
star/j204200+502024,310.5,50.34,5.41,
star/j024236-504800,40.65,-50.8,5.41,
star/j204912-684648,312.3,-68.78,5.41,
star/j004500+551312,11.25,55.22,5.41,
star/j072324-321200,110.85,-32.2,5.41,
star/j155400-235848,238.5,-23.98,5.41,
star/j134724-175136,206.85,-17.86,5.41,
star/j000936-275924,2.3999999,-27.99,5.42,
star/j063336-361348,98.4,-36.23,5.42,
star/j162436-373412,246.15,-37.57,5.42,
star/j004800+745100,12.0,74.85,5.42,
star/j124500+452624,191.25,45.44,5.42,
star/j020300+000748,30.75,0.13,5.42,
star/j183936-431124,279.9,-43.19,5.42,
star/j212736+664836,321.9,66.81,5.42,
star/j090748+293900,136.95,29.65,5.42,
star/j230824+020748,347.09998,2.13,5.42,
star/j002812-395436,7.05,-39.91,5.42,
star/j142848-065400,217.2,-6.9,5.42,
star/j101648+134348,154.2,13.73,5.42,
star/j042700+804912,66.75,80.82,5.42,
star/j064500+285812,101.25,28.97,5.42,
star/j012436-412924,21.15,-41.49,5.42,
star/j011648-023000,19.199999,-2.5,5.42,
star/j015324+404348,28.35,40.73,5.42,
star/j114724-574200,176.85,-57.7,5.42,
star/j083148-193448,127.95,-19.58,5.42,
star/j203748+112248,309.44998,11.38,5.42,
star/j073336-362024,113.4,-36.34,5.42,
star/j022212-005248,35.55,-0.88,5.42,
star/j123336+331500,188.40001,33.25,5.42,
star/j234836+621236,357.15,62.21,5.43,
star/j050936+094948,77.399994,9.83,5.43,
star/j161200-083300,243.00002,-8.55,5.43,
star/j225100-390936,342.75,-39.16,5.43,
star/j020036-083112,30.15,-8.52,5.43,
star/j155848-244948,239.7,-24.83,5.43,
star/j110448-354800,166.2,-35.8,5.43,
star/j185212+212548,283.05002,21.43,5.43,
star/j124724+664724,191.85,66.79,5.43,
star/j183636+064012,279.15002,6.67,5.43,
star/j084648-455436,131.7,-45.91,5.43,
star/j221048-113336,332.7,-11.56,5.43,
star/j175512+720036,268.8,72.01,5.43,
star/j225924+005736,344.85,0.96,5.43,
star/j103224+140824,158.1,14.14,5.43,
star/j220036-282700,330.15,-28.45,5.43,
star/j063148-080936,97.950005,-8.16,5.43,
star/j024348+441800,40.95,44.3,5.43,
star/j110900-280448,167.25,-28.08,5.43,
star/j085624-853936,134.09999,-85.66,5.43,
star/j053000+630412,82.5,63.07,5.43,
star/j170936-103112,257.4,-10.52,5.43,
star/j151836-603000,229.65001,-60.5,5.43,
star/j153900-522212,234.75,-52.37,5.43,
star/j020000-204912,30.0,-20.82,5.43,
star/j094612-764648,146.55,-76.78,5.43,
star/j224948+555400,342.45,55.9,5.43,
star/j022212-104648,35.55,-10.78,5.43,
star/j175700-040448,269.25,-4.08,5.44,
star/j051912-503636,79.8,-50.61,5.44,
star/j231912+483748,349.8,48.63,5.44,
star/j230524-074124,346.35,-7.69,5.44,
star/j053936-323748,84.899994,-32.63,5.44,
star/j051236+735700,78.15,73.95,5.44,
star/j130824-651836,197.1,-65.31,5.44,
star/j034836+232512,57.149998,23.42,5.44,
star/j161912-424012,244.79999,-42.67,5.44,
star/j032024+774348,50.1,77.73,5.44,
star/j203112+491312,307.80002,49.22,5.44,
star/j061536+123300,93.9,12.55,5.44,
star/j153600-442400,234.0,-44.4,5.44,
star/j041012-065512,62.550003,-6.92,5.44,
star/j085548+113748,133.95001,11.63,5.44,
star/j115812-561912,179.55,-56.32,5.44,
star/j025736-235136,44.4,-23.86,5.44,
star/j182700-480712,276.75,-48.12,5.44,
star/j005736+285924,14.4,28.99,5.44,
star/j071612-153524,109.05,-15.59,5.44,
star/j085700+325436,134.25,32.91,5.44,
star/j071124-001800,107.85,-0.3,5.44,
star/j160636+674836,241.65001,67.81,5.44,
star/j104648-171800,161.7,-17.3,5.44,
star/j093712-534012,144.3,-53.67,5.44,
star/j201312-010036,303.3,-1.01,5.44,
star/j065436-010748,103.649994,-1.13,5.44,
star/j075248-362136,118.200005,-36.36,5.44,
star/j044012+121200,70.05,12.2,5.45,
star/j121048-233600,182.70001,-23.6,5.45,
star/j040900-162324,62.25,-16.39,5.45,
star/j094424-274612,146.09999,-27.77,5.45,
star/j155548+375700,238.95001,37.95,5.45,
star/j040412+081200,61.050003,8.2,5.45,
star/j105400-020748,163.5,-2.13,5.45,
star/j065624-792512,104.1,-79.42,5.45,
star/j003900+492100,9.75,49.35,5.45,
star/j023900+215736,39.75,21.96,5.45,
star/j161648-534836,244.20001,-53.81,5.45,
star/j122812-390224,187.05,-39.04,5.45,
star/j221424-274612,333.6,-27.77,5.45,
star/j073148+170524,112.950005,17.09,5.45,
star/j034500+241724,56.25,24.29,5.45,
star/j151124-552100,227.84999,-55.35,5.45,
star/j065736-243748,104.4,-24.63,5.45,
star/j030524+251536,46.35,25.26,5.45,
star/j210900-885736,317.25,-88.96,5.45,
star/j053300-383036,83.25,-38.51,5.45,
star/j090300+242700,135.75,24.45,5.45,
star/j003712+352400,9.3,35.4,5.45,
star/j064612+793412,101.55,79.57,5.45,
star/j093000-513112,142.5,-51.52,5.45,
star/j005512-693148,13.8,-69.53,5.45,
star/j192512-235736,291.3,-23.96,5.45,
star/j223000+784912,337.5,78.82,5.45,
star/j125512-850712,193.8,-85.12,5.45,
star/j083936-532624,129.9,-53.44,5.45,
star/j083712-625100,129.3,-62.85,5.45,
star/j155436+201836,238.65,20.31,5.45,
star/j041500-621124,63.75,-62.19,5.45,
star/j181536-441236,273.9,-44.21,5.45,
star/j215624-371500,329.1,-37.25,5.45,
star/j193748-043900,294.44998,-4.65,5.45,
star/j150300-323824,225.75,-32.64,5.45,
star/j082548-420900,126.450005,-42.15,5.45,
star/j125512-425512,193.8,-42.92,5.46,
star/j055024-792136,87.600006,-79.36,5.46,
star/j041912+500300,64.8,50.05,5.46,
star/j071012-272924,107.55,-27.49,5.46,
star/j005512+233748,13.8,23.63,5.46,
star/j165400-414836,253.5,-41.81,5.46,
star/j184836-434048,282.15,-43.68,5.46,
star/j053112+031724,82.8,3.29,5.46,
star/j161312+050112,243.29999,5.02,5.46,
star/j093148-730448,142.95,-73.08,5.46,
star/j052024+410524,80.100006,41.09,5.46,
star/j192024-005324,290.1,-0.89,5.46,
star/j161948+394236,244.95,39.71,5.46,
star/j124348-281912,190.95,-28.32,5.46,
star/j060636-230636,91.65,-23.11,5.46,
star/j134724-501912,206.85,-50.32,5.46,
star/j195700+402212,299.25,40.37,5.46,
star/j054612+494948,86.55,49.83,5.46,
star/j053000-470448,82.5,-47.08,5.46,
star/j040412+240636,61.050003,24.11,5.46,
star/j084124-785736,130.34999,-78.96,5.46,
star/j071312+512548,108.299995,51.43,5.46,
star/j152736-364612,231.9,-36.77,5.46,
star/j140636-091836,211.65,-9.31,5.46,
star/j163636-425136,249.15001,-42.86,5.46,
star/j043936-142136,69.899994,-14.36,5.46,
star/j113748-474500,174.45,-47.75,5.46,
star/j152624+342024,231.59999,34.34,5.46,
star/j133936+525512,204.9,52.92,5.46,
star/j185436+413600,283.65,41.6,5.46,
star/j191800+230148,289.5,23.03,5.46,
star/j092700-713600,141.75,-71.6,5.46,
star/j104500-802812,161.25,-80.47,5.46,
star/j213748+191912,324.44998,19.32,5.46,
star/j183300-145212,278.25,-14.87,5.47,
star/j160036-163148,240.15001,-16.53,5.47,
star/j005248-240036,13.2,-24.01,5.47,
star/j132024-524500,200.1,-52.75,5.47,
star/j122924+240636,187.34999,24.11,5.47,
star/j193748-141800,294.44998,-14.3,5.47,
star/j205400+332624,313.5,33.44,5.47,
star/j090936-084724,137.4,-8.79,5.47,
star/j052924+250900,82.35,25.15,5.47,
star/j140224-272548,210.6,-27.43,5.47,
star/j084948-401912,132.45,-40.32,5.47,
star/j083448+650900,128.7,65.15,5.47,
star/j033224+480112,53.1,48.02,5.47,
star/j043000+832024,67.5,83.34,5.47,
star/j145024+371612,222.6,37.27,5.47,
star/j181312-412024,273.3,-41.34,5.47,
star/j043036+154124,67.65,15.69,5.47,
star/j183300+303300,278.25,30.55,5.47,
star/j204012-332548,310.05,-33.43,5.47,
star/j030000+471312,45.0,47.22,5.47,
star/j123112+243412,187.8,24.57,5.47,
star/j103712-584348,159.3,-58.73,5.47,
star/j175512+260300,268.8,26.05,5.47,
star/j222548+704612,336.45,70.77,5.47,
star/j070824+155548,107.1,15.93,5.47,
star/j045212+633036,73.049995,63.51,5.47,
star/j212848-693036,322.19998,-69.51,5.47,
star/j121836+750936,184.65001,75.16,5.47,
star/j075436+473336,118.649994,47.56,5.47,
star/j182324-750224,275.84998,-75.04,5.47,
star/j110000+453148,165.0,45.53,5.47,
star/j045512-745624,73.8,-74.94,5.47,
star/j222848-390748,337.19998,-39.13,5.47,
star/j054724+174348,86.85,17.73,5.47,
star/j074800-121124,117.0,-12.19,5.48,
star/j164648-392248,251.70001,-39.38,5.48,
star/j075400-355248,118.5,-35.88,5.48,
star/j051724-133112,79.35,-13.52,5.48,
star/j204612-391200,311.55002,-39.2,5.48,
star/j062136-114612,95.4,-11.77,5.48,
star/j205324+451048,313.34998,45.18,5.48,
star/j025024-354048,42.6,-35.68,5.48,
star/j145136+591724,222.9,59.29,5.48,
star/j154236+522136,235.65,52.36,5.48,
star/j181012-620000,272.55,-62.0,5.48,
star/j161048+755248,242.70001,75.88,5.48,
star/j212400-125248,321.0,-12.88,5.48,
star/j090524+483148,136.35,48.53,5.48,
star/j035248-052136,58.2,-5.36,5.48,
star/j165024+071500,252.6,7.25,5.48,
star/j123336-092700,188.40001,-9.45,5.48,
star/j113824-131200,174.6,-13.2,5.48,
star/j165700-331536,254.25002,-33.26,5.48,
star/j212512-033336,321.3,-3.56,5.48,
star/j145700-112436,224.25,-11.41,5.48,
star/j022436+103636,36.15,10.61,5.48,
star/j084200-480600,130.5,-48.1,5.48,
star/j054948-142848,87.45,-14.48,5.49,
star/j234800-024536,357.0,-2.76,5.49,
star/j123900+210336,189.75,21.06,5.49,
star/j074612-064612,116.55,-6.77,5.49,
star/j101612+291836,154.05,29.31,5.49,
star/j084236-530600,130.65,-53.1,5.49,
star/j183336-240148,278.4,-24.03,5.49,
star/j221800-773036,334.5,-77.51,5.49,
star/j194348-152812,295.94998,-15.47,5.49,
star/j004612-223112,11.549999,-22.52,5.49,
star/j233748+182400,354.44998,18.4,5.49,
star/j181424-214236,273.6,-21.71,5.49,
star/j031800+440148,49.5,44.03,5.49,
star/j093000-263524,142.5,-26.59,5.49,
star/j035624+350448,59.100002,35.08,5.49,
star/j190412-310300,286.05,-31.05,5.49,
star/j180748+362400,271.94998,36.4,5.49,
star/j030600+792512,46.5,79.42,5.49,
star/j161536-082212,243.90001,-8.37,5.49,
star/j104612+141124,161.55,14.19,5.49,
star/j014612-504912,26.55,-50.82,5.49,
star/j013300-365212,23.25,-36.87,5.49,
star/j091648-084424,139.2,-8.74,5.49,
star/j123148-592512,187.95,-59.42,5.49,
star/j205700-094200,314.25,-9.7,5.49,
star/j060900-222548,92.25,-22.43,5.49,
star/j044724-165548,71.85,-16.93,5.49,
star/j053224+170336,83.1,17.06,5.5,
star/j153300-011124,233.25,-1.19,5.5,
star/j103524-393336,158.85,-39.56,5.5,
star/j020300+331648,30.75,33.28,5.5,
star/j045624-051012,74.1,-5.17,5.5,
star/j060748-420900,91.950005,-42.15,5.5,
star/j134612-122548,206.55,-12.43,5.5,
star/j070300-591048,105.75,-59.18,5.5,
star/j185136+525812,282.90002,52.97,5.5,
star/j050824+241612,77.1,24.27,5.5,
star/j153224-194012,233.1,-19.67,5.5,
star/j215924-382400,329.85,-38.4,5.5,
star/j032136-233824,50.399998,-23.64,5.5,
star/j113448-490824,173.7,-49.14,5.5,
star/j232812-872848,352.05,-87.48,5.5,
star/j012624+191424,21.6,19.24,5.5,
star/j225736+204612,344.4,20.77,5.5,
star/j023936-115212,39.9,-11.87,5.5,
star/j002024-693712,5.1,-69.62,5.5,
star/j104612+185324,161.55,18.89,5.5,
star/j133712+711424,204.3,71.24,5.5,
star/j212700-423300,321.75,-42.55,5.5,
star/j072024-521836,110.100006,-52.31,5.5,
star/j032436+244312,51.15,24.72,5.5,
star/j163412-705924,248.54999,-70.99,5.5,
star/j202212+242700,305.55002,24.45,5.5,
star/j194348+254612,295.94998,25.77,5.5,
star/j100000+564836,150.0,56.81,5.5,
star/j181048+031912,272.7,3.32,5.5,
star/j160936-333300,242.4,-33.55,5.5,
star/j041912+210824,64.8,21.14,5.5,
star/j051500+050936,78.75,5.16,5.5,
star/j010224-313300,15.599999,-31.55,5.5,
star/j163600-653000,249.0,-65.5,5.5,
star/j010300+314800,15.749999,31.8,5.5,
star/j134648+383224,206.7,38.54,5.51,
star/j012700-130336,21.75,-13.06,5.51,
star/j104012-650600,160.05,-65.1,5.51,
star/j185924-125024,284.85,-12.84,5.51,
star/j201200+264836,303.0,26.81,5.51,
star/j003524-480000,8.849999,-48.0,5.51,
star/j200412+071648,301.05,7.28,5.51,
star/j175024+291912,267.6,29.32,5.51,
star/j082700-700524,126.75,-70.09,5.51,
star/j004648+115812,11.7,11.97,5.51,
star/j040900+193636,62.25,19.61,5.51,
star/j190036+553936,285.15,55.66,5.51,
star/j152024+293712,230.1,29.62,5.51,
star/j194612-315436,296.55002,-31.91,5.51,
star/j042812+834836,67.049995,83.81,5.51,
star/j165136+011312,252.90001,1.22,5.51,
star/j104312+261948,160.8,26.33,5.51,
star/j191312-121648,288.3,-12.28,5.51,
star/j010824+053900,17.1,5.65,5.51,
star/j185212-463600,283.05002,-46.6,5.51,
star/j030224-715400,45.6,-71.9,5.51,
star/j061800-195812,94.5,-19.97,5.51,
star/j195848+305848,299.69998,30.98,5.51,
star/j021648-062512,34.2,-6.42,5.51,
star/j045736+170900,74.4,17.15,5.51,
star/j031612-772324,49.05,-77.39,5.51,
star/j172024+461424,260.1,46.24,5.51,
star/j214312+410900,325.8,41.15,5.51,
star/j223000+042548,337.5,4.43,5.51,
star/j225924-292736,344.85,-29.46,5.51,
star/j093748-431124,144.45,-43.19,5.51,
star/j120900-411348,182.25,-41.23,5.51,
star/j211912+583712,319.8,58.62,5.51,
star/j205812+105024,314.55,10.84,5.51,
star/j143000-451912,217.5,-45.32,5.51,
star/j201048+265400,302.7,26.9,5.51,
star/j110300-111800,165.75,-11.3,5.51,
star/j040824+380224,62.1,38.04,5.52,
star/j103000+841500,157.5,84.25,5.52,
star/j025136+150448,42.899998,15.08,5.52,
star/j180748-170900,271.94998,-17.15,5.52,
star/j205100-375436,312.75,-37.91,5.52,
star/j034800-301012,57.0,-30.17,5.52,
star/j215100-693748,327.75,-69.63,5.52,
star/j081348-501200,123.45,-50.2,5.52,
star/j052736+155212,81.9,15.87,5.52,
star/j045512+551536,73.8,55.26,5.52,
star/j102400+334312,156.0,33.72,5.52,
star/j101800-285924,154.5,-28.99,5.52,
star/j191724-663936,289.35,-66.66,5.52,
star/j133300-152136,203.25,-15.36,5.52,
star/j055624-312248,89.1,-31.38,5.52,
star/j122024+263712,185.1,26.62,5.52,
star/j221048+700748,332.7,70.13,5.52,
star/j222700+650748,336.75,65.13,5.52,
star/j080448-530636,121.2,-53.11,5.52,
star/j063636-051236,99.15,-5.21,5.52,
star/j014236-534424,25.650002,-53.74,5.52,
star/j150112-024500,225.3,-2.75,5.52,
star/j193000-265924,292.5,-26.99,5.52,
star/j110712+015736,166.8,1.96,5.52,
star/j224536-463300,341.4,-46.55,5.52,
star/j151612-222400,229.05,-22.4,5.52,
star/j082400+531312,125.99999,53.22,5.52,
star/j082700-123148,126.75,-12.53,5.52,
star/j080300-411836,120.75,-41.31,5.52,
star/j051612+112024,79.05,11.34,5.52,
star/j182324-361424,275.84998,-36.24,5.52,
star/j150300+351236,225.75,35.21,5.52,
star/j172700+200448,261.75,20.08,5.52,
star/j162512+372324,246.3,37.39,5.53,
star/j145736-001012,224.4,-0.17,5.53,
star/j171648-323936,259.2,-32.66,5.53,
star/j232624-524312,351.6,-52.72,5.53,
star/j204048+321836,310.2,32.31,5.53,
star/j214724+604124,326.85,60.69,5.53,
star/j042700+230000,66.75,23.0,5.53,
star/j000112-502024,0.29999998,-50.34,5.53,
star/j153300-165100,233.25,-16.85,5.53,
star/j215212+284724,328.05002,28.79,5.53,
star/j141348+125736,213.45,12.96,5.53,
star/j034048-051236,55.2,-5.21,5.53,
star/j191948+122212,289.95,12.37,5.53,
star/j053112-205136,82.8,-20.86,5.53,
star/j161948-305436,244.95,-30.91,5.53,
star/j231800-404912,349.5,-40.82,5.53,
star/j100036-821236,150.15001,-82.21,5.53,
star/j190636+283748,286.65002,28.63,5.53,
star/j222324-244536,335.84998,-24.76,5.53,
star/j225436-161612,343.65,-16.27,5.53,
star/j174236-365700,265.65,-36.95,5.53,
star/j210412-054912,316.05,-5.82,5.53,
star/j062624+561724,96.6,56.29,5.53,
star/j171912-463824,259.8,-46.64,5.53,
star/j181012-304348,272.55,-30.73,5.53,
star/j141312-534012,213.3,-53.67,5.53,
star/j163600+525400,249.0,52.9,5.53,
star/j165812-503824,254.54999,-50.64,5.53,
star/j042848+012248,67.2,1.38,5.53,
star/j115548+153900,178.95001,15.65,5.53,
star/j160036-082436,240.15001,-8.41,5.53,
star/j044424-184012,71.1,-18.67,5.53,
star/j135324-353936,208.35,-35.66,5.53,
star/j221348+452624,333.44998,45.44,5.53,
star/j023600-074948,39.0,-7.83,5.53,
star/j015212+550900,28.05,55.15,5.53,
star/j053712+170224,84.299995,17.04,5.53,
star/j141536-181200,213.90001,-18.2,5.53,
star/j213112+602736,322.80002,60.46,5.53,
star/j230448-684912,346.2,-68.82,5.53,
star/j044312-705548,70.799995,-70.93,5.53,
star/j154912-034912,237.29999,-3.82,5.53,
star/j195736+164724,299.4,16.79,5.54,
star/j231648+531236,349.2,53.21,5.54,
star/j152100-054912,230.25,-5.82,5.54,
star/j195212+245924,298.05002,24.99,5.54,
star/j154800-652624,237.0,-65.44,5.54,
star/j173448-111424,263.7,-11.24,5.54,
star/j031800-623448,49.5,-62.58,5.54,
star/j215700+120448,329.25,12.08,5.54,
star/j113036+182436,172.65001,18.41,5.54,
star/j205924+592624,314.85,59.44,5.54,
star/j061012-402100,92.55,-40.35,5.54,
star/j001012+110900,2.55,11.15,5.54,
star/j052248+410148,80.700005,41.03,5.54,
star/j091312-592436,138.3,-59.41,5.54,
star/j155700+142436,239.25,14.41,5.54,
star/j013712+120824,24.3,12.14,5.54,
star/j055024+141836,87.600006,14.31,5.54,
star/j072548-790524,111.45,-79.09,5.54,
star/j081048-134800,122.700005,-13.8,5.54,
star/j064800+554200,102.0,55.7,5.54,
star/j114124-430600,175.34999,-43.1,5.54,
star/j122100+575136,185.25,57.86,5.54,
star/j174200+155700,265.5,15.95,5.54,
star/j060112-335436,90.3,-33.91,5.54,
star/j061648-374424,94.200005,-37.74,5.54,
star/j205548+123412,313.95,12.57,5.54,
star/j171236+625212,258.15,62.87,5.54,
star/j103900+534012,159.75,53.67,5.55,
star/j031236+063936,48.15,6.66,5.55,
star/j062024-340824,95.100006,-34.14,5.55,
star/j231536+705324,348.9,70.89,5.55,
star/j032212+273636,50.55,27.61,5.55,
star/j051800+424724,79.5,42.79,5.55,
star/j062700-001648,96.75,-0.28,5.55,
star/j124948-715924,192.45,-71.99,5.55,
star/j062736+025436,96.9,2.91,5.55,
star/j010524+212812-2,16.35,21.47,5.55,
star/j033936+030336,54.9,3.06,5.55,
star/j220300-063112,330.75,-6.52,5.55,
star/j034124+373448,55.350002,37.58,5.55,
star/j134424-161048,206.09999,-16.18,5.55,
star/j172136+395812,260.40002,39.97,5.55,
star/j074200+141236,115.5,14.21,5.55,
star/j042024+505512,65.100006,50.92,5.55,
star/j162548+785736,246.45001,78.96,5.55,
star/j142024-430336,215.1,-43.06,5.55,
star/j143636-461500,219.15,-46.25,5.55,
star/j055436-395736,88.649994,-39.96,5.55,
star/j112400-721536,171.0,-72.26,5.55,
star/j072812-290936,112.049995,-29.16,5.55,
star/j164200-195512,250.50002,-19.92,5.55,
star/j070600+342812,106.5,34.47,5.55,
star/j230112-285100,345.30002,-28.85,5.55,
star/j120036-102624,180.15001,-10.44,5.55,
star/j004948+274236,12.45,27.71,5.55,
star/j210636-412324,316.65002,-41.39,5.55,
star/j220148+580000,330.45,58.0,5.55,
star/j081948+754536,124.95,75.76,5.55,
star/j000524+132400,1.35,13.4,5.55,
star/j205812+442812,314.55,44.47,5.55,
star/j233448+401424,353.7,40.24,5.55,
star/j003336-293336,8.4,-29.56,5.55,
star/j234648+572700,356.7,57.45,5.55,
star/j164724-582024,251.85,-58.34,5.55,
star/j205212-053036,313.05002,-5.51,5.55,
star/j070412-433636,106.05,-43.61,5.55,
star/j144200+113936,220.5,11.66,5.55,
star/j013824+575848,24.6,57.98,5.55,
star/j022736+314800,36.9,31.8,5.55,
star/j193112+501836,292.80002,50.31,5.55,
star/j085136-071048,132.9,-7.18,5.55,
star/j010748+204424,16.95,20.74,5.56,
star/j033600-111124,54.0,-11.19,5.56,
star/j185700+023224,284.25,2.54,5.56,
star/j113824+433748,174.6,43.63,5.56,
star/j011124+641200,17.85,64.2,5.56,
star/j095100-624500,147.75,-62.75,5.56,
star/j181536+420936,273.9,42.16,5.56,
star/j094348-535324,145.95,-53.89,5.56,
star/j115212-565924,178.05,-56.99,5.56,
star/j092136-421124,140.4,-42.19,5.56,
star/j185548-162248,283.95,-16.38,5.56,
star/j082700+123900,126.75,12.65,5.56,
star/j232248+600748,350.69998,60.13,5.56,
star/j005700+602136,14.25,60.36,5.56,
star/j093448-055436,143.7,-5.91,5.56,
star/j195436+241912,298.65,24.32,5.56,
star/j231912-050712,349.8,-5.12,5.56,
star/j170636+220448,256.65002,22.08,5.56,
star/j122700-324948,186.75,-32.83,5.56,
star/j231312+571012,348.3,57.17,5.56,
star/j232436+322248,351.15,32.38,5.56,
star/j134048-854724,205.20001,-85.79,5.56,
star/j222848-672924,337.19998,-67.49,5.56,
star/j231536-033000,348.9,-3.5,5.56,
star/j174236+243336,265.65,24.56,5.56,
star/j025924-022736,44.85,-2.46,5.56,
star/j060936-143448,92.399994,-14.58,5.56,
star/j062248-695848,95.700005,-69.98,5.56,
star/j052812-371348,82.049995,-37.23,5.56,
star/j034500-001800,56.25,-0.3,5.56,
star/j084012-530112,130.05,-53.02,5.56,
star/j090112-415136,135.3,-41.86,5.56,
star/j091236-433636,138.15,-43.61,5.56,
star/j152248+393448,230.7,39.58,5.56,
star/j044012-242848,70.05,-24.48,5.56,
star/j142512-681200,216.3,-68.2,5.56,
star/j190824-191724,287.09998,-19.29,5.56,
star/j232700+871836,351.75,87.31,5.56,
star/j074912-562436,117.3,-56.41,5.57,
star/j165700-230900,254.25002,-23.15,5.57,
star/j160936-575548,242.4,-57.93,5.57,
star/j014236+680224,25.650002,68.04,5.57,
star/j063336+140936,98.4,14.16,5.57,
star/j213336-445100,323.4,-44.85,5.57,
star/j192624-214648,291.6,-21.78,5.57,
star/j093636+310936,144.15,31.16,5.57,
star/j103336+345924,158.40001,34.99,5.57,
star/j085624+643600,134.09999,64.6,5.57,
star/j204800+060036,312.0,6.01,5.57,
star/j154348+323112,235.95,32.52,5.57,
star/j003412-522212,8.55,-52.37,5.57,
star/j000636+641200,1.65,64.2,5.57,
star/j021424-675024,33.6,-67.84,5.57,
star/j022100+500900,35.25,50.15,5.57,
star/j220300+443900,330.75,44.65,5.57,
star/j021536+250224,33.9,25.04,5.57,
star/j133936+104500,204.9,10.75,5.57,
star/j044912+312624,72.3,31.44,5.57,
star/j102924-303636,157.34999,-30.61,5.57,
star/j214648-112212,326.7,-11.37,5.57,
star/j173112+024312,262.80002,2.72,5.57,
star/j000900+181236,2.25,18.21,5.57,
star/j015924-420148,29.85,-42.03,5.57,
star/j130824-085848,197.1,-8.98,5.57,
star/j181012+362812,272.55,36.47,5.57,
star/j032924-124012,52.35,-12.67,5.57,
star/j004800-214312,12.0,-21.72,5.57,
star/j011124+650112,17.85,65.02,5.57,
star/j010936+193936,17.4,19.66,5.57,
star/j154312-842812,235.8,-84.47,5.57,
star/j235700+554236,359.25,55.71,5.57,
star/j142212-344724,215.55,-34.79,5.57,
star/j105136+591912,162.9,59.32,5.57,
star/j164124-484536,250.35,-48.76,5.57,
star/j124200+064836,190.5,6.81,5.57,
star/j154536+052700,236.40001,5.45,5.57,
star/j192924+143600,292.35,14.6,5.57,
star/j110636-705248,166.65,-70.88,5.58,
star/j071500-270224,108.75,-27.04,5.58,
star/j002400+520112,6.0,52.02,5.58,
star/j045100-532736,72.75,-53.46,5.58,
star/j094648-444536,146.7,-44.76,5.58,
star/j185512+063712,283.8,6.62,5.58,
star/j040524-273900,61.350002,-27.65,5.58,
star/j232100+302512,350.25,30.42,5.58,
star/j063112-514948,97.8,-51.83,5.58,
star/j123336-124948,188.40001,-12.83,5.58,
star/j082136-200448,125.399994,-20.08,5.58,
star/j142848+495024,217.2,49.84,5.58,
star/j115512+082624,178.8,8.44,5.58,
star/j112548+162736,171.45001,16.46,5.58,
star/j181536-630336,273.9,-63.06,5.58,
star/j175324-345400,268.34998,-34.9,5.58,
star/j182512-304536,276.3,-30.76,5.58,
star/j202212+454724,305.55002,45.79,5.58,
star/j102700-545248,156.75,-54.88,5.58,
star/j221348-251048,333.44998,-25.18,5.58,
star/j032848+495100,52.2,49.85,5.58,
star/j021800+195400,34.5,19.9,5.58,
star/j041948+140224,64.95,14.04,5.58,
star/j201836+370000,304.65,37.0,5.58,
star/j000148+611312,0.45,61.22,5.58,
star/j043000+153824,67.5,15.64,5.58,
star/j073824+350300,114.6,35.05,5.58,
star/j010600-095024,16.5,-9.84,5.58,
star/j185400+365812,283.5,36.97,5.58,
star/j025624+180112,44.100002,18.02,5.58,
star/j082624+275324,126.59999,27.89,5.58,
star/j212100+235136,320.25,23.86,5.58,
star/j013900-211648,24.75,-21.28,5.58,
star/j191536+150448,288.9,15.08,5.58,
star/j214800-471800,327.0,-47.3,5.58,
star/j074124+480748,115.35,48.13,5.58,
star/j220900+331012,332.25,33.17,5.58,
star/j102924-293936,157.34999,-29.66,5.58,
star/j120148+360224,180.45,36.04,5.59,
star/j065848-252436,104.7,-25.41,5.59,
star/j073300+031724,113.25,3.29,5.59,
star/j103112-133524,157.8,-13.59,5.59,
star/j005436+834236,13.650001,83.71,5.59,
star/j091012-302212,137.55,-30.37,5.59,
star/j004912-133336,12.3,-13.56,5.59,
star/j025548+613112,43.95,61.52,5.59,
star/j000448-712624,1.1999999,-71.44,5.59,
star/j085136-573748,132.9,-57.63,5.59,
star/j043636-620448,69.15,-62.08,5.59,
star/j212512+464236,321.3,46.71,5.59,
star/j003148+525024,7.95,52.84,5.59,
star/j235212+025548,358.05002,2.93,5.59,
star/j063524-364648,98.850006,-36.78,5.59,
star/j130636-413524,196.65,-41.59,5.59,
star/j115848-642024,179.7,-64.34,5.59,
star/j155700-335736,239.25,-33.96,5.59,
star/j203712+262736,309.30002,26.46,5.59,
star/j205848+502736,314.69998,50.46,5.59,
star/j191948-352512,289.95,-35.42,5.59,
star/j034348-102924,55.95,-10.49,5.59,
star/j192024-222400,290.1,-22.4,5.59,
star/j020300+642324,30.75,64.39,5.59,
star/j150524+480900,226.35,48.15,5.59,
star/j010112-385512,15.299999,-38.92,5.59,
star/j201948+685248,304.95,68.88,5.59,
star/j115736-622700,179.4,-62.45,5.59,
star/j145324-731124,223.35,-73.19,5.59,
star/j204312+663936,310.8,66.66,5.59,
star/j081800-352700,124.5,-35.45,5.59,
star/j101536-430636,153.90001,-43.11,5.59,
star/j193336-451612,293.4,-45.27,5.59,
star/j235924-292924,359.85,-29.49,5.59,
star/j191648+044948,289.2,4.83,5.59,
star/j100712-170824,151.8,-17.14,5.59,
star/j151912-404724,229.79999,-40.79,5.59,
star/j072100-142136,110.25,-14.36,5.59,
star/j021800+014536,34.5,1.76,5.6,
star/j082624-035924,126.59999,-3.99,5.6,
star/j051124-115100,77.85,-11.85,5.6,
star/j092512-050712,141.3,-5.12,5.6,
star/j012324+374236,20.85,37.71,5.6,
star/j184948-432548,282.45,-43.43,5.6,
star/j195212+470148,298.05002,47.03,5.6,
star/j053524+101424,83.850006,10.24,5.6,
star/j130636+223712,196.65,22.62,5.6,
star/j062248-562212,95.700005,-56.37,5.6,
star/j164536+154500,251.40001,15.75,5.6,
star/j195436+001612,298.65,0.27,5.6,
star/j121200+203224,183.0,20.54,5.6,
star/j072924-015436,112.35,-1.91,5.6,
star/j011200+794012,18.0,79.67,5.6,
star/j210824+301236,317.09998,30.21,5.6,
star/j052512-101948,81.3,-10.33,5.6,
star/j232700+702136,351.75,70.36,5.6,
star/j075024-091048,117.600006,-9.18,5.6,
star/j202212-420300,305.55002,-42.05,5.6,
star/j225624+413600,344.1,41.6,5.6,
star/j050712+183900,76.799995,18.65,5.6,
star/j053412+141836,83.55,14.31,5.6,
star/j055100+275812,87.75,27.97,5.6,
star/j132024+400900,200.1,40.15,5.6,
star/j171536-333300,258.9,-33.55,5.6,
star/j230824-284912,347.09998,-28.82,5.6,
star/j074312-360300,115.799995,-36.05,5.6,
star/j102548-070336,156.45001,-7.06,5.6,
star/j220112+003600,330.30002,0.6,5.6,
star/j232512-565100,351.3,-56.85,5.6,
star/j023936-115212-2,39.9,-11.87,5.6,
star/j192624+200600,291.6,20.1,5.6,
star/j034424+362736,56.1,36.46,5.6,
star/j064724-553224,101.85,-55.54,5.6,
star/j055212+141012,88.049995,14.17,5.6,
star/j204800+474948,312.0,47.83,5.6,
star/j133412+552100,203.54999,55.35,5.6,
star/j090900-083524,137.25,-8.59,5.6,
star/j080036+171836,120.15,17.31,5.6,
star/j075736-601800,119.4,-60.3,5.6,
star/j222924+090748,337.35,9.13,5.6,
star/j063224-055212,98.1,-5.87,5.6,
star/j094424-274612-2,146.09999,-27.77,5.6,
star/j072700-175136,111.75,-17.86,5.6,
star/j161536-575436,243.90001,-57.91,5.61,
star/j155848+363824,239.7,36.64,5.61,
star/j104948-340336,162.45,-34.06,5.61,
star/j163148+453600,247.95001,45.6,5.61,
star/j182100+295136,275.25,29.86,5.61,
star/j144724-253712,221.85,-25.62,5.61,
star/j092136-553036,140.4,-55.51,5.61,
star/j133936-400300,204.9,-40.05,5.61,
star/j042924-130300,67.35,-13.05,5.61,
star/j062400-253448,96.0,-25.58,5.61,
star/j154648-344048,236.7,-34.68,5.61,
star/j102512+084648,156.3,8.78,5.61,
star/j074948-331724,117.45,-33.29,5.61,
star/j002136-200336,5.4,-20.06,5.61,
star/j083036-320936,127.65,-32.16,5.61,
star/j134836+311124,207.15001,31.19,5.61,
star/j031536+303336,48.9,30.56,5.61,
star/j094200+394536,145.5,39.76,5.61,
star/j220112+130712,330.30002,13.12,5.61,
star/j173336-054424,263.4,-5.74,5.61,
star/j064012-804836,100.05,-80.81,5.61,
star/j174724+174200,266.85,17.7,5.61,
star/j050336-242324,75.9,-24.39,5.61,
star/j125548+381836,193.95001,38.31,5.61,
star/j020336-040600,30.9,-4.1,5.61,
star/j225136+614200,342.90002,61.7,5.61,
star/j141500-415024,213.75,-41.84,5.61,
star/j035924-123412,59.85,-12.57,5.61,
star/j082436-034500,126.149994,-3.75,5.61,
star/j095136-461124,147.9,-46.19,5.62,
star/j013448-154048,23.7,-15.68,5.62,
star/j175548+222736,268.95,22.46,5.62,
star/j084312+124048,130.8,12.68,5.62,
star/j230636-385324,346.65002,-38.89,5.62,
star/j055248-373748,88.200005,-37.63,5.62,
star/j031836-005548,49.649998,-0.93,5.62,
star/j075136-211012,117.9,-21.17,5.62,
star/j074424-244012,116.1,-24.67,5.62,
star/j200448+321312,301.2,32.22,5.62,
star/j075436-571800,118.649994,-57.3,5.62,
star/j033224+845436,53.1,84.91,5.62,
star/j220600-593824,331.5,-59.64,5.62,
star/j035700+222848,59.25,22.48,5.62,
star/j145624-475248,224.09999,-47.88,5.62,
star/j151536+002212,228.90001,0.37,5.62,
star/j081312+293936,123.3,29.66,5.62,
star/j183524+233636,278.85,23.61,5.62,
star/j115100-051948,177.75,-5.33,5.62,
star/j030224+042100,45.6,4.35,5.62,
star/j093712-321048,144.3,-32.18,5.62,
star/j005848-112248,14.700001,-11.38,5.62,
star/j152324+301724,230.85,30.29,5.62,
star/j061536-003036,93.9,-0.51,5.62,
star/j164124-493900,250.35,-49.65,5.62,
star/j214948-644236,327.45,-64.71,5.62,
star/j055436-114612,88.649994,-11.77,5.62,
star/j185624+651536,284.1,65.26,5.62,
star/j222324-455548,335.84998,-45.93,5.62,
star/j054236+654200,85.65,65.7,5.62,
star/j064536-305700,101.4,-30.95,5.62,
star/j040412-124724,61.050003,-12.79,5.62,
star/j161200+362548,243.00002,36.43,5.62,
star/j062400-364236,96.0,-36.71,5.62,
star/j063448-324312,98.7,-32.72,5.62,
star/j170524-005324,256.35,-0.89,5.63,
star/j183000-184348,277.5,-18.73,5.63,
star/j070412-051912,106.05,-5.32,5.63,
star/j233448+333000,353.7,33.5,5.63,
star/j195324-030636,298.34998,-3.11,5.63,
star/j014200+351500,25.5,35.25,5.63,
star/j104236-324312,160.65,-32.72,5.63,
star/j014048+431800,25.199999,43.3,5.63,
star/j190224-245100,285.6,-24.85,5.63,
star/j163224+053112,248.1,5.52,5.63,
star/j123000-234200,187.5,-23.7,5.63,
star/j084500+100448,131.25,10.08,5.63,
star/j232700-582848,351.75,-58.48,5.63,
star/j145624+493748,224.09999,49.63,5.63,
star/j014800+635100,27.0,63.85,5.63,
star/j214724+024124,326.85,2.69,5.63,
star/j060448+040936,91.2,4.16,5.63,
star/j155548-261612,238.95001,-26.27,5.63,
star/j130712-355136,196.8,-35.86,5.63,
star/j170524+542812,256.35,54.47,5.63,
star/j173112+310936,262.80002,31.16,5.63,
star/j081800+593412,124.5,59.57,5.63,
star/j031948-240712,49.949997,-24.12,5.63,
star/j160748+095324,241.94998,9.89,5.63,
star/j134048+223000,205.20001,22.5,5.63,
star/j210448+053000,316.2,5.5,5.63,
star/j073036+682812,112.65,68.47,5.63,
star/j190448+314424,286.2,31.74,5.63,
star/j202736+382624,306.9,38.44,5.63,
star/j110524-271724,166.35,-27.29,5.63,
star/j212248-224012,320.69998,-22.67,5.63,
star/j182812-390000,277.05,-39.0,5.63,
star/j081948-713036-2,124.95,-71.51,5.63,
star/j133712-614124,204.3,-61.69,5.63,
star/j113448+544724,173.7,54.79,5.63,
star/j202400-422512,306.0,-42.42,5.64,
star/j164500-405024,251.25,-40.84,5.64,
star/j194048-003712,295.2,-0.62,5.64,
star/j073336-192436,113.4,-19.41,5.64,
star/j094348+295812,145.95,29.97,5.64,
star/j021124+083412,32.850002,8.57,5.64,
star/j101048-082512,152.70001,-8.42,5.64,
star/j030636+131124,46.649998,13.19,5.64,
star/j212624-374948,321.6,-37.83,5.64,
star/j045100+484424,72.75,48.74,5.64,
star/j020336+255624,30.9,25.94,5.64,
star/j185400+275436,283.5,27.91,5.64,
star/j113712-755400,174.3,-75.9,5.64,
star/j152812-164312,232.05,-16.72,5.64,
star/j023636+122700,39.149998,12.45,5.64,
star/j113300-402624,173.25,-40.44,5.64,
star/j070112-251312,105.3,-25.22,5.64,
star/j004536+745924,11.4,74.99,5.64,
star/j090148-002848,135.45,-0.48,5.64,
star/j042324+164648,65.85,16.78,5.64,
star/j145924+391612,224.84999,39.27,5.64,
star/j083900+650112,129.75,65.02,5.64,
star/j041836+213448,64.65,21.58,5.64,
star/j145024+823036,222.6,82.51,5.64,
star/j071536+471424,108.9,47.24,5.64,
star/j161424+335136,243.59999,33.86,5.64,
star/j223000+323412,337.5,32.57,5.64,
star/j170000-543600,255.0,-54.6,5.64,
star/j131424+111948,198.59999,11.33,5.64,
star/j071612-464612,109.05,-46.77,5.64,
star/j193600-244312,294.0,-24.72,5.64,
star/j052024+623900,80.100006,62.65,5.64,
star/j154012-732700,235.05,-73.45,5.64,
star/j211200+595924,318.0,59.99,5.64,
star/j182548+080148,276.45,8.03,5.64,
star/j074236-262100,115.65,-26.35,5.64,
star/j052436-165848,81.149994,-16.98,5.64,
star/j113524-472212,173.85,-47.37,5.64,
star/j010448+145700,16.2,14.95,5.64,
star/j130600+451612,196.5,45.27,5.64,
star/j183000+773300,277.5,77.55,5.65,
star/j124612+093224,191.55,9.54,5.65,
star/j065324-190148,103.35,-19.03,5.65,
star/j152324-603936,230.85,-60.66,5.65,
star/j173336+191536,263.4,19.26,5.65,
star/j023748-032400,39.45,-3.4,5.65,
star/j220112+081536,330.30002,8.26,5.65,
star/j151948+515736,229.95,51.96,5.65,
star/j105400-134536,163.5,-13.76,5.65,
star/j150148-831348,225.45,-83.23,5.65,
star/j232100-265924,350.25,-26.99,5.65,
star/j153748+691648,234.45,69.28,5.65,
star/j172548+600300,261.45,60.05,5.65,
star/j132924+104912,202.34999,10.82,5.65,
star/j152136-481912,230.4,-48.32,5.65,
star/j045848-162248,74.7,-16.38,5.65,
star/j034948+445812,57.449997,44.97,5.65,
star/j145848-273936,224.7,-27.66,5.65,
star/j191612+143224,289.05002,14.54,5.65,
star/j003524-033524,8.849999,-3.59,5.65,
star/j150448-830224,226.2,-83.04,5.65,
star/j053712-802812,84.299995,-80.47,5.65,
star/j201424-522700,303.6,-52.45,5.65,
star/j094612+014724,146.55,1.79,5.65,
star/j060412-321012,91.05,-32.17,5.65,
star/j132548-703748,201.45001,-70.63,5.65,
star/j124836-273600,192.15001,-27.6,5.65,
star/j080112+045248,120.3,4.88,5.65,
star/j072700-230524,111.75,-23.09,5.65,
star/j191500+211348,288.75,21.23,5.65,
star/j060036-511312,90.15,-51.22,5.65,
star/j121200+255212,183.0,25.87,5.66,
star/j203224-095100,308.1,-9.85,5.66,
star/j034500+245024,56.25,24.84,5.66,
star/j233748-130336,354.44998,-13.06,5.66,
star/j230000-250936,345.0,-25.16,5.66,
star/j092924-204500,142.34999,-20.75,5.66,
star/j163000-143300,247.5,-14.55,5.66,
star/j035212+063148,58.05,6.53,5.66,
star/j135512-520936,208.8,-52.16,5.66,
star/j205136+281500,312.90002,28.25,5.66,
star/j105100+563448,162.75,56.58,5.66,
star/j200036-334200,300.15,-33.7,5.66,
star/j073636+461048,114.15,46.18,5.66,
star/j122324-245024,185.85,-24.84,5.66,
star/j073600-142924,114.0,-14.49,5.66,
star/j192700-294424,291.75,-29.74,5.66,
star/j052100+293412,80.25,29.57,5.66,
star/j020824+582512,32.100002,58.42,5.66,
star/j013712-844612,24.3,-84.77,5.66,
star/j102024-474200,155.1,-47.7,5.66,
star/j171200-393036,258.0,-39.51,5.66,
star/j173148+282436,262.95,28.41,5.66,
star/j034612+454048,56.55,45.68,5.66,
star/j004424+475136,11.1,47.86,5.66,
star/j223900-330448,339.75,-33.08,5.66,
star/j231648-620000,349.2,-62.0,5.66,
star/j214200+011724,325.5,1.29,5.66,
star/j044312-304612,70.799995,-30.77,5.66,
star/j083824+532400,129.6,53.4,5.66,
star/j213824+054612,324.59998,5.77,5.66,
star/j101912-644048,154.79999,-64.68,5.66,
star/j193712-181348,294.30002,-18.23,5.66,
star/j080936-560524,122.399994,-56.09,5.66,
star/j001612-312700,4.05,-31.45,5.66,
star/j044124+481800,70.35,48.3,5.66,
star/j080900-484048,122.24999,-48.68,5.66,
star/j232848-630636,352.19998,-63.11,5.66,
star/j080936-161500,122.399994,-16.25,5.66,
star/j064648-100636,101.700005,-10.11,5.66,
star/j003036-481236,7.6499996,-48.21,5.67,
star/j183336-384348,278.4,-38.73,5.67,
star/j053448-060036,83.7,-6.01,5.67,
star/j053336+183224,83.4,18.54,5.67,
star/j051048+465736,77.7,46.96,5.67,
star/j162400+614200,246.0,61.7,5.67,
star/j021236-022324,33.15,-2.39,5.67,
star/j000748-333148,1.9499999,-33.53,5.67,
star/j212436+261012,321.15,26.17,5.67,
star/j043412+053412,68.55,5.57,5.67,
star/j041800-801236,64.5,-80.21,5.67,
star/j040148+100000,60.450005,10.0,5.67,
star/j082436-805436,126.149994,-80.91,5.67,
star/j060448+052512,91.2,5.42,5.67,
star/j033224-502248,53.1,-50.38,5.67,
star/j082512-230900,126.3,-23.15,5.67,
star/j084048-451124,130.20001,-45.19,5.67,
star/j103448+083900,158.7,8.65,5.67,
star/j011012+420448,17.55,42.08,5.67,
star/j205136-622548,312.90002,-62.43,5.67,
star/j021536-674500,33.9,-67.75,5.67,
star/j185700+574836,284.25,57.81,5.67,
star/j030748-785924,46.95,-78.99,5.67,
star/j150824+261800,227.1,26.3,5.67,
star/j094612+114836,146.55,11.81,5.67,
star/j144048-360748,220.20001,-36.13,5.67,
star/j162812-583600,247.04999,-58.6,5.67,
star/j193712+162736,294.30002,16.46,5.67,
star/j061948+143900,94.95,14.65,5.67,
star/j110448-474048,166.2,-47.68,5.67,
star/j200412-004236,301.05,-0.71,5.67,
star/j085248+322812,133.2,32.47,5.67,
star/j181012+030712,272.55,3.12,5.67,
star/j161200-282512,243.00002,-28.42,5.67,
star/j134648+542548,206.7,54.43,5.68,
star/j204200+414312,310.5,41.72,5.68,
star/j144912-241500,222.29999,-24.25,5.68,
star/j195024+403600,297.6,40.6,5.68,
star/j123000+205400,187.5,20.9,5.68,
star/j065212+233600,103.049995,23.6,5.68,
star/j000448+671012,1.1999999,67.17,5.68,
star/j045248+423524,73.200005,42.59,5.68,
star/j085736+153448,134.4,15.58,5.68,
star/j230748+491800,346.94998,49.3,5.68,
star/j144536+004312,221.40001,0.72,5.68,
star/j070900-703000-2,107.25,-70.5,5.68,
star/j203900+301948,309.75,30.33,5.68,
star/j144948+484312,222.45,48.72,5.68,
star/j230112-505700,345.30002,-50.95,5.68,
star/j052136-002512,80.4,-0.42,5.68,
star/j231048+173524,347.7,17.59,5.68,
star/j115024-623900,177.6,-62.65,5.68,
star/j033000-782100,52.5,-78.35,5.68,
star/j123824+015100,189.6,1.85,5.68,
star/j083148-531236,127.95,-53.21,5.68,
star/j224800-140336,342.0,-14.06,5.68,
star/j233636+020600,354.15002,2.1,5.68,
star/j065024+132436,102.600006,13.41,5.68,
star/j212212+492324,320.55002,49.39,5.68,
star/j185400-212136,283.5,-21.36,5.68,
star/j195924+230600,299.85,23.1,5.68,
star/j171836+284912,259.65,28.82,5.68,
star/j073824-483600,114.6,-48.6,5.68,
star/j175024-533636,267.6,-53.61,5.68,
star/j173336+161912,263.4,16.32,5.68,
star/j184348+315548,280.94998,31.93,5.68,
star/j100300+215700,150.75,21.95,5.68,
star/j205548+472512,313.95,47.42,5.68,
star/j034236+194200,55.65,19.7,5.68,
star/j093712-251800,144.3,-25.3,5.68,
star/j230936+591948,347.4,59.33,5.68,
star/j151836+203412,229.65001,20.57,5.68,
star/j202548+212436,306.45,21.41,5.68,
star/j122736+554236,186.9,55.71,5.68,
star/j021048+193000,32.7,19.5,5.68,
star/j173448-323448,263.7,-32.58,5.69,
star/j132136+020524,200.4,2.09,5.69,
star/j075212-145100,118.049995,-14.85,5.69,
star/j013336+581948,23.4,58.33,5.69,
star/j180000+453000,270.0,45.5,5.69,
star/j200148-133824,300.45,-13.64,5.69,
star/j160824+083148,242.09999,8.53,5.69,
star/j132700-413000,201.75,-41.5,5.69,
star/j183000-471312,277.5,-47.22,5.69,
star/j172136+532512,260.40002,53.42,5.69,
star/j110600-271724,166.5,-27.29,5.69,
star/j010000+444236,15.0,44.71,5.69,
star/j073636-484948,114.15,-48.83,5.69,
star/j210600-300712,316.5,-30.12,5.69,
star/j073636-194200,114.15,-19.7,5.69,
star/j210036+191948,315.15,19.33,5.69,
star/j220524+285736,331.35,28.96,5.69,
star/j052700+301236,81.75,30.21,5.69,
star/j133224-284124,203.1,-28.69,5.69,
star/j052400-000936,81.0,-0.16,5.69,
star/j013600-295436,24.0,-29.91,5.69,
star/j214312+381648,325.8,38.28,5.69,
star/j215324+194012,328.34998,19.67,5.69,
star/j185624+180636,284.1,18.11,5.69,
star/j025924-251612,44.85,-25.27,5.69,
star/j041648+615100,64.200005,61.85,5.69,
star/j184648-100748,281.7,-10.13,5.69,
star/j063148-584500,97.950005,-58.75,5.69,
star/j170112+223748,255.3,22.63,5.69,
star/j174836+203412,267.15,20.57,5.69,
star/j140524-764800,211.35,-76.8,5.69,
star/j202100+635848,305.25,63.98,5.69,
star/j203900+131912,309.75,13.32,5.69,
star/j121612+403936,184.05,40.66,5.69,
star/j003224+065736,8.1,6.96,5.69,
star/j070112+704836,105.3,70.81,5.69,
star/j070936-251348,107.399994,-25.23,5.69,
star/j015624+371500,29.1,37.25,5.69,
star/j172400-625136,261.0,-62.86,5.69,
star/j190112+261724,285.30002,26.29,5.69,
star/j041048-084912,62.699997,-8.82,5.7,
star/j160600-722400,241.5,-72.4,5.7,
star/j071912-162324,109.8,-16.39,5.7,
star/j075212-542212,118.049995,-54.37,5.7,
star/j014200-364948,25.5,-36.83,5.7,
star/j101200-580336,153.0,-58.06,5.7,
star/j130748-532736,196.95,-53.46,5.7,
star/j015212+504724,28.05,50.79,5.7,
star/j063824+392324,99.6,39.39,5.7,
star/j192924-432624,292.35,-43.44,5.7,
star/j105924-334424,164.84999,-33.74,5.7,
star/j072848+481048,112.2,48.18,5.7,
star/j050712+183900-2,76.799995,18.65,5.7,
star/j063936-302812,99.899994,-30.47,5.7,
star/j201536+334348,303.9,33.73,5.7,
star/j151200-484424-2,228.0,-48.74,5.7,
star/j212400+241612,321.0,24.27,5.7,
star/j215212+554800,328.05002,55.8,5.7,
star/j195436-081348,298.65,-8.23,5.7,
star/j014200-604724,25.5,-60.79,5.7,
star/j100412-241724,151.04999,-24.29,5.7,
star/j213448-200448,323.7,-20.08,5.7,
star/j061724+050600,94.35,5.1,5.7,
star/j144312-250000,220.8,-25.0,5.7,
star/j235024-142400,357.6,-14.4,5.7,
star/j125100-524724,192.75,-52.79,5.7,
star/j000224+082924,0.59999996,8.49,5.7,
star/j201124+620448,302.85,62.08,5.7,
star/j192736-541948,291.9,-54.33,5.7,
star/j110900+243936,167.25,24.66,5.7,
star/j055848+124836,89.7,12.81,5.7,
star/j032100+034048,50.25,3.68,5.7,
star/j223224+761348,338.1,76.23,5.7,
star/j133524-052400,203.85,-5.4,5.7,
star/j011500-005812,18.75,-0.97,5.7,
star/j084612-020300,131.55,-2.05,5.7,
star/j015848+491200,29.7,49.2,5.7,
star/j004800-180336,12.0,-18.06,5.7,
star/j205700-261800,314.25,-26.3,5.7,
star/j135400+534348,208.5,53.73,5.7,
star/j035436-402136,58.65,-40.36,5.7,
star/j060900+023000,92.25,2.5,5.7,
star/j172400+225736,261.0,22.96,5.7,
star/j123712+170524,189.3,17.09,5.7,
star/j182324-120036,275.84998,-12.01,5.71,
star/j121724+285624,184.35,28.94,5.71,
star/j180936+035924,272.4,3.99,5.71,
star/j212512-094500,321.3,-9.75,5.71,
star/j135324+175548,208.35,17.93,5.71,
star/j060112+475400,90.3,47.9,5.71,
star/j200336+295400,300.9,29.9,5.71,
star/j215400-041648,328.5,-4.28,5.71,
star/j113636-333412,174.15,-33.57,5.71,
star/j195548+163748,298.95,16.63,5.71,
star/j154724+140712,236.85,14.12,5.71,
star/j095436-501424,148.65,-50.24,5.71,
star/j124912+140712,192.29999,14.12,5.71,
star/j071424+120712,108.6,12.12,5.71,
star/j050524-260900,76.350006,-26.15,5.71,
star/j125100-601948,192.75,-60.33,5.71,
star/j053636-060336,84.15,-6.06,5.71,
star/j192624-150300,291.6,-15.05,5.71,
star/j060936-224612,92.399994,-22.77,5.71,
star/j032736-354048,51.9,-35.68,5.71,
star/j184836-650448,282.15,-65.08,5.71,
star/j084724-460936,131.85,-46.16,5.71,
star/j100448+535324,151.2,53.89,5.71,
star/j043412-064424,68.55,-6.74,5.71,
star/j082212-173524,125.549995,-17.59,5.71,
star/j001348+410224,3.45,41.04,5.71,
star/j201948+621536,304.95,62.26,5.71,
star/j000112-484836,0.29999998,-48.81,5.71,
star/j063636-183936,99.15,-18.66,5.71,
star/j085512-545812,133.8,-54.97,5.71,
star/j000636-490448,1.65,-49.08,5.71,
star/j010748-094724,16.95,-9.79,5.71,
star/j183148-433036,277.95,-43.51,5.71,
star/j045512-164424,73.8,-16.74,5.71,
star/j152736-643148,231.9,-64.53,5.71,
star/j182812+061124,277.05,6.19,5.71,
star/j110936+361836,167.4,36.31,5.71,
star/j122512-351124,186.3,-35.19,5.71,
star/j041124+053112,62.850002,5.52,5.71,
star/j083148+240448,127.95,24.08,5.71,
star/j103636-121348,159.15,-12.23,5.71,
star/j045512-162512,73.8,-16.42,5.71,
star/j150148-000824,225.45,-0.14,5.71,
star/j031236-571912,48.15,-57.32,5.71,
star/j161536+184836,243.90001,18.81,5.72,
star/j223336+563712,338.4,56.62,5.72,
star/j173300+411424,263.25,41.24,5.72,
star/j121012+054836,182.55,5.81,5.72,
star/j152400-122212,231.0,-12.37,5.72,
star/j094200+691424,145.5,69.24,5.72,
star/j054724+142924,86.85,14.49,5.72,
star/j221500+425700,333.75,42.95,5.72,
star/j021312+151648,33.3,15.28,5.72,
star/j032812+334836,52.05,33.81,5.72,
star/j091200-194500,138.0,-19.75,5.72,
star/j024124-004200,40.350002,-0.7,5.72,
star/j095400-451648,148.5,-45.28,5.72,
star/j160712-364536,241.80002,-36.76,5.72,
star/j002512+530300,6.2999997,53.05,5.72,
star/j041724+575136,64.35,57.86,5.72,
star/j061048-270900,92.7,-27.15,5.72,
star/j031836-183336,49.649998,-18.56,5.72,
star/j044500-211648,71.25,-21.28,5.72,
star/j180600+321348,271.5,32.23,5.72,
star/j083524-075848,128.85,-7.98,5.72,
star/j092812+081124,142.05,8.19,5.72,
star/j141648-663524,214.2,-66.59,5.72,
star/j004200-563000,10.5,-56.5,5.72,
star/j172812-521800,262.05,-52.3,5.72,
star/j075136-135400,117.9,-13.9,5.72,
star/j225700-475812,344.25,-47.97,5.72,
star/j034500-472136,56.25,-47.36,5.72,
star/j042812+213712,67.049995,21.62,5.72,
star/j064948+323636,102.45,32.61,5.72,
star/j121500+701200,183.75,70.2,5.72,
star/j063712-365924,99.299995,-36.99,5.72,
star/j192512-135400,291.3,-13.9,5.72,
star/j152248+632024,230.7,63.34,5.72,
star/j225512-045924,343.8,-4.99,5.72,
star/j042212+140448,65.549995,14.08,5.72,
star/j133712+243636,204.3,24.61,5.72,
star/j145700+162324,224.25,16.39,5.72,
star/j023524+371836,38.85,37.31,5.72,
star/j235736-821012,359.4,-82.17,5.72,
star/j180148-224648,270.45,-22.78,5.72,
star/j003000-035736,7.5,-3.96,5.72,
star/j085700+453748,134.25,45.63,5.72,
star/j144348+402736,220.95,40.46,5.72,
star/j060600-660224,91.5,-66.04,5.72,
star/j224048+143300,340.2,14.55,5.72,
star/j095024-465548,147.6,-46.93,5.72,
star/j071500-465100,108.75,-46.85,5.72,
star/j085324+615736,133.35,61.96,5.72,
star/j211536-531536,318.9,-53.26,5.73,
star/j112548+555100,171.45001,55.85,5.73,
star/j081012+253036,122.55,25.51,5.73,
star/j192736+521912,291.9,52.32,5.73,
star/j134048+195736,205.20001,19.96,5.73,
star/j073936-380824,114.899994,-38.14,5.73,
star/j042436+340748,66.149994,34.13,5.73,
star/j190300-381500,285.75,-38.25,5.73,
star/j214236+410448,325.65,41.08,5.73,
star/j070000+160448,105.0,16.08,5.73,
star/j114948+345548,177.45,34.93,5.73,
star/j093712+162624,144.3,16.44,5.73,
star/j160336+764724,240.9,76.79,5.73,
star/j054312-183336,85.799995,-18.56,5.73,
star/j105512+340148,163.8,34.03,5.73,
star/j200336+160148,300.9,16.03,5.73,
star/j174312+241948,265.8,24.33,5.73,
star/j133636-263000,204.15,-26.5,5.73,
star/j165024+294836,252.6,29.81,5.73,
star/j052324-394048,80.85,-39.68,5.73,
star/j170412-574236,256.05,-57.71,5.73,
star/j202700+492248,306.75,49.38,5.73,
star/j184500+373524,281.25,37.59,5.73,
star/j223600+393748,339.0,39.63,5.73,
star/j005324-625212,13.349999,-62.87,5.73,
star/j201500-270148,303.75,-27.03,5.73,
star/j081912+623036,124.799995,62.51,5.73,
star/j063224-320148,98.1,-32.03,5.73,
star/j135136-692400,207.9,-69.4,5.73,
star/j155548+423412,238.95001,42.57,5.73,
star/j122212-681836,185.55,-68.31,5.73,
star/j170524+542812-2,256.35,54.47,5.73,
star/j213600-261012,324.0,-26.17,5.73,
star/j114124+314500,175.34999,31.75,5.73,
star/j044124+283712,70.35,28.62,5.73,
star/j225548+362100,343.95,36.35,5.73,
star/j193412+511424,293.55,51.24,5.73,
star/j234424-642400,356.1,-64.4,5.73,
star/j024536-634200,41.4,-63.7,5.73,
star/j090900-181948,137.25,-18.33,5.73,
star/j143636-401236,219.15,-40.21,5.74,
star/j023600-300224,39.0,-30.04,5.74,
star/j143824+433824,219.6,43.64,5.74,
star/j155100-550336,237.75,-55.06,5.74,
star/j173824-105548,264.59998,-10.93,5.74,
star/j153112+641236,232.8,64.21,5.74,
star/j070748+072812,106.950005,7.47,5.74,
star/j155848-650224,239.7,-65.04,5.74,
star/j135436-673900,208.65,-67.65,5.74,
star/j220712+192848,331.80002,19.48,5.74,
star/j143224+552400,218.1,55.4,5.74,
star/j075624-603148,119.1,-60.53,5.74,
star/j164612-583000,251.55,-58.5,5.74,
star/j183748+623148,279.44998,62.53,5.74,
star/j082548+020600,126.450005,2.1,5.74,
star/j144612-472624,221.55,-47.44,5.74,
star/j171948+800824,259.95,80.14,5.74,
star/j112924+152436,172.34999,15.41,5.74,
star/j175848-365136,269.69998,-36.86,5.74,
star/j042736-623112,66.9,-62.52,5.74,
star/j053636+542548,84.15,54.43,5.74,
star/j024236+200036,40.65,20.01,5.74,
star/j213900+572924,324.75,57.49,5.74,
star/j084500-370900,131.25,-37.15,5.74,
star/j065512+252248,103.8,25.38,5.74,
star/j234724-115436,356.85,-11.91,5.74,
star/j034236+595812,55.65,59.97,5.74,
star/j072100+451348,110.25,45.23,5.74,
star/n96_g_psc,12.15,5.28,5.74,96 G. Psc
star/j132700+783824,201.75,78.64,5.74,
star/j215436+563636,328.65,56.61,5.74,
star/j164200+011048,250.50002,1.18,5.74,
star/j104348-641500,160.95,-64.25,5.74,
star/j060712-214836,91.799995,-21.81,5.74,
star/j234424-784724,356.1,-78.79,5.74,
star/j123224-135136,188.1,-13.86,5.74,
star/j065024-314236,102.600006,-31.71,5.74,
star/j134012-495700,205.05,-49.95,5.74,
star/j143448+492212,218.7,49.37,5.74,
star/j023448-075136,38.699997,-7.86,5.74,
star/j062848-322212,97.2,-32.37,5.74,
star/j170000-245924,255.0,-24.99,5.74,
star/j180000+800000,270.0,80.0,5.74,
star/j195848-690936,299.69998,-69.16,5.74,
star/j111348-593712,168.45,-59.62,5.74,
star/j032812-111724,52.05,-11.29,5.74,
star/j151648-605400,229.2,-60.9,5.74,
star/j161124+232924,242.85,23.49,5.74,
star/j180600-044500,271.5,-4.75,5.74,
star/j090412+541648,136.04999,54.28,5.74,
star/j030936+290448,47.4,29.08,5.74,
star/j183336-145100,278.4,-14.85,5.74,
star/j104200+682624,160.5,68.44,5.74,
star/j113224+610448,173.1,61.08,5.74,
star/j101800+650636,154.5,65.11,5.74,
star/j183000-573112,277.5,-57.52,5.74,
star/j092212-460300,140.55,-46.05,5.74,
star/j001648+613148,4.2,61.53,5.74,
star/j050300-224800,75.75,-22.8,5.74,
star/j093224-192400,143.1,-19.4,5.74,
star/j065248+082248,103.200005,8.38,5.75,
star/j204124-313600,310.35,-31.6,5.75,
star/j232400-515324,351.0,-51.89,5.75,
star/j064012+780000,100.05,78.0,5.75,
star/j030112-073936,45.3,-7.66,5.75,
star/j150824-403448,227.1,-40.58,5.75,
star/j210824-635548,317.09998,-63.93,5.75,
star/j151012-261948,227.55,-26.33,5.75,
star/j014200-111912,25.5,-11.32,5.75,
star/j071124+265136,107.85,26.86,5.75,
star/j125324-601948,193.35,-60.33,5.75,
star/j221724-052324,334.35,-5.39,5.75,
star/j071612+275400,109.05,27.9,5.75,
star/j111348-531348,168.45,-53.23,5.75,
star/j160748-124500,241.94998,-12.75,5.75,
star/j204236+823148,310.65,82.53,5.75,
star/j221800+624800,334.5,62.8,5.75,
star/j162436+551236,246.15,55.21,5.75,
star/j163636-021912,249.15001,-2.32,5.75,
star/j211912+493036,319.8,49.51,5.75,
star/j120900-441948,182.25,-44.33,5.75,
star/j232700+425436,351.75,42.91,5.75,
star/j132512+235100,201.3,23.85,5.75,
star/j200036-665700,300.15,-66.95,5.75,
star/j053300-350824,83.25,-35.14,5.75,
star/j194836+114912,297.15,11.82,5.75,
star/j064836-011912,102.15,-1.32,5.75,
star/j064912-021612,102.3,-2.27,5.75,
star/j013336-070148,23.4,-7.03,5.75,
star/j062848+302924,97.2,30.49,5.75,
star/j093036-315324,142.65001,-31.89,5.75,
star/j222624+042324,336.6,4.39,5.75,
star/j070712-235024,106.799995,-23.84,5.75,
star/j060936+230636,92.399994,23.11,5.75,
star/j041048+333524,62.699997,33.59,5.75,
star/j085512-181424,133.8,-18.24,5.75,
star/j095924+293900,149.84999,29.65,5.75,
star/j174348+534800,265.94998,53.8,5.75,
star/j003300-630148,8.25,-63.03,5.75,
star/j220524+264012,331.35,26.67,5.75,
star/j021800+575400,34.5,57.9,5.75,
star/j045624+525212,74.1,52.87,5.75,
star/j212812+321348,322.05,32.23,5.75,
star/j051424-355848,78.6,-35.98,5.75,
star/j172436+161800,261.15,16.3,5.75,
star/j082812-350636,127.05,-35.11,5.75,
star/j211012+533336,317.55,53.56,5.75,
star/n33_g_lib,224.4,-21.41,5.75,33 G. Lib
star/j151424-700448,228.59999,-70.08,5.75,
star/j125512+471200,193.8,47.2,5.75,
star/j072924-101948,112.35,-10.33,5.75,
star/j033000-423748,52.5,-42.63,5.76,
star/j062548-481048,96.45,-48.18,5.76,
star/j170224+253036,255.6,25.51,5.76,
star/j015548+233448,28.949999,23.58,5.76,
star/j192624+130112,291.6,13.02,5.76,
star/j203300-805736,308.25,-80.96,5.76,
star/j131236+113336,198.15,11.56,5.76,
star/j033224+092212,53.1,9.37,5.76,
star/j123448-444012,188.7,-44.67,5.76,
star/j184348-643300,280.94998,-64.55,5.76,
star/j225924+114348,344.85,11.73,5.76,
star/j124912+273300,192.29999,27.55,5.76,
star/j172324-563148,260.84998,-56.53,5.76,
star/j223148-855812,337.95,-85.97,5.76,
star/j173748+241836,264.44998,24.31,5.76,
star/j042024+060748,65.100006,6.13,5.76,
star/j195248-545812,298.19998,-54.97,5.76,
star/j210036-511612,315.15,-51.27,5.76,
star/j132436-050936,201.15,-5.16,5.76,
star/j183112+165548,277.80002,16.93,5.76,
star/j201836+552400,304.65,55.4,5.76,
star/j163112+221200,247.8,22.2,5.76,
star/j090900-122136,137.25,-12.36,5.76,
star/j171836-440748,259.65,-44.13,5.76,
star/j044836-161948,72.15,-16.33,5.76,
star/j212436-410036,321.15,-41.01,5.76,
star/j150936-670448,227.4,-67.08,5.76,
star/j025548+181948,43.95,18.33,5.76,
star/j083448+362512,128.7,36.42,5.76,
star/j235248-090000,358.19998,-9.0,5.76,
star/j183748-001836,279.44998,-0.31,5.76,
star/j063824+285848,99.6,28.98,5.76,
star/j103148-450412,157.95,-45.07,5.76,
star/j195400-083412,298.5,-8.57,5.76,
star/j155548-602848,238.95001,-60.48,5.76,
star/j193300-531124,293.25,-53.19,5.76,
star/j132100-465248,200.25,-46.88,5.76,
star/j153824+464800,234.6,46.8,5.76,
star/j034612+243300,56.55,24.55,5.76,
star/j162024-550824,245.1,-55.14,5.76,
star/j182136-185136,275.40002,-18.86,5.76,
star/j043224-031236,68.1,-3.21,5.76,
star/j062848-172812,97.2,-17.47,5.76,
star/j075248-052548,118.200005,-5.43,5.76,
star/j222436-133148,336.15,-13.53,5.76,
star/j073936-381536,114.899994,-38.26,5.76,
star/j024312+550636,40.8,55.11,5.76,
star/j144912+460712,222.29999,46.12,5.76,
star/j144800-263900,222.0,-26.65,5.76,
star/j061948-342400,94.95,-34.4,5.76,
star/j221236+631724,333.15,63.29,5.76,
star/j061200+194724,93.0,19.79,5.76,
star/j175624-280412,269.1,-28.07,5.76,
star/j172436-604012,261.15,-60.67,5.76,
star/j135848+214200,209.7,21.7,5.76,
star/j053524-330448,83.850006,-33.08,5.76,
star/j035324+483900,58.350002,48.65,5.76,
star/j042436+335736,66.149994,33.96,5.77,
star/j131536+405136,198.90001,40.86,5.77,
star/j093448+721236,143.7,72.21,5.77,
star/j111312-442212,168.3,-44.37,5.77,
star/j210636+311048,316.65002,31.18,5.77,
star/j231500-410636,348.75,-41.11,5.77,
star/j001500-093412,3.75,-9.57,5.77,
star/j234912+010448,357.3,1.08,5.77,
star/j135136-465400,207.9,-46.9,5.77,
star/j213900+201612,324.75,20.27,5.77,
star/j213300+495848,323.25,49.98,5.77,
star/j121312-385548,183.3,-38.93,5.77,
star/j092512-615700,141.3,-61.95,5.77,
star/j010824+581536,17.1,58.26,5.77,
star/j053000+014724,82.5,1.79,5.77,
star/j052812+171424,82.049995,17.24,5.77,
star/j232100+381048,350.25,38.18,5.77,
star/j065024-170448,102.600006,-17.08,5.77,
star/j075848-604912,119.7,-60.82,5.77,
star/j104312+044500,160.8,4.75,5.77,
star/j153600+543748,234.0,54.63,5.77,
star/j150712-490524,226.8,-49.09,5.77,
star/j235136+091836,357.90002,9.31,5.77,
star/j071312-111500,108.299995,-11.25,5.77,
star/j113412+030336,173.54999,3.06,5.77,
star/j044836-054012,72.15,-5.67,5.77,
star/j002512+015624,6.2999997,1.94,5.77,
star/j102212+411348,155.55,41.23,5.77,
star/j081200-463824,123.0,-46.64,5.77,
star/j164048+041312,250.20001,4.22,5.77,
star/j183112-104800,277.80002,-10.8,5.77,
star/j074012+382024,115.05,38.34,5.77,
star/j101236+043636,153.15,4.61,5.77,
star/j172400+085100,261.0,8.85,5.77,
star/j072436+273824,111.149994,27.64,5.77,
star/j081424-352924,123.6,-35.49,5.77,
star/j140000-250036,210.0,-25.01,5.77,
star/j112924-242736,172.34999,-24.46,5.77,
star/j175324+060600,268.34998,6.1,5.77,
star/j062400-601648,96.0,-60.28,5.78,
star/j024012-092700,40.050003,-9.45,5.78,
star/j175136-600936,267.90002,-60.16,5.78,
star/j073448-270036,113.7,-27.01,5.78,
star/j183824-233000,279.59998,-23.5,5.78,
star/j072848-312736,112.2,-31.46,5.78,
star/j052136+082548,80.4,8.43,5.78,
star/j070524+091124,106.350006,9.19,5.78,
star/j043148+535436,67.950005,53.91,5.78,
star/j080112+590300,120.3,59.05,5.78,
star/j144612+150748,221.55,15.13,5.78,
star/j155548-601048,238.95001,-60.18,5.78,
star/j203412+464124,308.55,46.69,5.78,
star/j001312-845924,3.3,-84.99,5.78,
star/j215136+194948,327.90002,19.83,5.78,
star/j131124-421348,197.84999,-42.23,5.78,
star/j052548-194200,81.45,-19.7,5.78,
star/j015248-165548,28.2,-16.93,5.78,
star/j032436+333224,51.15,33.54,5.78,
star/j165512-410900,253.8,-41.15,5.78,
star/j123000-563112,187.5,-56.52,5.78,
star/j074912-601648,117.3,-60.28,5.78,
star/j085400-602100,133.5,-60.35,5.78,
star/j035136+342136,57.899998,34.36,5.78,
star/j073900-363000,114.75,-36.5,5.78,
star/j071536+075848,108.9,7.98,5.78,
star/j003636+601948,9.150001,60.33,5.78,
star/j043824+160148,69.6,16.03,5.78,
star/j054648+093112,86.700005,9.52,5.78,
star/j161312-553224,243.29999,-55.54,5.78,
star/j120524+765436,181.35,76.91,5.78,
star/j042100-813448,65.25,-81.58,5.78,
star/j061236+324124,93.15,32.69,5.78,
star/j031200+271536,48.0,27.26,5.78,
star/j000412-163148,1.05,-16.53,5.78,
star/j044348-083000,70.95,-8.5,5.78,
star/j235436+000636,358.65,0.11,5.78,
star/j024424+151836,41.1,15.31,5.78,
star/j063524+005324,98.850006,0.89,5.78,
star/j074948-661200,117.45,-66.2,5.78,
star/j212700-211200,321.75,-21.2,5.78,
star/j145436-115400,223.65,-11.9,5.78,
star/j091124-463448,137.84999,-46.58,5.78,
star/j101312-514536,153.3,-51.76,5.78,
star/j061124+484236,92.85,48.71,5.78,
star/j070224+152024,105.6,15.34,5.78,
star/j023712-343448,39.3,-34.58,5.78,
star/j155024-531236,237.6,-53.21,5.78,
star/j173036+865812,262.65,86.97,5.78,
star/j221048+113712,332.7,11.62,5.78,
star/j155736-361124,239.4,-36.19,5.78,
star/j174124-465512,265.35,-46.92,5.78,
star/j205436-175512,313.65,-17.92,5.78,
star/j123600-395212,189.0,-39.87,5.78,
star/j014312+603300,25.800001,60.55,5.78,
star/j065100-003224,102.75,-0.54,5.78,
star/j190636+241500,286.65002,24.25,5.78,
star/j222512-702548,336.3,-70.43,5.78,
star/j130900+100112,197.25,10.02,5.79,
star/j002100+325436,5.25,32.91,5.79,
star/j054948+095212,87.45,9.87,5.79,
star/j085248-384312,133.2,-38.72,5.79,
star/j230412-412848,346.05,-41.48,5.79,
star/j072512-134500,111.3,-13.75,5.79,
star/j013148-301648,22.949999,-30.28,5.79,
star/j111348+080336,168.45,8.06,5.79,
star/j153748-230824,234.45,-23.14,5.79,
star/j220148+525248,330.45,52.88,5.79,
star/j225324+444500,343.34998,44.75,5.79,
star/j195436+370000,298.65,37.0,5.79,
star/j074200+132848,115.5,13.48,5.79,
star/j095100-592548,147.75,-59.43,5.79,
star/j122400-385436,186.0,-38.91,5.79,
star/j180748+260600,271.94998,26.1,5.79,
star/j061912-205548,94.8,-20.93,5.79,
star/j045736+235700,74.4,23.95,5.79,
star/j165924-691612,254.84999,-69.27,5.79,
star/j014836+324124,27.15,32.69,5.79,
star/j160336+363748,240.9,36.63,5.79,
star/j162812-371048,247.04999,-37.18,5.79,
star/j083600-505812,129.0,-50.97,5.79,
star/j204048-160712,310.2,-16.12,5.79,
star/j084612-793000,131.55,-79.5,5.79,
star/j222924+264536,337.35,26.76,5.79,
star/j060600-294536,91.5,-29.76,5.79,
star/j174200+720936,265.5,72.16,5.79,
star/j072512-251312,111.3,-25.22,5.79,
star/j222400-045024,336.0,-4.84,5.79,
star/j104348+571200,160.95,57.2,5.79,
star/j220748+214200,331.94998,21.7,5.79,
star/j034612+671200,56.55,67.2,5.79,
star/j072736-113336,111.9,-11.56,5.79,
star/j183524+181200,278.85,18.2,5.79,
star/j031536+570824,48.9,57.14,5.79,
star/j064048+003000,100.2,0.5,5.79,
star/j053448-734424,83.7,-73.74,5.79,
star/j213524-035848,323.85,-3.98,5.79,
star/j092136+564200,140.4,56.7,5.79,
star/j192848+015700,292.19998,1.95,5.79,
star/j045812+250300,74.549995,25.05,5.79,
star/j021536+254648,33.9,25.78,5.79,
star/j191312-255436,288.3,-25.91,5.79,
star/j091948-154948,139.95,-15.83,5.79,
star/j134012-643448,205.05,-64.58,5.79,
star/j110936-322212,167.4,-32.37,5.79,
star/j103000+385548,157.5,38.93,5.79,
star/j033336+395400,53.399998,39.9,5.79,
star/j045548+150224,73.95,15.04,5.79,
star/j043336-624912,68.4,-62.82,5.79,
star/j125924-034836,194.84999,-3.81,5.79,
star/j161648+290900,244.20001,29.15,5.8,
star/j072248+551648,110.700005,55.28,5.8,
star/j023748+654500,39.45,65.75,5.8,
star/j221648-090224,334.2,-9.04,5.8,
star/j200412+170412,301.05,17.07,5.8,
star/j184912-454836,282.3,-45.81,5.8,
star/j223712+752212,339.30002,75.37,5.8,
star/j072512+515324,111.3,51.89,5.8,
star/j000524+611836,1.35,61.31,5.8,
star/j220900-183112,332.25,-18.52,5.8,
star/j065512-202400,103.8,-20.4,5.8,
star/j060524-353036,91.350006,-35.51,5.8,
star/j083412-020900,128.54999,-2.15,5.8,
star/j071424-035400,108.6,-3.9,5.8,
star/j094048-571536,145.20001,-57.26,5.8,
star/j025812+204012,44.55,20.67,5.8,
star/j024800+812700,42.0,81.45,5.8,
star/j074424-360336,116.1,-36.06,5.8,
star/j154200+182736,235.5,18.46,5.8,
star/j005436+191124,13.650001,19.19,5.8,
star/j144948+283712,222.45,28.62,5.8,
star/j105024-085400,162.6,-8.9,5.8,
star/j090036-605736,135.15001,-60.96,5.8,
star/j004536-473300,11.4,-47.55,5.8,
star/j050824-084012,77.1,-8.67,5.8,
star/j101836-560636,154.65001,-56.11,5.8,
star/j112700-530936,171.75,-53.16,5.8,
star/j173448+093524,263.7,9.59,5.8,
star/j052924-032700,82.35,-3.45,5.8,
star/j112512+112548,171.3,11.43,5.8,
star/j075700+154724,119.25,15.79,5.8,
star/j041124-202136,62.850002,-20.36,5.8,
star/j144612-230900,221.55,-23.15,5.8,
star/j200036-450636,300.15,-45.11,5.8,
star/j011124+374312,17.85,37.72,5.8,
star/j070712-405324,106.799995,-40.89,5.8,
star/j035400+575848,58.5,57.98,5.8,
star/j100936-684048,152.4,-68.68,5.8,
star/j013936-561124,24.9,-56.19,5.8,
star/j092736-060412,141.9,-6.07,5.8,
star/j225324-113712,343.34998,-11.62,5.8,
star/j094612+064236,146.55,6.71,5.8,
star/j113600+274648,174.0,27.78,5.8,
star/j121724+531124,184.35,53.19,5.8,
star/j082024+204500,125.100006,20.75,5.8,
star/j000224+270448,0.59999996,27.08,5.81,
star/j034836-205400,57.149998,-20.9,5.81,
star/j192212-001500,290.55002,-0.25,5.81,
star/j055848-440148,89.7,-44.03,5.81,
star/j201312+603824,303.3,60.64,5.81,
star/j033036-662924,52.65,-66.49,5.81,
star/j110000-434836,165.0,-43.81,5.81,
star/j132212-521048,200.55,-52.18,5.81,
star/j051800+731612,79.5,73.27,5.81,
star/j064536-522436,101.4,-52.41,5.81,
star/j071648-381912,109.200005,-38.32,5.81,
star/j053900-404236,84.75,-40.71,5.81,
star/j023636+074348,39.149998,7.73,5.81,
star/j134536-260712,206.40001,-26.12,5.81,
star/j011012+252736,17.55,25.46,5.81,
star/j042248-245324,65.700005,-24.89,5.81,
star/j022248+412400,35.7,41.4,5.81,
star/j233748+442548,354.44998,44.43,5.81,
star/j182548+294948,276.45,29.83,5.81,
star/j200600+531012,301.5,53.17,5.81,
star/j212100+072100,320.25,7.35,5.81,
star/j230712-504124,346.80002,-50.69,5.81,
star/j133900-293336,204.75,-29.56,5.81,
star/j181724-172212,274.35,-17.37,5.81,
star/j155212+554948,238.05,55.83,5.81,
star/j231948+420448,349.95,42.08,5.81,
star/j131836+340600,199.65001,34.1,5.81,
star/j233336-772324,353.4,-77.39,5.81,
star/j030300-465848,45.75,-46.98,5.81,
star/j021948-555624,34.949997,-55.94,5.81,
star/j063224+322700,98.1,32.45,5.82,
star/j082924-440936,127.35,-44.16,5.82,
star/j062700-580000,96.75,-58.0,5.82,
star/j223636-313936,339.15002,-31.66,5.82,
star/j153412-400412,233.54999,-40.07,5.82,
star/j185100-094612,282.75,-9.77,5.82,
star/j224800+372512,342.0,37.42,5.82,
star/j121500-205024,183.75,-20.84,5.82,
star/j013112+701536,22.8,70.26,5.82,
star/j202024+174724,305.1,17.79,5.82,
star/j025812-233636,44.55,-23.61,5.82,
star/j122512+564648,186.3,56.78,5.82,
star/j192848+244612,292.19998,24.77,5.82,
star/j034948+631800,57.449997,63.3,5.82,
star/j045136-345436,72.9,-34.91,5.82,
star/j225400+402248,343.5,40.38,5.82,
star/j033636+003524,54.149998,0.59,5.82,
star/j184012-074724,280.05,-7.79,5.82,
star/j190336+014912,285.9,1.82,5.82,
star/j131724-435848,199.35,-43.98,5.82,
star/j160036+042548,240.15001,4.43,5.82,
star/j101724+230636,154.35,23.11,5.82,
star/j063112-351536,97.8,-35.26,5.82,
star/j172436-212624,261.15,-21.44,5.82,
star/j184536+053000,281.4,5.5,5.82,
star/j153036-163636,232.65001,-16.61,5.82,
star/j033036+480600,52.65,48.1,5.82,
star/j175624+004012,269.1,0.67,5.82,
star/n268_g_cet,39.0,6.88,5.82,268 G. Cet
star/j112324-564648,170.85,-56.78,5.82,
star/j132624+722324,201.59999,72.39,5.82,
star/j150824+250636,227.1,25.11,5.82,
star/j153824-210112,234.6,-21.02,5.82,
star/j060712-341836,91.799995,-34.31,5.82,
star/j184500-250036,281.25,-25.01,5.82,
star/j074912-465136,117.3,-46.86,5.82,
star/j135624-463524,209.09999,-46.59,5.82,
star/j222700+784724,336.75,78.79,5.83,
star/j053712+265512,84.299995,26.92,5.83,
star/j210224+564012,315.6,56.67,5.83,
star/j091724-143412,139.35,-14.57,5.83,
star/j231012-425136,347.55,-42.86,5.83,
star/j010412+613448,16.050001,61.58,5.83,
star/j172700+481536,261.75,48.26,5.83,
star/j024836+181648,42.149998,18.28,5.83,
star/j201800+404348,304.5,40.73,5.83,
star/j080300-322736,120.75,-32.46,5.83,
star/j015024+221648,27.6,22.28,5.83,
star/j194724+382436,296.85,38.41,5.83,
star/j061348-034424,93.45,-3.74,5.83,
star/j061124+242512,92.85,24.42,5.83,
star/j211800-043112,319.5,-4.52,5.83,
star/j220336+112324,330.9,11.39,5.83,
star/j143824+540112,219.6,54.02,5.83,
star/j061424-043412,93.6,-4.57,5.83,
star/j095624-332512,149.09999,-33.42,5.83,
star/j072212-055848,110.549995,-5.98,5.83,
star/j112848+614648,172.2,61.78,5.83,
star/j211200-401612,318.0,-40.27,5.83,
star/j180748+260600-2,271.94998,26.1,5.83,
star/j163824-432400,249.59999,-43.4,5.83,
star/j085848-160748,134.7,-16.13,5.83,
star/j073412+032212,113.55,3.37,5.83,
star/j081124-482736,122.84999,-48.46,5.83,
star/j135400-470748,208.5,-47.13,5.83,
star/j091836-513336,139.65001,-51.56,5.83,
star/j173112-805136,262.80002,-80.86,5.83,
star/j163600+463636,249.0,46.61,5.83,
star/j115548+563600,178.95001,56.6,5.83,
star/j162400+065700,246.0,6.95,5.83,
star/j004200+660900,10.5,66.15,5.83,
star/j150224-280336,225.6,-28.06,5.83,
star/j142700-460748,216.75,-46.13,5.83,
star/j205624+504348,314.1,50.73,5.83,
star/j153824+502512,234.6,50.42,5.84,
star/j041012+863748,62.550003,86.63,5.84,
star/j031724-474500,49.35,-47.75,5.84,
star/j071424+245324,108.6,24.89,5.84,
star/j180600-081912,271.5,-8.32,5.84,
star/j183900-475436,279.75,-47.91,5.84,
star/j164200-330900,250.50002,-33.15,5.84,
star/j143112-674312,217.8,-67.72,5.84,
star/j045848-822812,74.7,-82.47,5.84,
star/j224612+443300,341.55002,44.55,5.84,
star/j001012-051500,2.55,-5.25,5.84,
star/j015736+274800,29.400002,27.8,5.84,
star/j001048-123448,2.7,-12.58,5.84,
star/j023824-301124,39.600002,-30.19,5.84,
star/j101648+252212,154.2,25.37,5.84,
star/j192812+025548,292.05,2.93,5.84,
star/j141724+151536,214.35,15.26,5.84,
star/j185436+485136,283.65,48.86,5.84,
star/j023300+343224,38.25,34.54,5.84,
star/j103900+375436,159.75,37.91,5.84,
star/j175212-342512,268.05002,-34.42,5.84,
star/j073300-244236,113.25,-24.71,5.84,
star/j030148-095736,45.45,-9.96,5.84,
star/j050748+214200,76.950005,21.7,5.84,
star/j215548+651912,328.95,65.32,5.84,
star/j131424-782700,198.59999,-78.45,5.84,
star/j165436-422848,253.65,-42.48,5.84,
star/j071124-205248,107.85,-20.88,5.84,
star/j212848+221048,322.19998,22.18,5.84,
star/j124124-460900,190.34999,-46.15,5.84,
star/j192624+195324,291.6,19.89,5.84,
star/j012324-305700,20.85,-30.95,5.84,
star/j155736-205848,239.4,-20.98,5.84,
star/j020900-433112,32.25,-43.52,5.84,
star/j131500-485736,198.75,-48.96,5.84,
star/j151348-261124,228.45,-26.19,5.84,
star/j044912+323524,72.3,32.59,5.84,
star/j125624+540600,194.09999,54.1,5.84,
star/j113636-610300,174.15,-61.05,5.84,
star/j192136-181836,290.40002,-18.31,5.84,
star/j223900+193112,339.75,19.52,5.84,
star/j173300-411012,263.25,-41.17,5.84,
star/j121312+101536,183.3,10.26,5.85,
star/j154724+552248,236.85,55.38,5.85,
star/j043824+204048,69.6,20.68,5.85,
star/j091500-373600,138.75,-37.6,5.85,
star/j065624+461612,104.1,46.27,5.85,
star/j124836+601912,192.15001,60.32,5.85,
star/j235248-141500,358.19998,-14.25,5.85,
star/j024312+533148,40.8,53.53,5.85,
star/j091424-440900,138.59999,-44.15,5.85,
star/j223712-403524,339.30002,-40.59,5.85,
star/j104912-591912,162.29999,-59.32,5.85,
star/j095624+085548,149.09999,8.93,5.85,
star/j231312+110412,348.3,11.07,5.85,
star/j145436-331800,223.65,-33.3,5.85,
star/j090300+071800,135.75,7.3,5.85,
star/j104948-095100,162.45,-9.85,5.85,
star/j115136-304948,177.9,-30.83,5.85,
star/j145024+235436,222.6,23.91,5.85,
star/j042100-073524,65.25,-7.59,5.85,
star/j230036+030036,345.15,3.01,5.85,
star/j192400+432324,291.0,43.39,5.85,
star/j134124+644912,205.34999,64.82,5.85,
star/j035848-052812,59.7,-5.47,5.85,
star/j003936+211500,9.900001,21.25,5.85,
star/j071236+240748,108.15,24.13,5.85,
star/j201236-123712,303.15,-12.62,5.85,
star/j153748+543036,234.45,54.51,5.85,
star/j150824-425212,227.1,-42.87,5.85,
star/j143336-524048,218.40001,-52.68,5.86,
star/j021312-210000,33.3,-21.0,5.86,
star/j201800-214836,304.5,-21.81,5.86,
star/j154348+023112,235.95,2.52,5.86,
star/j071800-435924,109.5,-43.99,5.86,
star/j033824-072324,54.600002,-7.39,5.86,
star/j164724+421424,251.85,42.24,5.86,
star/j191012-415324,287.55,-41.89,5.86,
star/j025136+465024,42.899998,46.84,5.86,
star/j095812+725248,149.55,72.88,5.86,
star/j084948-292736,132.45,-29.46,5.86,
star/j063036+580936,97.65,58.16,5.86,
star/j110000-140448,165.0,-14.08,5.86,
star/j181236-734012,273.15,-73.67,5.86,
star/j165324-202512,253.34999,-20.42,5.86,
star/j072924-073300,112.35,-7.55,5.86,
star/j050300-041236,75.75,-4.21,5.86,
star/j053148-455548,82.950005,-45.93,5.86,
star/j175924-044912,269.85,-4.82,5.86,
star/j123524+215248,188.85,21.88,5.86,
star/j052700-405624,81.75,-40.94,5.86,
star/j004800+724012,12.0,72.67,5.86,
star/j101124+372400,152.84999,37.4,5.86,
star/j044312+495812,70.799995,49.97,5.86,
star/j001724+475700,4.35,47.95,5.86,
star/j204912-254648,312.3,-25.78,5.86,
star/j061424+175436,93.6,17.91,5.86,
star/j202512-283936,306.3,-28.66,5.86,
star/j233448+713824,353.7,71.64,5.86,
star/j091724-744348,139.35,-74.73,5.86,
star/j172248-580036,260.69998,-58.01,5.86,
star/j225248+165024,343.19998,16.84,5.86,
star/j093148-354236,142.95,-35.71,5.86,
star/j081424-454948,123.6,-45.83,5.86,
star/j181124-755324,272.85,-75.89,5.86,
star/j014800+165736,27.0,16.96,5.86,
star/j141836-184312,214.65001,-18.72,5.86,
star/j154948-485436,237.45,-48.91,5.86,
star/j093036-153448,142.65001,-15.58,5.86,
star/j075548+085136,118.95,8.86,5.86,
star/j160900-234124,242.25,-23.69,5.86,
star/j234948+362548,357.45,36.43,5.86,
star/j042136-000600,65.4,-0.1,5.86,
star/j143336-550000,218.40001,-55.0,5.86,
star/j194348+414612,295.94998,41.77,5.86,
star/j070224+164012,105.6,16.67,5.86,
star/j123900-302512,189.75,-30.42,5.86,
star/j183900-210300,279.75,-21.05,5.86,
star/j161124-410712,242.85,-41.12,5.86,
star/j181048-412136,272.7,-41.36,5.86,
star/j062624-013036,96.6,-1.51,5.87,
star/j080112+252324,120.3,25.39,5.87,
star/j141912-254912,214.79999,-25.82,5.87,
star/j171312-671200,258.3,-67.2,5.87,
star/j072100-255324,110.25,-25.89,5.87,
star/j064948+161200,102.45,16.2,5.87,
star/j080036-540900,120.15,-54.15,5.87,
star/j104800-314124,162.0,-31.69,5.87,
star/j055548-043712,88.95,-4.62,5.87,
star/j074612-375548,116.55,-37.93,5.87,
star/j173712+722736,264.30002,72.46,5.87,
star/j042736+111236,66.9,11.21,5.87,
star/j063748+565136,99.450005,56.86,5.87,
star/j124648-331912,191.7,-33.32,5.87,
star/j205024-123224,312.6,-12.54,5.87,
star/j201612+453448,304.05002,45.58,5.87,
star/j093036+333936,142.65001,33.66,5.87,
star/j071800+405248,109.5,40.88,5.87,
star/j020300-151836,30.75,-15.31,5.87,
star/j155436-251424,238.65,-25.24,5.87,
star/j054948-225812,87.45,-22.97,5.87,
star/j221348+283636,333.44998,28.61,5.87,
star/j174500-424348,266.25,-42.73,5.87,
star/j073000-523900,112.5,-52.65,5.87,
star/j142700-654912,216.75,-65.82,5.87,
star/j212100-043336,320.25,-4.56,5.87,
star/j182924+235212,277.35,23.87,5.87,
star/j000224+660600,0.59999996,66.1,5.87,
star/j125024+373112,192.6,37.52,5.87,
star/j202400+372848,306.0,37.48,5.87,
star/j135400-532212,208.5,-53.37,5.87,
star/j011948-003036,19.95,-0.51,5.87,
star/j112548-374500,171.45001,-37.75,5.87,
star/j011612+714424,19.05,71.74,5.87,
star/j053748+073224,84.450005,7.54,5.87,
star/j064348+035548,100.95,3.93,5.88,
star/j124724+624648,191.85,62.78,5.88,
star/j190824+522548,287.09998,52.43,5.88,
star/j223412-013412,338.55,-1.57,5.88,
star/j123224-730000,188.1,-73.0,5.88,
star/j223224+394648,338.1,39.78,5.88,
star/j200000-095736,300.0,-9.96,5.88,
star/j183300+233712,278.25,23.62,5.88,
star/j145848-110824,224.7,-11.14,5.88,
star/j041724-631536,64.35,-63.26,5.88,
star/j150112-380336,225.3,-38.06,5.88,
star/j022548-152024,36.45,-15.34,5.88,
star/j043448+285736,68.7,28.96,5.88,
star/j005548-072100,13.95,-7.35,5.88,
star/j151836-002736,229.65001,-0.46,5.88,
star/j081348+562700,123.45,56.45,5.88,
star/j214312-142400,325.8,-14.4,5.88,
star/j085812-483412,134.55,-48.57,5.88,
star/j051200+010224,78.0,1.04,5.88,
star/j123636-054948,189.15,-5.83,5.88,
star/j060524-101424,91.350006,-10.24,5.88,
star/j143524-413112,218.85,-41.52,5.88,
star/j064048+714500,100.2,71.75,5.88,
star/j125512-440900,193.8,-44.15,5.88,
star/j132324-045512,200.85,-4.92,5.88,
star/j224012-303936,340.05,-30.66,5.88,
star/j170000-250524,255.0,-25.09,5.88,
star/j063000+464124,97.5,46.69,5.88,
star/j063224+045136,98.1,4.86,5.88,
star/j230936-280524,347.4,-28.09,5.88,
star/j210636+712548,316.65002,71.43,5.88,
star/j082248-262100,125.700005,-26.35,5.88,
star/j083300+380112,128.25,38.02,5.88,
star/j003112+333448,7.7999997,33.58,5.88,
star/j175212-344800,268.05002,-34.8,5.88,
star/j151124-844724,227.84999,-84.79,5.88,
star/j093036-582136,142.65001,-58.36,5.88,
star/j132624+460148,201.59999,46.03,5.88,
star/j195212-190224,298.05002,-19.04,5.88,
star/j040600+684048,61.5,68.68,5.88,
star/j200148+244800,300.45,24.8,5.88,
star/j221612+571312,334.05002,57.22,5.88,
star/j023036+251424,37.65,25.24,5.88,
star/j183300-735812,278.25,-73.97,5.88,
star/j061724-371500,94.35,-37.25,5.88,
star/j054200-222212,85.5,-22.37,5.88,
star/j105924-162100,164.84999,-16.35,5.88,
star/j001836+313112,4.65,31.52,5.88,
star/j134612+410524,206.55,41.09,5.88,
star/j022848+295548,37.2,29.93,5.88,
star/j062512-005700,96.3,-0.95,5.88,
star/j061500-201612,93.75,-20.27,5.88,
star/j191536+303148,288.9,30.53,5.88,
star/j102100+684500,155.25,68.75,5.88,
star/j065700+464236,104.25,46.71,5.88,
star/j013748-825848,24.45,-82.98,5.88,
star/j030148-280524,45.45,-28.09,5.88,
star/j111648+492848,169.2,49.48,5.88,
star/j103748-571536,159.45,-57.26,5.89,
star/j120224-691124,180.6,-69.19,5.89,
star/j090112-684048,135.3,-68.68,5.89,
star/j022624-200224,36.600002,-20.04,5.89,
star/j173712-500336,264.30002,-50.06,5.89,
star/j082248-520712,125.700005,-52.12,5.89,
star/j231424+741348,348.6,74.23,5.89,
star/j203824-811724,309.59998,-81.29,5.89,
star/j003636+151348,9.150001,15.23,5.89,
star/j171648+011236,259.2,1.21,5.89,
star/j202924+560412,307.35,56.07,5.89,
star/j090112+321500,135.3,32.25,5.89,
star/j051124-022924,77.85,-2.49,5.89,
star/j211912+381424,319.8,38.24,5.89,
star/j234200+071500,355.5,7.25,5.89,
star/j162212-435436,245.55002,-43.91,5.89,
star/j055700+113112,89.25,11.52,5.89,
star/j132212+050900,200.55,5.15,5.89,
star/j190336-684536,285.9,-68.76,5.89,
star/j225100+852212,342.75,85.37,5.89,
star/j161200+422212,243.00002,42.37,5.89,
star/j141348-005100,213.45,-0.85,5.89,
star/j002024+305624,5.1,30.94,5.89,
star/j102324+335436,155.85,33.91,5.89,
star/j164124-681800,250.35,-68.3,5.89,
star/j185812+381612,284.55,38.27,5.89,
star/j084648+120636,131.7,12.11,5.89,
star/j025924+410148,44.85,41.03,5.89,
star/j022212-173936,35.55,-17.66,5.89,
star/j082024+574424,125.100006,57.74,5.89,
star/j030712+640336,46.8,64.06,5.89,
star/j193824+545812,294.59998,54.97,5.89,
star/j110936+431236,167.4,43.21,5.89,
star/j184612-005736,281.55002,-0.96,5.89,
star/j184836+191948,282.15,19.33,5.89,
star/j144836-363748,222.15001,-36.63,5.89,
star/j040748+172024,61.95,17.34,5.89,
star/j180336-242136,270.9,-24.36,5.89,
star/j015548+371648,28.949999,37.28,5.89,
star/j120412+212736,181.04999,21.46,5.89,
star/j073636+055136,114.15,5.86,5.89,
star/j015924+210336,29.85,21.06,5.89,
star/j152624-681836,231.59999,-68.31,5.89,
star/j083000+671800,127.5,67.3,5.89,
star/j083336+044536,128.40001,4.76,5.89,
star/j040036+181124,60.15,18.19,5.89,
star/j234124-114048,355.35,-11.68,5.89,
star/j125400-602248,193.5,-60.38,5.89,
star/j055812+015024,89.549995,1.84,5.89,
star/n25,237.15001,28.16,5.89,25
star/j205736-160148,314.4,-16.03,5.89,
star/j113224-665736,173.1,-66.96,5.89,
star/j074424-375624,116.1,-37.94,5.89,
star/j075024-503036,117.600006,-50.51,5.89,
star/j193112+263712,292.80002,26.62,5.89,
star/j020000+030600,30.0,3.1,5.89,
star/j193412-400148,293.55,-40.03,5.89,
star/j135100+343936,207.75,34.66,5.89,
star/j115512-631648,178.8,-63.28,5.89,
star/j194536+073636,296.4,7.61,5.89,
star/j024836+251124,42.149998,25.19,5.89,
star/j160600-233636,241.5,-23.61,5.9,
star/j055924+495512,89.85,49.92,5.9,
star/j200112+083336,300.30002,8.56,5.9,
star/j004012-592736,10.05,-59.46,5.9,
star/j072700-340824,111.75,-34.14,5.9,
star/j004048-042100,10.2,-4.35,5.9,
star/j055512+314200,88.8,31.7,5.9,
star/j065624+095736,104.1,9.96,5.9,
star/j004424-382512,11.1,-38.42,5.9,
star/j000412+621724,1.05,62.29,5.9,
star/j152736+604012,231.9,60.67,5.9,
star/j121836-004724,184.65001,-0.79,5.9,
star/j085624+401200,134.09999,40.2,5.9,
star/j182736-294912,276.9,-29.82,5.9,
star/p_eridani,24.9,-56.2,5.9,p Eridani
star/j135624+010300,209.09999,1.05,5.9,
star/j231012-403524,347.55,-40.59,5.9,
star/j144648-381724,221.7,-38.29,5.9,
star/j105700-504612,164.25,-50.77,5.9,
star/j145624+142700,224.09999,14.45,5.9,
star/j022248-510524,35.7,-51.09,5.9,
star/j004912-240824,12.3,-24.14,5.9,
star/j013412+371424,23.550001,37.24,5.9,
star/j111912+013900,169.79999,1.65,5.9,
star/j013448+182736,23.7,18.46,5.9,
star/j172700-503748,261.75,-50.63,5.9,
star/j084048-485512,130.20001,-48.92,5.9,
star/j114836+141648,177.15001,14.28,5.9,
star/j231012-222736-2,347.55,-22.46,5.9,
star/j074724-223112,116.85,-22.52,5.9,
star/j060448+425848,91.2,42.98,5.9,
star/j095400+055736,148.5,5.96,5.9,
star/j040524+220036,61.350002,22.01,5.9,
star/j092848-664200,142.2,-66.7,5.9,
star/j194424+692024,296.1,69.34,5.9,
star/j080148-371648,120.45,-37.28,5.9,
star/j103148+322248,157.95,32.38,5.9,
star/j094124+311648,145.34999,31.28,5.9,
star/j151200+185848,228.0,18.98,5.9,
star/j071912+024424,109.8,2.74,5.9,
star/j042812+144424,67.049995,14.74,5.9,
star/j073148-085248,112.950005,-8.88,5.9,
star/j051236-060336,78.15,-6.06,5.9,
star/j071424-095700,108.6,-9.95,5.9,
star/j131312-504200,198.3,-50.7,5.9,
star/j202924+362700,307.35,36.45,5.9,
star/j071948+070824,109.95,7.14,5.91,
star/j042212+204912,65.549995,20.82,5.91,
star/j131424-584048,198.59999,-58.68,5.91,
star/j170336-380900,255.9,-38.15,5.91,
star/j170336+133636,255.9,13.61,5.91,
star/j145248-634836,223.2,-63.81,5.91,
star/j031948+270412,49.949997,27.07,5.91,
star/j042136+563036,65.4,56.51,5.91,
star/j034612-292024,56.55,-29.34,5.91,
star/j165400-575436,253.5,-57.91,5.91,
star/j105324+695100,163.35,69.85,5.91,
star/j143224+221536,218.1,22.26,5.91,
star/j124348-013448,190.95,-1.58,5.91,
star/j144836-663524,222.15001,-66.59,5.91,
star/j101012-082436,152.55,-8.41,5.91,
star/j203824+234048,309.59998,23.68,5.91,
star/j130936+165100,197.4,16.85,5.91,
star/j192024+573900,290.1,57.65,5.91,
star/j034836+001348,57.149998,0.23,5.91,
star/j105548+061124,163.95001,6.19,5.91,
star/j101348-402100,153.45,-40.35,5.91,
star/j121236-625700,183.15,-62.95,5.91,
star/j185548-231012,283.95,-23.17,5.91,
star/j043636+641536,69.15,64.26,5.91,
star/j021424-411012,33.6,-41.17,5.91,
star/j050148+004312,75.450005,0.72,5.91,
star/j133712-462548,204.3,-46.43,5.91,
star/j061500+135100,93.75,13.85,5.91,
star/j134236+780336,205.65,78.06,5.91,
star/j231012+433224,347.55,43.54,5.91,
star/j175248+011836,268.19998,1.31,5.91,
star/j210524+780748,316.35,78.13,5.91,
star/j192512-291836,291.3,-29.31,5.91,
star/j172248-371312,260.69998,-37.22,5.91,
star/j131012+383000,197.55,38.5,5.91,
star/j122212-562212,185.55,-56.37,5.91,
star/j135324+283900,208.35,28.65,5.91,
star/j105548+004424,163.95001,0.74,5.91,
star/j103224-443712,158.1,-44.62,5.91,
star/j233412-011500,353.55,-1.25,5.91,
star/j191424-451124,288.6,-45.19,5.91,
star/j201200+262848,303.0,26.48,5.91,
star/j071200-255624,108.0,-25.94,5.91,
star/j145924+043412,224.84999,4.57,5.91,
star/j083900+524236,129.75,52.71,5.91,
star/j164948+131536,252.45,13.26,5.91,
star/j030148+262736,45.45,26.46,5.91,
star/j014836+034124,27.15,3.69,5.91,
star/j092848-621612,142.2,-62.27,5.91,
star/j023300-343900,38.25,-34.65,5.91,
star/j143824+181800,219.6,18.3,5.91,
star/j161424-330036,243.59999,-33.01,5.91,
star/j034612+064800,56.55,6.8,5.91,
star/j195212+475548,298.05002,47.93,5.91,
star/j185848+135436,284.69998,13.91,5.91,
star/j150112+601200,225.3,60.2,5.91,
star/j204612-213036,311.55002,-21.51,5.91,
star/j081012+581500,122.55,58.25,5.91,
star/j093148-315212,142.95,-31.87,5.91,
star/j131236-661348,198.15,-66.23,5.91,
star/j195024-473336,297.6,-47.56,5.91,
star/j204424+562924,311.1,56.49,5.91,
star/j033224+352736,53.1,35.46,5.91,
star/j225024+415700,342.6,41.95,5.91,
star/j065700+334048,104.25,33.68,5.91,
star/j125248-545700,193.2,-54.95,5.91,
star/j225512+370448,343.8,37.08,5.91,
star/j160448-375136,241.2,-37.86,5.91,
star/j023712+384348,39.3,38.73,5.91,
star/j184648+525924,281.7,52.99,5.91,
star/j085248-482136,133.2,-48.36,5.92,
star/j055512+194500,88.8,19.75,5.92,
star/j074012-193936,115.05,-19.66,5.92,
star/j050224-314612,75.6,-31.77,5.92,
star/j083712+093936,129.3,9.66,5.92,
star/j131200-695624,198.0,-69.94,5.92,
star/j211536+770036,318.9,77.01,5.92,
star/j013036-261236,22.65,-26.21,5.92,
star/j004800+071800,12.0,7.3,5.92,
star/j064536-314724,101.4,-31.79,5.92,
star/j093336-225136,143.40001,-22.86,5.92,
star/j133448-131236,203.7,-13.21,5.92,
star/j134236+824500,205.65,82.75,5.92,
star/j083336-385100,128.40001,-38.85,5.92,
star/j012512-642212,21.3,-64.37,5.92,
star/j163224+604912,248.1,60.82,5.92,
star/j104836-015736,162.15001,-1.96,5.92,
star/j031236-442512,48.15,-44.42,5.92,
star/j015100+110224,27.75,11.04,5.92,
star/j012436-065436,21.15,-6.91,5.92,
star/j025024-355024,42.6,-35.84,5.92,
star/j031200+812812,48.0,81.47,5.92,
star/j052700+342324,81.75,34.39,5.92,
star/j205624+491200,314.1,49.2,5.92,
star/j222324-071124,335.84998,-7.19,5.92,
star/j082248-073224,125.700005,-7.54,5.92,
star/j231648-442924,349.2,-44.49,5.92,
star/j134724-501500,206.85,-50.25,5.92,
star/j215512-615324,328.8,-61.89,5.92,
star/j053412-012812,83.55,-1.47,5.92,
star/j063036-274612,97.65,-27.77,5.92,
star/j091348-472024,138.45,-47.34,5.92,
star/j224200+143112,340.5,14.52,5.92,
star/j063000-100448,97.5,-10.08,5.92,
star/j164124+265512,250.35,26.92,5.92,
star/j195924+454612,299.85,45.77,5.92,
star/j124912+832512,192.29999,83.42,5.92,
star/j134612+383000,206.55,38.5,5.92,
star/j010336+610412,15.9,61.07,5.92,
star/j135924-502212,209.84999,-50.37,5.92,
star/j082024+240112,125.100006,24.02,5.92,
star/j064648+083524,101.700005,8.59,5.92,
star/j150000-770936,225.0,-77.16,5.92,
star/j190524-153936,286.35,-15.66,5.93,
star/j184948+324836,282.45,32.81,5.93,
star/j141912-370000,214.79999,-37.0,5.93,
star/j032624-271912,51.600002,-27.32,5.93,
star/j071724+520748,109.35,52.13,5.93,
star/j074048+230112,115.2,23.02,5.93,
star/j201724+665100,304.35,66.85,5.93,
star/j190412-510112,286.05,-51.02,5.93,
star/j212548+364012,321.45,36.67,5.93,
star/j060936+221124,92.399994,22.19,5.93,
star/j112700-122136,171.75,-12.36,5.93,
star/j160900+062248,242.25,6.38,5.93,
star/j175624-154836,269.1,-15.81,5.93,
star/j153636+160712,234.15,16.12,5.93,
star/j025324-222248,43.350002,-22.38,5.93,
star/j031312+481048,48.3,48.18,5.93,
star/j221200+160224,333.0,16.04,5.93,
star/j105512-603112,163.8,-60.52,5.93,
star/j102512-583448,156.3,-58.58,5.93,
star/j100148-602512,150.45,-60.42,5.93,
star/j053036+152136,82.65,15.36,5.93,
star/j180300-081048-2,270.75,-8.18,5.93,
star/j040036-302924,60.15,-30.49,5.93,
star/j035324-465324,58.350002,-46.89,5.93,
star/j091536+725700,138.90001,72.95,5.93,
star/j224348+392812,340.94998,39.47,5.93,
star/j183748-212400,279.44998,-21.4,5.93,
star/j025324-382624,43.350002,-38.44,5.93,
star/j174724-144348,266.85,-14.73,5.93,
star/j011200-021500,18.0,-2.25,5.93,
star/j030036+105212,45.15,10.87,5.93,
star/j054648+560712,86.700005,56.12,5.93,
star/j235248-030936,358.19998,-3.16,5.93,
star/j160148+525512,240.45001,52.92,5.93,
star/j073636+554536,114.15,55.76,5.93,
star/j054048+002024,85.2,0.34,5.93,
star/j161912+490224,244.79999,49.04,5.93,
star/j144048+133148,220.20001,13.53,5.93,
star/j115548-282848,178.95001,-28.48,5.93,
star/j191200+311648,288.0,31.28,5.93,
star/j102324-040412,155.85,-4.07,5.93,
star/j060448-450448,91.2,-45.08,5.93,
star/j154424-414912,236.09999,-41.82,5.93,
star/j172848-551012,262.19998,-55.17,5.93,
star/j130300-712848,195.75,-71.48,5.93,
star/j090900+335248,137.25,33.88,5.93,
star/j125624-721124,194.09999,-72.19,5.93,
star/j210224-383148,315.6,-38.53,5.93,
star/j163900-371312,249.75,-37.22,5.93,
star/j073748+484612,114.450005,48.77,5.93,
star/j055212-570936,88.049995,-57.16,5.93,
star/j235024-095812,357.6,-9.97,5.93,
star/j170900-302400,257.25,-30.4,5.93,
star/j000748-223036,1.9499999,-22.51,5.93,
star/j194236+322548,295.65,32.43,5.93,
star/j140336-561236,210.90001,-56.21,5.93,
star/j224124+413300,340.35,41.55,5.93,
star/j171912-594124,259.8,-59.69,5.93,
star/j033036+061124,52.65,6.19,5.93,
star/j210336+531724,315.9,53.29,5.93,
star/j074648+652736,116.700005,65.46,5.93,
star/j031800-284800,49.5,-28.8,5.93,
star/j183148-010000,277.95,-1.0,5.93,
star/j050936+280148,77.399994,28.03,5.93,
star/j003300+545400,8.25,54.9,5.93,
star/j160900+032700,242.25,3.45,5.93,
star/j063524+095924,98.850006,9.99,5.93,
star/j165624-521648,254.1,-52.28,5.94,
star/j014836+375700,27.15,37.95,5.94,
star/j063748+612848,99.450005,61.48,5.94,
star/j122024-221048,185.1,-22.18,5.94,
star/j070336+292024,105.9,29.34,5.94,
star/j113300-074948,173.25,-7.83,5.94,
star/j171124-485212,257.85,-48.87,5.94,
star/j224012+535100,340.05,53.85,5.94,
star/j172700+344200,261.75,34.7,5.94,
star/j001348-260112,3.45,-26.02,5.94,
star/j013824-363148,24.6,-36.53,5.94,
star/j214424+144612,326.1,14.77,5.94,
star/j065136-361348,102.9,-36.23,5.94,
star/j091836+352136,139.65001,35.36,5.94,
star/j032136+490412,50.399998,49.07,5.94,
star/j230148-044236,345.45,-4.71,5.94,
star/j003524-003036,8.849999,-0.51,5.94,
star/j052436+310824,81.149994,31.14,5.94,
star/j082324+181948,125.850006,18.33,5.94,
star/j025212+685324,43.05,68.89,5.94,
star/j214500+622736,326.25,62.46,5.94,
star/j154648+552812,236.7,55.47,5.94,
star/j021124-014948,32.850002,-1.83,5.94,
star/j113036+431012,172.65001,43.17,5.94,
star/j072700+201536,111.75,20.26,5.94,
star/j113748-673712,174.45,-67.62,5.94,
star/j015100-501236,27.75,-50.21,5.94,
star/j074912-351424,117.3,-35.24,5.94,
star/j004500-424048,11.25,-42.68,5.94,
star/j203000-183448,307.5,-18.58,5.94,
star/j042512-611424,66.3,-61.24,5.94,
star/j142400+081424,216.0,8.24,5.94,
star/j043336+723148,68.4,72.53,5.94,
star/j071236-363224,108.15,-36.54,5.94,
star/j220300-760712,330.75,-76.12,5.94,
star/j040900+132400,62.25,13.4,5.94,
star/j070712+340036,106.799995,34.01,5.94,
star/j003036+595848,7.6499996,59.98,5.94,
star/j210524+055736,316.35,5.96,5.94,
star/j082848+141236,127.2,14.21,5.94,
star/j175136-404612,267.90002,-40.77,5.94,
star/j173748-153412,264.44998,-15.57,5.94,
star/j104500+672436,161.25,67.41,5.95,
star/j130936-101948,197.4,-10.33,5.95,
star/j085248+281948,133.2,28.33,5.95,
star/j034912+435736,57.3,43.96,5.95,
star/j171312-322624,258.3,-32.44,5.95,
star/j070036-082436,105.15,-8.41,5.95,
star/j093300-133112,143.25,-13.52,5.95,
star/j161648-675624,244.20001,-67.94,5.95,
star/j154200-760448,235.5,-76.08,5.95,
star/j202248+410148,305.69998,41.03,5.95,
star/j043036-353900,67.65,-35.65,5.95,
star/j011236-375136,18.150002,-37.86,5.95,
star/j180636-360112,271.65002,-36.02,5.95,
star/j114048-535812,175.20001,-53.97,5.95,
star/j205848-142848,314.69998,-14.48,5.95,
star/j155512-192248,238.8,-19.38,5.95,
star/j042024+414836,65.100006,41.81,5.95,
star/j182924-801348,277.35,-80.23,5.95,
star/j050036+392324,75.15,39.39,5.95,
star/j234948+285024,357.45,28.84,5.95,
star/j175700+000412,269.25,0.07,5.95,
star/j054648+011012,86.700005,1.17,5.95,
star/j105436-614948,163.65,-61.83,5.95,
star/j165400-430300,253.5,-43.05,5.95,
star/j170036-355548,255.15001,-35.93,5.95,
star/j122512-113636,186.3,-11.61,5.95,
star/j071500-412548,108.75,-41.43,5.95,
star/j085624-164236,134.09999,-16.71,5.95,
star/j072848-315100,112.2,-31.85,5.95,
star/j042848-192736,67.2,-19.46,5.95,
star/j055624-225024,89.1,-22.84,5.95,
star/j055212-090224,88.049995,-9.04,5.95,
star/j073036-542400,112.65,-54.4,5.95,
star/j124500+391648,191.25,39.28,5.95,
star/j200000-374200,300.0,-37.7,5.95,
star/j120448-605812,181.2,-60.97,5.95,
star/j113448+164800,173.7,16.8,5.95,
star/j190712-481800,286.80002,-48.3,5.95,
star/j095400-510900,148.5,-51.15,5.95,
star/j233900+751724,354.75,75.29,5.95,
star/j115924+331012,179.84999,33.17,5.95,
star/j110336+000000,165.90001,0.0,5.95,
star/j071536-103448,108.9,-10.58,5.95,
star/j135548-824012,208.95001,-82.67,5.95,
star/j233448-151500,353.7,-15.25,5.95,
star/j101648+233000,154.2,23.5,5.95,
star/j234648+664648,356.7,66.78,5.95,
star/j063636-131912,99.15,-13.32,5.95,
star/j223000-270636,337.5,-27.11,5.95,
star/j120636-654236,181.65,-65.71,5.95,
star/j074124+033712,115.35,3.62,5.95,
star/j083524-265024,128.85,-26.84,5.95,
star/j010300+412100,15.749999,41.35,5.95,
star/j082548-643600,126.450005,-64.6,5.95,
star/j105100-030524,162.75,-3.09,5.95,
star/j033412+242736,53.55,24.46,5.95,
star/j235736-625736,359.4,-62.96,5.95,
star/j171536-383524,258.9,-38.59,5.95,
star/j120936+015400,182.4,1.9,5.95,
star/j013600+172548,24.0,17.43,5.95,
star/j094912-371124,147.29999,-37.19,5.95,
star/j024500+674912,41.25,67.82,5.95,
star/j041724-062812,64.35,-6.47,5.95,
star/j154012-595436,235.05,-59.91,5.95,
star/j021236+241012,33.15,24.17,5.96,
star/j093936+671612,144.9,67.27,5.96,
star/j133712-440824,204.3,-44.14,5.96,
star/j194200+503148,295.5,50.53,5.96,
star/j123148-633036,187.95,-63.51,5.96,
star/j103900-584912,159.75,-58.82,5.96,
star/j055212+195212,88.049995,19.87,5.96,
star/j055024+042512,87.600006,4.42,5.96,
star/j215848+624200,329.69998,62.7,5.96,
star/j015100+515548,27.75,51.93,5.96,
star/j070300+090824,105.75,9.14,5.96,
star/j085212+451836,133.05,45.31,5.96,
star/j140036-661612,210.15001,-66.27,5.96,
star/j134348-420412,205.95,-42.07,5.96,
star/j070224+174536,105.6,17.76,5.96,
star/j091724+464912,139.35,46.82,5.96,
star/j143000+004948,217.5,0.83,5.96,
star/j221912-131800,334.8,-13.3,5.96,
star/j202924+810524,307.35,81.09,5.96,
star/j053824-063412,84.6,-6.57,5.96,
star/j214348-144500,325.94998,-14.75,5.96,
star/j044836+755624,72.15,75.94,5.96,
star/j051836-180748,79.65,-18.13,5.96,
star/j093712-360600,144.3,-36.1,5.96,
star/j140936-513000,212.4,-51.5,5.96,
star/j231912-180448,349.8,-18.08,5.96,
star/j190300-191500,285.75,-19.25,5.96,
star/j181500-202324,273.75,-20.39,5.96,
star/j181500+684536,273.75,68.76,5.96,
star/j205624+445512,314.1,44.92,5.96,
star/j152324+301724-2,230.85,30.29,5.96,
star/j080448-503524,121.2,-50.59,5.96,
star/j082100-575812,125.25001,-57.97,5.96,
star/j151536-480412,228.90001,-48.07,5.96,
star/j071536-523000,108.9,-52.5,5.96,
star/j065848+033600,104.7,3.6,5.96,
star/j082548-145548,126.450005,-14.93,5.96,
star/j020336-002024,30.9,-0.34,5.96,
star/j080636+223824,121.649994,22.64,5.96,
star/j002136-772548,5.4,-77.43,5.96,
star/j070712-515812,106.799995,-51.97,5.96,
star/j164424-530900,251.09999,-53.15,5.96,
star/j201948+133300,304.95,13.55,5.96,
star/j213600+452212,324.0,45.37,5.96,
star/j032548-692024,51.45,-69.34,5.96,
star/j134312-412400,205.8,-41.4,5.96,
star/j083824+324800,129.6,32.8,5.96,
star/j150336+473900-2,225.90001,47.65,5.96,
star/j044200+381648,70.5,38.28,5.97,
star/j055624+093036,89.1,9.51,5.97,
star/j055024+020112,87.600006,2.02,5.97,
star/j212436+803112,321.15,80.52,5.97,
star/j033900-053748,54.75,-5.63,5.97,
star/j132624-011124,201.59999,-1.19,5.97,
star/j012324+202812,20.85,20.47,5.97,
star/j194012-232548,295.05,-23.43,5.97,
star/j011048+022700,17.699999,2.45,5.97,
star/j211836+111200,319.65,11.2,5.97,
star/j134648+254200,206.7,25.7,5.97,
star/j045248+275400,73.200005,27.9,5.97,
star/j223524-235924,338.85,-23.99,5.97,
star/j171836+384836,259.65,38.81,5.97,
star/j054236-064800,85.65,-6.8,5.97,
star/j220448-264912,331.2,-26.82,5.97,
star/j042512+190224,66.3,19.04,5.97,
star/j134948+612924,207.45,61.49,5.97,
star/j174124+061836,265.35,6.31,5.97,
star/j031048+115212,47.7,11.87,5.97,
star/j082512-424612,126.3,-42.77,5.97,
star/j031800+391648,49.5,39.28,5.97,
star/j014124+300300,25.35,30.05,5.97,
star/j095700+572512,149.25,57.42,5.97,
star/j101836-414012,154.65001,-41.67,5.97,
star/j211312-362512,318.3,-36.42,5.97,
star/j035324+171948,58.350002,17.33,5.97,
star/j200748-004048,301.94998,-0.68,5.97,
star/j053712+110224,84.299995,11.04,5.97,
star/j054836-040524,87.15,-4.09,5.97,
star/j104200-794648,160.5,-79.78,5.97,
star/j020224+132848,30.599998,13.48,5.97,
star/j005848+662100,14.700001,66.35,5.97,
star/j130112+170712,195.3,17.12,5.97,
star/j081836-123748,124.65001,-12.63,5.97,
star/j230712+210748,346.80002,21.13,5.97,
star/j050712-122924,76.799995,-12.49,5.97,
star/j161912-145212,244.79999,-14.87,5.97,
star/j025624+082248,44.100002,8.38,5.97,
star/j230300-205212,345.75,-20.87,5.97,
star/j213224-335624,323.1,-33.94,5.97,
star/j181048+541724,272.7,54.29,5.97,
star/j150636-305512,226.65,-30.92,5.97,
star/j011424+160748,18.6,16.13,5.97,
star/j174500-573300,266.25,-57.55,5.97,
star/j153524+535512,233.85,53.92,5.97,
star/j061612-163712,94.05,-16.62,5.97,
star/j221200+245700,333.0,24.95,5.97,
star/j204012+432736,310.05,43.46,5.97,
star/j151012-384724,227.55,-38.79,5.98,
star/j072548-054612,111.45,-5.77,5.98,
star/j224048-572512,340.2,-57.42,5.98,
star/j075848-451312,119.7,-45.22,5.98,
star/j113412-324948,173.54999,-32.83,5.98,
star/j221048-041612,332.7,-4.27,5.98,
star/j193636+111612,294.15002,11.27,5.98,
star/j194048+134912,295.2,13.82,5.98,
star/j154800+134724,237.0,13.79,5.98,
star/j083000-461948,127.5,-46.33,5.98,
star/j172736-294312,261.9,-29.72,5.98,
star/j051912-272212,79.8,-27.37,5.98,
star/j210000+073112,315.0,7.52,5.98,
star/j104800-595512,162.0,-59.92,5.98,
star/j193112-682548,292.80002,-68.43,5.98,
star/j085212+420000,133.05,42.0,5.98,
star/j060148+485736,90.450005,48.96,5.98,
star/j033036-472248,52.65,-47.38,5.98,
star/j101048-414236,152.70001,-41.71,5.98,
star/j180448-355400,271.2,-35.9,5.98,
star/j053936+291312,84.899994,29.22,5.98,
star/j004724+064424,11.85,6.74,5.98,
star/j173036-010336,262.65,-1.06,5.98,
star/j012624+432736,21.6,43.46,5.98,
star/j190000-663900,285.0,-66.65,5.98,
star/j114312-371124,175.8,-37.19,5.98,
star/j181200+332700,273.0,33.45,5.98,
star/j151424+314724,228.59999,31.79,5.98,
star/j172848-364648,262.19998,-36.78,5.98,
star/j013936+162436,24.9,16.41,5.98,
star/j171536-143448,258.9,-14.58,5.98,
star/j214200+353036,325.5,35.51,5.98,
star/j091500+343748,138.75,34.63,5.98,
star/j170636-371348,256.65002,-37.23,5.98,
star/j140112+085324,210.3,8.89,5.98,
star/j024124-143300,40.350002,-14.55,5.98,
star/j222436-721500,336.15,-72.25,5.98,
star/j233936+740000,354.9,74.0,5.98,
star/j103300-584012,158.25,-58.67,5.98,
star/j231836+414612,349.65,41.77,5.98,
star/j134236+345924,205.65,34.99,5.98,
star/j045436+002812,73.649994,0.47,5.98,
star/j130712-595136,196.8,-59.86,5.98,
star/j170036-483900,255.15001,-48.65,5.98,
star/j044348-084724,70.95,-8.79,5.98,
star/j031648+321048,49.2,32.18,5.98,
star/j072736-225136,111.9,-22.86,5.98,
star/j033336+545812,53.399998,54.97,5.98,
star/j170824-173636,257.09998,-17.61,5.98,
star/j200300+183000,300.75,18.5,5.99,
star/j205136-053748,312.90002,-5.63,5.99,
star/j072212+001048,110.549995,0.18,5.99,
star/j105400-704312,163.5,-70.72,5.99,
star/j124312-561048,190.8,-56.18,5.99,
star/j004236-601536,10.65,-60.26,5.99,
star/j035512-120600,58.800003,-12.1,5.99,
star/j185436+335812,283.65,33.97,5.99,
star/j063936+125848,99.899994,12.98,5.99,
star/j125212-394048,193.05,-39.68,5.99,
star/j142400-531048,216.0,-53.18,5.99,
star/j165324+472512,253.34999,47.42,5.99,
star/j173112-565512,262.80002,-56.92,5.99,
star/j002700-253300,6.75,-25.55,5.99,
star/j164500-283036,251.25,-28.51,5.99,
star/j010412+523000,16.050001,52.5,5.99,
star/j184948-055436,282.45,-5.91,5.99,
star/j225136-293224,342.90002,-29.54,5.99,
star/j205436+755548,313.65,75.93,5.99,
star/j234012+094048,355.05,9.68,5.99,
star/j092400-613900,141.0,-61.65,5.99,
star/j105924+360524,164.84999,36.09,5.99,
star/j044612+184348,71.55,18.73,5.99,
star/j053936-033336,84.899994,-3.56,5.99,
star/j111912-643448,169.79999,-64.58,5.99,
star/j083600+063712,129.0,6.62,5.99,
star/j182248+120148,275.69998,12.03,5.99,
star/j165512-631612,253.8,-63.27,5.99,
star/j053036+412736,82.65,41.46,5.99,
star/j055436+005812,88.649994,0.97,5.99,
star/j061500-182848,93.75,-18.48,5.99,
star/j005812+335700,14.55,33.95,5.99,
star/j044648+401836,71.700005,40.31,5.99,
star/j233824-765212,354.59998,-76.87,5.99,
star/j000824-084912,2.1,-8.82,5.99,
star/j052324-082512,80.85,-8.42,5.99,
star/j203900+155024,309.75,15.84,5.99,
star/j051612+341836,79.05,34.31,5.99,
star/j071312-224012,108.299995,-22.67,5.99,
star/j212248-091912,320.69998,-9.32,5.99,
star/j164312+773036,250.79999,77.51,5.99,
star/j061536-045436,93.9,-4.91,5.99,
star/j130036-032212,195.15001,-3.37,5.99,
star/j080148+162736,120.45,16.46,5.99,
star/j152248+620300,230.7,62.05,5.99,
star/j074012-373448,115.05,-37.58,5.99,
star/j175848-284536,269.69998,-28.76,5.99,
star/j232736+251012,351.9,25.17,5.99,
star/j022248-733900,35.7,-73.65,5.99,
star/j181648-030036,274.2,-3.01,5.99,
star/j204200-761048,310.5,-76.18,5.99,
star/j171536+234424,258.9,23.74,5.99,
star/j024200-382248,40.5,-38.38,5.99,
star/j021800+573112,34.5,57.52,5.99,
star/j094200-551236,145.5,-55.21,5.99,
star/j090900+263748,137.25,26.63,5.99,
star/j143112-385212,217.8,-38.87,5.99,
star/j061648-391536,94.200005,-39.26,6.0,
star/j041800-204312,64.5,-20.72,6.0,
star/j054648+154912,86.700005,15.82,6.0,
star/j123900-181500,189.75,-18.25,6.0,
star/j132100-554800,200.25,-55.8,6.0,
star/j211724+554800,319.35,55.8,6.0,
star/j023036+001536,37.65,0.26,6.0,
star/j050636+611012,76.65,61.17,6.0,
star/j082024+722436,125.100006,72.41,6.0,
star/j220000+064312,330.0,6.72,6.0,
star/j021124-100300,32.850002,-10.05,6.0,
star/j214612-091648,326.55002,-9.28,6.0,
star/j085024-420524,132.6,-42.09,6.0,
star/j125436-113900,193.65,-11.65,6.0,
star/j133900-573712,204.75,-57.62,6.0,
star/j183936+521200,279.9,52.2,6.0,
star/j160336-320000,240.9,-32.0,6.0,
star/j171800+171912,259.5,17.32,6.0,
star/j125848+752812,194.7,75.47,6.0,
star/j155136-470336,237.9,-47.06,6.0,
star/j135624-544200,209.09999,-54.7,6.0,
star/j194912-105212,297.3,-10.87,6.0,
star/j180524+023036,271.35,2.51,6.0,
star/j135024+053000,207.6,5.5,6.0,
star/j020300+645400,30.75,64.9,6.0,
star/j102736+413600,156.9,41.6,6.0,
star/j102736-654200,156.9,-65.7,6.0,
star/j062248+123412,95.700005,12.57,6.0,
star/j190636-161348,286.65002,-16.23,6.0,
star/j070524+223824,106.350006,22.64,6.0,
star/j121048+814236,182.70001,81.71,6.0,
star/j143224+264048,218.1,26.68,6.0,
star/j003300-630148-2,8.25,-63.03,6.0,
star/j081236-461536,123.15,-46.26,6.0,
star/j224236-471236,340.65,-47.21,6.0,
star/j072100-265736,110.25,-26.96,6.0,
star/j175400-344500,268.5,-34.75,6.0,
star/j123000-414424,187.5,-41.74,6.0,
star/j222736+315024,336.9,31.84,6.0,
star/j085436-052548,133.65,-5.43,6.0,
star/j042324+205848,65.85,20.98,6.0,
star/j130636+210900,196.65,21.15,6.0,
star/j193336+491536,293.4,49.26,6.0,
star/j101912+482400,154.79999,48.4,6.0,
star/j134312-564612,205.8,-56.77,6.0,
star/j154048+160112,235.20001,16.02,6.0,
star/j170524+004200,256.35,0.7,6.0,
star/j194800+252248,297.0,25.38,6.0,
star/j070936-161348,107.399994,-16.23,6.0,
star/j003936-444800,9.900001,-44.8,6.0,
star/j174124+514912,265.35,51.82,6.0,
star/j063824-165212,99.6,-16.87,6.01,
star/j154724-375512,236.85,-37.92,6.01,
star/j212700+525400,321.75,52.9,6.01,
star/j175212+395848,268.05002,39.98,6.01,
star/j181948+294012,274.95,29.67,6.01,
star/j110448+381424,166.2,38.24,6.01,
star/j130036-333036,195.15001,-33.51,6.01,
star/j121048+271648,182.70001,27.28,6.01,
star/j021124+255624,32.850002,25.94,6.01,
star/j020636+254200,31.649998,25.7,6.01,
star/j013000+182136,22.5,18.36,6.01,
star/j210112+360148,315.30002,36.03,6.01,
star/j070112-585624,105.3,-58.94,6.01,
star/j235700+423936,359.25,42.66,6.01,
star/j082848-094500,127.2,-9.75,6.01,
star/j201236+512736,303.15,51.46,6.01,
star/j204124+143448,310.35,14.58,6.01,
star/j043636+232024,69.15,23.34,6.01,
star/j223300+695436,338.25,69.91,6.01,
star/j000936+794236,2.3999999,79.71,6.01,
star/j015548+015100,28.949999,1.85,6.01,
star/j074048-081124,115.2,-8.19,6.01,
star/j174048-321236,265.2,-32.21,6.01,
star/j152736+250600,231.9,25.1,6.01,
star/j172624+073600,261.6,7.6,6.01,
star/j130148+633636,195.45,63.61,6.01,
star/j135848+143900,209.7,14.65,6.01,
star/j143036+044612,217.65001,4.77,6.01,
star/j014912+475400,27.300001,47.9,6.01,
star/j102024+541312,155.1,54.22,6.01,
star/j092624-012736,141.59999,-1.46,6.01,
star/j103600-162024,159.0,-16.34,6.01,
star/j131912+350748,199.79999,35.13,6.01,
star/j082512-210300,126.3,-21.05,6.01,
star/j060636+293036,91.65,29.51,6.01,
star/j080000-485848,120.0,-48.98,6.01,
star/j130936+372512,197.4,37.42,6.01,
star/j200112-224424,300.30002,-22.74,6.01,
star/j033900-275624,54.75,-27.94,6.01,
star/j225248+600600,343.19998,60.1,6.01,
star/j204948+123224,312.45,12.54,6.01,
star/j043148+155100,67.950005,15.85,6.01,
star/j101912-123148,154.79999,-12.53,6.01,
star/j004348-120036,10.950001,-12.01,6.01,
star/j032924-064800,52.35,-6.8,6.01,
star/j095100-041424,147.75,-4.24,6.01,
star/j235548+472136,358.95,47.36,6.01,
star/j070336+123524,105.9,12.59,6.01,
star/j180036+331236,270.15,33.21,6.01,
star/j043336+092436,68.4,9.41,6.01,
star/j102736+094536,156.9,9.76,6.01,
star/j133148-184348,202.95,-18.73,6.01,
star/j040748+150936,61.95,15.16,6.02,
star/j125136+030336,192.9,3.06,6.02,
star/j001500+084912,3.75,8.82,6.02,
star/j063936+281536,99.899994,28.26,6.02,
star/j065848+380300,104.7,38.05,6.02,
star/j071648-231836,109.200005,-23.31,6.02,
star/j183824+394012,279.59998,39.67,6.02,
star/j204048+294836,310.2,29.81,6.02,
star/j091500-582324,138.75,-58.39,6.02,
star/j091612-445400,139.05,-44.9,6.02,
star/j183112-415436,277.80002,-41.91,6.02,
star/j085248-563900,133.2,-56.65,6.02,
star/j074536-434500,116.4,-43.75,6.02,
star/j191236+213300,288.15,21.55,6.02,
star/j214536-710036,326.4,-71.01,6.02,
star/j050148-394312,75.450005,-39.72,6.02,
star/j082436+420036,126.149994,42.01,6.02,
star/j071424-101912,108.6,-10.32,6.02,
star/j095212+022700,148.05,2.45,6.02,
star/j164348+340224,250.95,34.04,6.02,
star/j151236-724612,228.15,-72.77,6.02,
star/j052700-683712,81.75,-68.62,6.02,
star/j145324+190900,223.35,19.15,6.02,
star/j233112-445024,352.80002,-44.84,6.02,
star/j183000-143448,277.5,-14.58,6.02,
star/j164536+010112,251.40001,1.02,6.02,
star/j080148+601912,120.45,60.32,6.02,
star/j140824-745100,212.1,-74.85,6.02,
star/j184424+610300,281.1,61.05,6.02,
star/j075548-435100,118.95,-43.85,6.02,
star/j122736-634724,186.9,-63.79,6.02,
star/j051012+371800,77.55,37.3,6.02,
star/j114424+251312,176.09999,25.22,6.02,
star/j134348+520336,205.95,52.06,6.02,
star/j164312-672548,250.79999,-67.43,6.02,
star/j112248+641948,170.7,64.33,6.02,
star/j124124+624236,190.34999,62.71,6.02,
star/j220036-555248,330.15,-55.88,6.02,
star/j143448+363748,218.7,36.63,6.02,
star/j015848+614200,29.7,61.7,6.02,
star/j191648+470000,289.2,47.0,6.02,
star/j104200+314200,160.5,31.7,6.02,
star/j154236-492924,235.65,-49.49,6.02,
star/j124200-194536,190.5,-19.76,6.02,
star/j161424+732324,243.59999,73.39,6.02,
star/j204012+603000,310.05,60.5,6.02,
star/j031012+265400,47.550003,26.9,6.02,
star/j213036+525736,322.65,52.96,6.02,
star/j023300+150148,38.25,15.03,6.02,
star/j054836+205212,87.15,20.87,6.03,
star/j150712+182624,226.8,18.44,6.03,
star/j101424+211012,153.59999,21.17,6.03,
star/j195700+361500,299.25,36.25,6.03,
star/j175248-353712,268.19998,-35.62,6.03,
star/j175848+361724,269.69998,36.29,6.03,
star/j063712-380900,99.299995,-38.15,6.03,
star/j210636+384348,316.65002,38.73,6.03,
star/j203000+105400,307.5,10.9,6.03,
star/j032400+123748,51.0,12.63,6.03,
star/j191500+201200,288.75,20.2,6.03,
star/j075700+083824,119.25,8.64,6.03,
star/j122400+423224,186.0,42.54,6.03,
star/j075212+191948,118.049995,19.33,6.03,
star/j193600+365624,294.0,36.94,6.03,
star/j191948+113148,289.95,11.53,6.03,
star/j013524-580824,23.85,-58.14,6.03,
star/j105624+420036,164.09999,42.01,6.03,
star/j075100+540748,117.75,54.13,6.03,
star/j053712-055624,84.299995,-5.94,6.03,
star/j004612+445136,11.549999,44.86,6.03,
star/j082436-044312,126.149994,-4.72,6.03,
star/j142324-504612,215.85,-50.77,6.03,
star/j050148+610448,75.450005,61.08,6.03,
star/j025248-124612,43.2,-12.77,6.03,
star/j055700+241500,89.25,24.25,6.03,
star/j084424-654948,131.09999,-65.83,6.03,
star/j223936+373524,339.9,37.59,6.03,
star/j235436-401800,358.65,-40.3,6.03,
star/j051348-520148,78.45,-52.03,6.03,
star/j065700+573336,104.25,57.56,6.03,
star/j225324-483600,343.34998,-48.6,6.03,
star/j081312+163036,123.3,16.51,6.03,
star/j031800-665548,49.5,-66.93,6.03,
star/j164836-145436,252.15,-14.91,6.03,
star/j062812+703224,97.049995,70.54,6.03,
star/j161312-534012,243.29999,-53.67,6.03,
star/j171948-174536,259.95,-17.76,6.03,
star/j192436-275212,291.15,-27.87,6.03,
star/j071200-631124,108.0,-63.19,6.03,
star/j065324-283224,103.35,-28.54,6.03,
star/j235548+572436,358.95,57.41,6.03,
star/j032812+224800,52.05,22.8,6.03,
star/j181724-340636,274.35,-34.11,6.03,
star/j010448+053936,16.2,5.66,6.03,
star/j025212-625436,43.05,-62.91,6.03,
star/j122512+235548,186.3,23.93,6.03,
star/j065248+354724,103.200005,35.79,6.03,
star/j110036+425436,165.15001,42.91,6.03,
star/j065512-024800,103.8,-2.8,6.03,
star/j060112-252512,90.3,-25.42,6.04,
star/j055248+335512,88.200005,33.92,6.04,
star/j103148-281424,157.95,-28.24,6.04,
star/j005100+614836,12.75,61.81,6.04,
star/j061124+133824,92.85,13.64,6.04,
star/j173636+304724,264.15002,30.79,6.04,
star/j050636-130712,76.65,-13.12,6.04,
star/j060300+495436,90.75,49.91,6.04,
star/j054724-103148,86.85,-10.53,6.04,
star/j153600+111612,234.0,11.27,6.04,
star/j195100-653600,297.75,-65.6,6.04,
star/j222248+622512,335.69998,62.42,6.04,
star/j155624-395136,239.09999,-39.86,6.04,
star/j092024-373448,140.1,-37.58,6.04,
star/j091012+220000,137.55,22.0,6.04,
star/j024536+044236,41.4,4.71,6.04,
star/j003524-544912,8.849999,-54.82,6.04,
star/j061836-150112,94.65,-15.02,6.04,
star/j184348+363336,280.94998,36.56,6.04,
star/j054048+312136,85.2,31.36,6.04,
star/j060112+273412,90.3,27.57,6.04,
star/j221236-141124,333.15,-14.19,6.04,
star/j134724-094236,206.85,-9.71,6.04,
star/j091048+305736,137.70001,30.96,6.04,
star/j190112+334800,285.30002,33.8,6.04,
star/j103148-450412-2,157.95,-45.07,6.04,
star/j044836+033524,72.15,3.59,6.04,
star/j143824-384724,219.6,-38.79,6.04,
star/j173148-460224,262.95,-46.04,6.04,
star/j184500-610600,281.25,-61.1,6.04,
star/j081948+035700,124.95,3.95,6.04,
star/j064536-232736,101.4,-23.46,6.04,
star/j205548+043148,313.95,4.53,6.04,
star/j225436-700412,343.65,-70.07,6.04,
star/j072512-215848,111.3,-21.98,6.04,
star/j143748-675548,219.45,-67.93,6.04,
star/j161948+210748,244.95,21.13,6.04,
star/j053524-784912,83.850006,-78.82,6.04,
star/j155848+495248,239.7,49.88,6.04,
star/j194912-284724,297.3,-28.79,6.04,
star/j181312+384612,273.3,38.77,6.04,
star/j103900-122624,159.75,-12.44,6.04,
star/j131912-720224,199.79999,-72.04,6.04,
star/j194348+340936,295.94998,34.16,6.04,
star/j184948-730000,282.45,-73.0,6.04,
star/j044612-392136,71.55,-39.36,6.04,
star/j210148-265248,315.45,-26.88,6.04,
star/j165924+564124,254.84999,56.69,6.04,
star/j232100-501836,350.25,-50.31,6.04,
star/j020300+775512,30.75,77.92,6.04,
star/j011612+330636,19.05,33.11,6.04,
star/j083412+082700,128.54999,8.45,6.04,
star/j011500+070000,18.75,7.0,6.04,
star/j115924-514200,179.84999,-51.7,6.04,
star/j090036-431012,135.15001,-43.17,6.04,
star/j050448-030224,76.2,-3.04,6.04,
star/j102848-034424,157.2,-3.74,6.05,
star/j114348-064048,175.95,-6.68,6.05,
star/j091124-391536,137.84999,-39.26,6.05,
star/j190748-283824,286.94998,-28.64,6.05,
star/j121648-164124,184.2,-16.69,6.05,
star/j002812+162700,7.05,16.45,6.05,
star/j211500-172100,318.75,-17.35,6.05,
star/j113300-161648,173.25,-16.28,6.05,
star/j050224+741612,75.6,74.27,6.05,
star/j164348-380936,250.95,-38.16,6.05,
star/j062548+231948,96.45,23.33,6.05,
star/j043824-773936,69.6,-77.66,6.05,
star/j021424+663112,33.6,66.52,6.05,
star/j144724-211912,221.85,-21.32,6.05,
star/j123112+073600,187.8,7.6,6.05,
star/j121236-700900,183.15,-70.15,6.05,
star/j174012+311200,265.05,31.2,6.05,
star/j052100-342100,80.25,-34.35,6.05,
star/j092400-514424,141.0,-51.74,6.05,
star/j154836-522624,237.15001,-52.44,6.05,
star/j135400-283412,208.5,-28.57,6.05,
star/j170112-862136,255.3,-86.36,6.05,
star/j122812-642024,187.05,-64.34,6.05,
star/j062212+592212,95.549995,59.37,6.05,
star/j201948-010448,304.95,-1.08,6.05,
star/j061648-224236,94.200005,-22.71,6.05,
star/j041348+720748,63.45,72.13,6.05,
star/j063712+060824,99.299995,6.14,6.05,
star/j025624+470936,44.100002,47.16,6.05,
star/j181536-183936,273.9,-18.66,6.05,
star/j030448+015136,46.199997,1.86,6.05,
star/j115400-572436,178.5,-57.41,6.05,
star/j002812+101124,7.05,10.19,6.05,
star/j054312+563448,85.799995,56.58,6.05,
star/j014800-801048,27.0,-80.18,6.05,
star/j063936-234200,99.899994,-23.7,6.05,
star/j095812+081836,149.55,8.31,6.05,
star/j075136-425324,117.9,-42.89,6.05,
star/j173148-261612,262.95,-26.27,6.05,
star/j153900-390748,234.75,-39.13,6.05,
star/j075848+163112,119.7,16.52,6.05,
star/j034948+221424,57.449997,22.24,6.05,
star/j035848-570600,59.7,-57.1,6.05,
star/j004236-382736,10.65,-38.46,6.05,
star/j165848-373712,254.7,-37.62,6.05,
star/j021348+472848,33.45,47.48,6.05,
star/j082848+240900,127.2,24.15,6.05,
star/j151612-432848,229.05,-43.48,6.05,
star/j163748-063224,249.44998,-6.54,6.05,
star/j120224-853748,180.6,-85.63,6.05,
star/j212136+323636,320.40002,32.61,6.05,
star/j094836-562436,147.15001,-56.41,6.05,
star/j020936+811800,32.4,81.3,6.05,
star/j175248-340636,268.19998,-34.11,6.05,
star/j101348+270824,153.45,27.14,6.05,
star/j104948+275812,162.45,27.97,6.05,
star/j082624-524836,126.59999,-52.81,6.05,
star/j092700-645548,141.75,-64.93,6.05,
star/j072924-150000,112.35,-15.0,6.05,
star/j112324+000748,170.85,0.13,6.05,
star/j084312-790412,130.8,-79.07,6.05,
star/j075924+131424,119.85,13.24,6.05,
star/j175512-362848,268.8,-36.48,6.05,
star/j131048-523412,197.70001,-52.57,6.05,
star/j074236+340000,115.65,34.0,6.05,
star/j035700+231048,59.25,23.18,6.05,
star/j092400-392548,141.0,-39.43,6.05,
star/j114912+161424,177.29999,16.24,6.05,
star/j165512+254348,253.8,25.73,6.06,
star/j131648-650824,199.2,-65.14,6.06,
star/j205700+002736,314.25,0.46,6.06,
star/j004124+243748,10.35,24.63,6.06,
star/j161500-252848,243.75,-25.48,6.06,
star/j003600-225024,9.0,-22.84,6.06,
star/j111724-674912,169.35,-67.82,6.06,
star/j162700+022100,246.75002,2.35,6.06,
star/j143900-463448,219.75,-46.58,6.06,
star/j142924-764348,217.34999,-76.73,6.06,
star/j025812+383636,44.55,38.61,6.06,
star/j071912-191648,109.8,-19.28,6.06,
star/j095736-482436,149.4,-48.41,6.06,
star/j193112+705924,292.80002,70.99,6.06,
star/j004424-623000,11.1,-62.5,6.06,
star/j145624-323824,224.09999,-32.64,6.06,
star/j042624+083524,66.6,8.59,6.06,
star/j184612+412624,281.55002,41.44,6.06,
star/j184800+314536,282.0,31.76,6.06,
star/j144500-012512,221.25,-1.42,6.06,
star/j170824-010448,257.09998,-1.08,6.06,
star/j045024-411912,72.600006,-41.32,6.06,
star/j124236-555700,190.65,-55.95,6.06,
star/j010336+012212,15.9,1.37,6.06,
star/j075100+331348,117.75,33.23,6.06,
star/j181648-510412,274.2,-51.07,6.06,
star/j043336-104724,68.4,-10.79,6.06,
star/j102248+063224,155.7,6.54,6.06,
star/j215848-211048,329.69998,-21.18,6.06,
star/j234424-702924,356.1,-70.49,6.06,
star/j170412+133412,256.05,13.57,6.06,
star/j195324+594236,298.34998,59.71,6.06,
star/j045436+440336,73.649994,44.06,6.06,
star/j214236+104912,325.65,10.82,6.06,
star/j041500+572736,63.75,57.46,6.06,
star/j192136+793600,290.40002,79.6,6.06,
star/j224236-441500,340.65,-44.25,6.06,
star/j030524+403448,46.35,40.58,6.06,
star/j121724-654124,184.35,-65.69,6.06,
star/j110036-315024,165.15001,-31.84,6.06,
star/j073900-531612,114.75,-53.27,6.06,
star/j132248-720900,200.7,-72.15,6.06,
star/j143000+314724,217.5,31.79,6.06,
star/j205212-331048,313.05002,-33.18,6.06,
star/j034424+483112,56.1,48.52,6.06,
star/j074536-144124,116.4,-14.69,6.06,
star/j103036+641536,157.65001,64.26,6.07,
star/j214124+404836,325.35,40.81,6.07,
star/j211048+100300,317.7,10.05,6.07,
star/j151312-193900,228.3,-19.65,6.07,
star/j064648-210112,101.700005,-21.02,6.07,
star/j224836+625624,342.15,62.94,6.07,
star/j183600+652924,279.0,65.49,6.07,
star/j190748+165100,286.94998,16.85,6.07,
star/j170336-470936,255.9,-47.16,6.07,
star/j084536-252324,131.40001,-25.39,6.07,
star/j031500+423000,48.75,42.5,6.07,
star/j163112-263224,247.8,-26.54,6.07,
star/j040824+374348,62.1,37.73,6.07,
star/j133112+420636,202.8,42.11,6.07,
star/j164724+020336,251.85,2.06,6.07,
star/j024200-031236,40.5,-3.21,6.07,
star/j082624-390336,126.59999,-39.06,6.07,
star/j011012+154012,17.55,15.67,6.07,
star/j165400-414948,253.5,-41.83,6.07,
star/j164500+431312,251.25,43.22,6.07,
star/j144724-521236,221.85,-52.21,6.07,
star/j181048-473036,272.7,-47.51,6.07,
star/j141048-701836,212.70001,-70.31,6.07,
star/j110636-584048,166.65,-58.68,6.07,
star/j101124-584948,152.84999,-58.83,6.07,
star/j074912+132212,117.3,13.37,6.07,
star/j182736+034500,276.9,3.75,6.07,
star/j001800+111236,4.5,11.21,6.07,
star/j110936+671236,167.4,67.21,6.07,
star/j212248+301836,320.69998,30.31,6.07,
star/j121048-375212,182.70001,-37.87,6.07,
star/j071200+053900,108.0,5.65,6.07,
star/j062700-255136,96.75,-25.86,6.07,
star/j032436+204800,51.15,20.8,6.07,
star/j005324+372512,13.349999,37.42,6.07,
star/j164048+245136,250.20001,24.86,6.07,
star/j081424-320824,123.6,-32.14,6.07,
star/j143300-304236,218.25,-30.71,6.07,
star/j190448+304348,286.2,30.73,6.07,
star/j152400+451612,231.0,45.27,6.07,
star/j160224-290824,240.6,-29.14,6.07,
star/j061348+511012,93.45,51.17,6.07,
star/j203936+403448,309.9,40.58,6.07,
star/j020900-174648,32.25,-17.78,6.07,
star/j061536+060412,93.9,6.07,6.07,
star/j023636+313636,39.149998,31.61,6.07,
star/j085512-075812,133.8,-7.97,6.07,
star/j164124-242812,250.35,-24.47,6.07,
star/j233936-463824,354.9,-46.64,6.07,
star/j233036+383936,352.65,38.66,6.07,
star/j090148+275400,135.45,27.9,6.07,
star/j160336+045924,240.9,4.99,6.07,
star/j210036-173148,315.15,-17.53,6.07,
star/j211312+363748,318.3,36.63,6.07,
star/j101312-595512,153.3,-59.92,6.07,
star/j123000+584612,187.5,58.77,6.07,
star/j012400+784348,21.0,78.73,6.07,
star/j213936-103448,324.9,-10.58,6.07,
star/j141048-694312,212.70001,-69.72,6.07,
star/j015548-605136,28.949999,-60.86,6.07,
star/j234348-450448,355.94998,-45.08,6.08,
star/j105512-421500,163.8,-42.25,6.08,
star/j212624+192248,321.6,19.38,6.08,
star/j031124-034836,47.850002,-3.81,6.08,
star/j051348+015812,78.45,1.97,6.08,
star/j193000+025400,292.5,2.9,6.08,
star/j002436-021312,6.15,-2.22,6.08,
star/j194124-655100,295.35,-65.85,6.08,
star/j145848-045924,224.7,-4.99,6.08,
star/j061124-262848,92.85,-26.48,6.08,
star/j220824+253224,332.09998,25.54,6.08,
star/j140336-412512,210.90001,-41.42,6.08,
star/j121048-611648,182.70001,-61.28,6.08,
star/j171424-565324,258.6,-56.89,6.08,
star/j042136-254348,65.4,-25.73,6.08,
star/j005548+271236,13.95,27.21,6.08,
star/j164048+122400,250.20001,12.4,6.08,
star/j095212-163148,148.05,-16.53,6.08,
star/j090148+053824,135.45,5.64,6.08,
star/j103900-742924,159.75,-74.49,6.08,
star/j185136-031912,282.90002,-3.32,6.08,
star/j171648-061424,259.2,-6.24,6.08,
star/j050600+590112,76.5,59.02,6.08,
star/j101612-111200,154.05,-11.2,6.08,
star/j202548-404800,306.45,-40.8,6.08,
star/j232248-600336,350.69998,-60.06,6.08,
star/j174012-020900,265.05,-2.15,6.08,
star/j170336+344724,255.9,34.79,6.08,
star/j234724+464948,356.85,46.83,6.08,
star/j041836-525136,64.65,-52.86,6.08,
star/j203900+214912,309.75,21.82,6.08,
star/j200524-671912,301.35,-67.32,6.08,
star/j194312+304048,295.8,30.68,6.08,
star/j081124+094912,122.84999,9.82,6.08,
star/j175736-761048,269.4,-76.18,6.08,
star/j082512+350036,126.3,35.01,6.08,
star/j060300+425436,90.75,42.91,6.08,
star/j063224+114012,98.1,11.67,6.08,
star/j053636+401048,84.15,40.18,6.08,
star/j052736-212248,81.9,-21.38,6.08,
star/j015324-383524,28.35,-38.59,6.09,
star/j112812-722812,172.05,-72.47,6.09,
star/j193036+032624,292.65,3.44,6.09,
star/j175100-530748,267.75,-53.13,6.09,
star/j041236+171648,63.15,17.28,6.09,
star/j063900+220148,99.75,22.03,6.09,
star/j060336+114048,90.9,11.68,6.09,
star/j181012+162848,272.55,16.48,6.09,
star/j022924+093412,37.35,9.57,6.09,
star/j075700-422436,119.25,-42.41,6.09,
star/j174836-552400,267.15,-55.4,6.09,
star/j070600-382248,106.5,-38.38,6.09,
star/j202248+311612,305.69998,31.27,6.09,
star/j070448-220148,106.2,-22.03,6.09,
star/j010524-095848,16.35,-9.98,6.09,
star/j080224+630524,120.6,63.09,6.09,
star/j234836-062248,357.15,-6.38,6.09,
star/j021048+390224,32.7,39.04,6.09,
star/j044948+155400,72.45,15.9,6.09,
star/j035700+060224,59.25,6.04,6.09,
star/j201424-632512,303.6,-63.42,6.09,
star/j015924-660412,29.85,-66.07,6.09,
star/j203600-693636,309.0,-69.61,6.09,
star/j173824-425248,264.59998,-42.88,6.09,
star/j140036-783524,210.15001,-78.59,6.09,
star/j151312-360524,228.3,-36.09,6.09,
star/j175136-453600,267.90002,-45.6,6.09,
star/j052512-441348,81.3,-44.23,6.09,
star/j094724+790824,146.85,79.14,6.09,
star/j212512-714800,321.3,-71.8,6.09,
star/j172548+165512,261.45,16.92,6.09,
star/j050000+530936,75.0,53.16,6.09,
star/j052324+164200,80.85,16.7,6.09,
star/j074048+570448,115.2,57.08,6.09,
star/j122512-274500,186.3,-27.75,6.09,
star/j015924+121724,29.85,12.29,6.09,
star/j191912-153224,289.8,-15.54,6.09,
star/j163000-574536,247.5,-57.76,6.09,
star/j061612+235812,94.05,23.97,6.09,
star/j044424+404724,71.1,40.79,6.09,
star/j061536-090224,93.9,-9.04,6.09,
star/j132924-644048,202.34999,-64.68,6.09,
star/j175512+555812,268.8,55.97,6.09,
star/j103524-433936,158.85,-43.66,6.09,
star/j054500+040036,86.25,4.01,6.09,
star/j214424+284500,326.1,28.75,6.09,
star/j171612-354500,259.05002,-35.75,6.09,
star/j034724+555512,56.85,55.92,6.09,
star/j032548+490712,51.45,49.12,6.09,
star/j145436-655924,223.65,-65.99,6.09,
star/j084800-063336,132.0,-6.56,6.09,
star/j235512-315512,358.8,-31.92,6.09,
star/j110524-110524,166.35,-11.09,6.09,
star/j043412-065024,68.55,-6.84,6.09,
star/j043336+430336,68.4,43.06,6.09,
star/j113824+464948,174.6,46.83,6.09,
star/j161124+164012,242.85,16.67,6.09,
star/j100336-093412,150.90001,-9.57,6.09,
star/j202848-353600,307.19998,-35.6,6.09,
star/j202100-144648-2,305.25,-14.78,6.09,
star/j161536-145100,243.90001,-14.85,6.09,
star/j225548-313748,343.95,-31.63,6.09,
star/j141348-543748,213.45,-54.63,6.09,
star/j041836-225812,64.65,-22.97,6.09,
star/j024200-463112,40.5,-46.52,6.09,
star/j103336-581124,158.40001,-58.19,6.09,
star/j173524-532100,263.85,-53.35,6.09,
star/j185812-310224,284.55,-31.04,6.09,
star/j192248+333112,290.69998,33.52,6.09,
star/j034424+205548,56.1,20.93,6.09,
star/j070636-245736,106.65,-24.96,6.09,
star/j122512-423036,186.3,-42.51,6.1,
star/j203112-150336,307.80002,-15.06,6.1,
star/j015700-514612,29.25,-51.77,6.1,
star/j053712-114648,84.299995,-11.78,6.1,
star/j143036+631124,217.65001,63.19,6.1,
star/j222436-721500-2,336.15,-72.25,6.1,
star/j160412-331236,241.04999,-33.21,6.1,
star/j132400+370148,201.0,37.03,6.1,
star/j131312+184348,198.3,18.73,6.1,
star/j142248-481912,215.7,-48.32,6.1,
star/j193936+335848,294.9,33.98,6.1,
star/j005736+455024,14.4,45.84,6.1,
star/j112212-443900,170.55,-44.65,6.1,
star/j135212+121012,208.05,12.17,6.1,
star/j053600+474312,84.0,47.72,6.1,
star/j091236-070636,138.15,-7.11,6.1,
star/j070712+045436,106.799995,4.91,6.1,
star/j183524+342736,278.85,34.46,6.1,
star/j165100-373036,252.75,-37.51,6.1,
star/j152812-513600,232.05,-51.6,6.1,
star/j145924-430936,224.84999,-43.16,6.1,
star/j065248+385212,103.200005,38.87,6.1,
star/j210000-360748,315.0,-36.13,6.1,
star/j175436-342812,268.65,-34.47,6.1,
star/j050524+011048,76.350006,1.18,6.1,
star/j090636-554800,136.65,-55.8,6.1,
star/j045624+361012,74.1,36.17,6.1,
star/j114348-625248,175.95,-62.88,6.1,
star/j064500-702548,101.25,-70.43,6.1,
star/j050448+740412,76.2,74.07,6.1,
star/j213112+120824,322.80002,12.14,6.1,
star/j213636-330300,324.15002,-33.05,6.1,
star/j103448-231048,158.7,-23.18,6.1,
star/j001836+434724,4.65,43.79,6.1,
star/j094948+211048,147.45,21.18,6.1,
star/j153524+173936,233.85,17.66,6.1,
star/j030524+560412,46.35,56.07,6.1,
star/j053600-471836,84.0,-47.31,6.1,
star/j103900-424500,159.75,-42.75,6.1,
star/j144500-553600,221.25,-55.6,6.1,
star/j084500-211012,131.25,-21.17,6.1,
star/j221536-442700,333.9,-44.45,6.1,
star/j214236+591612,325.65,59.27,6.1,
star/j214836+383900,327.15,38.65,6.1,
star/j034424+460600,56.1,46.1,6.1,
star/j074536-564312,116.4,-56.72,6.1,
star/j160000-540112,240.0,-54.02,6.1,
star/j195512+581500,298.8,58.25,6.1,
star/j202548-024800,306.45,-2.8,6.1,
star/j052212-560748,80.549995,-56.13,6.1,
star/j144500-582848,221.25,-58.48,6.1,
star/j042700-465700,66.75,-46.95,6.1,
star/j184048+624500,280.2,62.75,6.1,
star/j102812-492436,157.05,-49.41,6.1,
star/j071200-304912,108.0,-30.82,6.1,
star/j212624-543936,321.6,-54.66,6.1,
star/j221048-211348,332.7,-21.23,6.1,
star/j155324+131200,238.35,13.2,6.1,
star/j233412+205024,353.55,20.84,6.1,
star/j181612+022248,274.05002,2.38,6.1,
star/j084948-723300,132.45,-72.55,6.1,
star/j185136+363224,282.90002,36.54,6.1,
star/j214236+493600,325.65,49.6,6.1,
star/j141500-291648,213.75,-29.28,6.1,
star/j210300+383936,315.75,38.66,6.1,
star/j133036-062812,202.65001,-6.47,6.1,
star/j201612+213600,304.05002,21.6,6.11,
star/j031124+130300,47.850002,13.05,6.11,
star/j042700-240448,66.75,-24.08,6.11,
star/j083224-732136,128.1,-73.36,6.11,
star/j001800+512548,4.5,51.43,6.11,
star/j045136+095848,72.9,9.98,6.11,
star/j013336-783000,23.4,-78.5,6.11,
star/j173600+210000,264.0,21.0,6.11,
star/j073412-332736,113.55,-33.46,6.11,
star/j082400+103748,125.99999,10.63,6.11,
star/j000448+343936,1.1999999,34.66,6.11,
star/j214200+454612,325.5,45.77,6.11,
star/j031012-484348,47.550003,-48.73,6.11,
star/j082100-640636,125.25001,-64.11,6.11,
star/j042024+184424,65.100006,18.74,6.11,
star/j081348-362024,123.45,-36.34,6.11,
star/j123448-674536,188.7,-67.76,6.11,
star/j074948-193112,117.45,-19.52,6.11,
star/j200036-430224,300.15,-43.04,6.11,
star/j055436-493748,88.649994,-49.63,6.11,
star/j155624-144948,239.09999,-14.83,6.11,
star/j125324-033300,193.35,-3.55,6.11,
star/j212024+604536,320.1,60.76,6.11,
star/j000448+420524,1.1999999,42.09,6.11,
star/j053712+085700,84.299995,8.95,6.11,
star/j223600+353448,339.0,35.58,6.11,
star/j011648+445400,19.199999,44.9,6.11,
star/j111648-070748,169.2,-7.13,6.11,
star/j135212-313712,208.05,-31.62,6.11,
star/j045436-583300,73.649994,-58.55,6.11,
star/j063748-125848,99.450005,-12.98,6.11,
star/j230824-792848,347.09998,-79.48,6.11,
star/j193112-211836,292.80002,-21.31,6.11,
star/j043936-010300,69.899994,-1.05,6.11,
star/j180000+800000-2,270.0,80.0,6.11,
star/j121500-101836,183.75,-10.31,6.11,
star/j100336-463824,150.90001,-46.64,6.11,
star/j060600+352324,91.5,35.39,6.11,
star/j082548+170300,126.450005,17.05,6.11,
star/j034048+251948,55.2,25.33,6.11,
star/j155024-452400,237.6,-45.4,6.11,
star/j225512+010336,343.8,1.06,6.11,
star/j162624+112436,246.6,11.41,6.11,
star/j030036-025248,45.15,-2.88,6.11,
star/j170448+484800,256.2,48.8,6.11,
star/j162024-392548,245.1,-39.43,6.11,
star/j220824+454424,332.09998,45.74,6.11,
star/j170224+643600,255.6,64.6,6.11,
star/j013448-315324,23.7,-31.89,6.11,
star/j110448-492324,166.2,-49.39,6.11,
star/j022848-310600,37.2,-31.1,6.11,
star/j212736+594500,321.9,59.75,6.11,
star/j003336-711612,8.4,-71.27,6.11,
star/j194800-134200,297.0,-13.7,6.11,
star/j062324-095212,95.85,-9.87,6.11,
star/j133300+242100,203.25,24.35,6.11,
star/j190300+193936,285.75,19.66,6.11,
star/j051012-003412,77.55,-0.57,6.11,
star/j064948-601500,102.45,-60.25,6.11,
star/j190936-194800,287.4,-19.8,6.11,
star/j093224+015136,143.1,1.86,6.11,
star/j111236-183000,168.15,-18.5,6.11,
star/j124724+115736,191.85,11.96,6.11,
star/j221236+731836,333.15,73.31,6.11,
star/j030000+380748,45.0,38.13,6.11,
star/j005548-274648,13.95,-27.78,6.11,
star/j045512-393748,73.8,-39.63,6.11,
star/j152400-010112,231.0,-1.02,6.11,
star/j133900-702624,204.75,-70.44,6.11,
star/j000824-173448,2.1,-17.58,6.11,
star/j095924-235700,149.84999,-23.95,6.11,
star/j050336+412624,75.9,41.44,6.11,
star/j125700+461048,194.25,46.18,6.11,
star/j004724+193448,11.85,19.58,6.11,
star/j061800+142248,94.5,14.38,6.12,
star/j232400-430712,351.0,-43.12,6.12,
star/j211648+540000,319.2,54.0,6.12,
star/j071348-272136,108.45,-27.36,6.12,
star/j082024-225512,125.100006,-22.92,6.12,
star/j105324-021536,163.35,-2.26,6.12,
star/j082024-051948,125.100006,-5.33,6.12,
star/j001612+433600,4.05,43.6,6.12,
star/j194912+384236,297.3,38.71,6.12,
star/j153900+344048,234.75,34.68,6.12,
star/j092100+381124,140.25,38.19,6.12,
star/j084536+304200,131.40001,30.7,6.12,
star/j080112-543112,120.3,-54.52,6.12,
star/j001648+081424,4.2,8.24,6.12,
star/j034012-010712,55.050003,-1.12,6.12,
star/j085248-131348,133.2,-13.23,6.12,
star/j185248-292248,283.19998,-29.38,6.12,
star/j021012-504948,32.550003,-50.83,6.12,
star/j110300-004500,165.75,-0.75,6.12,
star/j010600-235924,16.5,-23.99,6.12,
star/j195100-022736,297.75,-2.46,6.12,
star/j020300+735100,30.75,73.85,6.12,
star/j224236-292136,340.65,-29.36,6.12,
star/j134348+224200,205.95,22.7,6.12,
star/j010148-570000,15.45,-57.0,6.12,
star/j191236-502924,288.15,-50.49,6.12,
star/j043448-195512,68.7,-19.92,6.12,
star/j092700-284724,141.75,-28.79,6.12,
star/j051912+200748,79.8,20.13,6.12,
star/j200748+342512,301.94998,34.42,6.12,
star/j093148-102212,142.95,-10.37,6.12,
star/j093300-083036,143.25,-8.51,6.12,
star/j181724+405624,274.35,40.94,6.12,
star/j225924-130412,344.85,-13.07,6.12,
star/j145548+321800,223.95001,32.3,6.12,
star/j140112-401312,210.3,-40.22,6.12,
star/j080448-194348,121.2,-19.73,6.12,
star/j160112-543448,240.3,-54.58,6.12,
star/j113148+810748,172.95,81.13,6.12,
star/j231348-624200,348.44998,-62.7,6.12,
star/j040448-202248,61.199997,-20.38,6.12,
star/j211312+811348,318.3,81.23,6.12,
star/j202812-032136,307.05,-3.36,6.12,
star/j212624+010600,321.6,1.1,6.12,
star/j184800+484612,282.0,48.77,6.12,
star/j030748-691536,46.95,-69.26,6.12,
star/j222548-750112,336.45,-75.02,6.12,
star/j094236+350524,145.65,35.09,6.12,
star/j171236-274536,258.15,-27.76,6.12,
star/j173900+131948,264.75,13.33,6.12,
star/j230712+524912,346.80002,52.82,6.12,
star/j083936-363636,129.9,-36.61,6.12,
star/j111312-494424,168.3,-49.74,6.12,
star/j171124+494500,257.85,49.75,6.12,
star/j165136-652248,252.90001,-65.38,6.12,
star/j062436-125736,96.149994,-12.96,6.12,
star/j033000-412212,52.5,-41.37,6.12,
star/j102212-195212,155.55,-19.87,6.12,
star/j151424+421012,228.59999,42.17,6.12,
star/j085624+041424,134.09999,4.24,6.13,
star/j084500+054048,131.25,5.68,6.13,
star/j182548-630112,276.45,-63.02,6.13,
star/j195100+374948,297.75,37.83,6.13,
star/j080036-485212,120.15,-48.87,6.13,
star/j193636-185100,294.15002,-18.85,6.13,
star/j184236-070412,280.65,-7.07,6.13,
star/j221200-760712,333.0,-76.12,6.13,
star/j005024+450000,12.599999,45.0,6.13,
star/j174836+191500,267.15,19.25,6.13,
star/j055400+103524,88.5,10.59,6.13,
star/j091724-684124,139.35,-68.69,6.13,
star/j065324-185548,103.35,-18.93,6.13,
star/j093148-103300,142.95,-10.55,6.13,
star/j181048-334800,272.7,-33.8,6.13,
star/j201912-473448,304.8,-47.58,6.13,
star/j232400-534836,351.0,-53.81,6.13,
star/j115024-155136,177.6,-15.86,6.13,
star/j091724-684124-2,139.35,-68.69,6.13,
star/j202924-222324,307.35,-22.39,6.13,
star/j230712+324948,346.80002,32.83,6.13,
star/j144012+215848,220.05,21.98,6.13,
star/j051912+580712,79.8,58.12,6.13,
star/j195212+362548,298.05002,36.43,6.13,
star/j235212+214012,358.05002,21.67,6.13,
star/j180824-454612,272.09998,-45.77,6.13,
star/j042924-463112,67.35,-46.52,6.13,
star/j231424-104124,348.6,-10.69,6.13,
star/j052400-005212,81.0,-0.87,6.13,
star/j115548-394124,178.95001,-39.69,6.13,
star/j095700-523824,149.25,-52.64,6.13,
star/j221348+630936,333.44998,63.16,6.13,
star/j011236+452024,18.150002,45.34,6.13,
star/j203412-134312,308.55,-13.72,6.13,
star/j195212+113748,298.05002,11.63,6.13,
star/j160900+171236,242.25,17.21,6.13,
star/j012736-105400,21.900002,-10.9,6.13,
star/j211536-361236,318.9,-36.21,6.13,
star/j143636-393600,219.15,-39.6,6.13,
star/j030712+175248,46.8,17.88,6.13,
star/j112436-424012,171.15,-42.67,6.13,
star/j215848-590036,329.69998,-59.01,6.13,
star/j210636+265512,316.65002,26.92,6.13,
star/j192436-434312,291.15,-43.72,6.13,
star/j091200-763936,138.0,-76.66,6.13,
star/j034348+194012,55.95,19.67,6.13,
star/j150636-220148,226.65,-22.03,6.13,
star/j201348+432248,303.44998,43.38,6.13,
star/j173600+371800,264.0,37.3,6.13,
star/j102624-424424,156.59999,-42.74,6.13,
star/j054424-222512,86.1,-22.42,6.13,
star/j082248-130300,125.700005,-13.05,6.13,
star/j194348-373224,295.94998,-37.54,6.14,
star/j202436+010412,306.15,1.07,6.14,
star/j135624-540748,209.09999,-54.13,6.14,
star/j161536-425400,243.90001,-42.9,6.14,
star/j031648-090900,49.2,-9.15,6.14,
star/j185624+022812,284.1,2.47,6.14,
star/j155436-604424,238.65,-60.74,6.14,
star/j152100-153300,230.25,-15.55,6.14,
star/j162512-630748,246.3,-63.13,6.14,
star/j100336-615248,150.90001,-61.88,6.14,
star/j113748+503712,174.45,50.62,6.14,
star/j175324-344348,268.34998,-34.73,6.14,
star/j010000+062848,15.0,6.48,6.14,
star/j032024+253936,50.1,25.66,6.14,
star/j225212-631124,343.05002,-63.19,6.14,
star/j194724+475436,296.85,47.91,6.14,
star/j022700+270036,36.75,27.01,6.14,
star/j180448+015512,271.2,1.92,6.14,
star/j041236+222436,63.15,22.41,6.14,
star/j221648-255400,334.2,-25.9,6.14,
star/j082248-061048,125.700005,-6.18,6.14,
star/j182512-355924,276.3,-35.99,6.14,
star/j161536+272512,243.90001,27.42,6.14,
star/j015024-474912,27.6,-47.82,6.14,
star/j195924+520336,299.85,52.06,6.14,
star/j033412+174948,53.55,17.83,6.14,
star/j055212+585736,88.049995,58.96,6.14,
star/j025848-094648,44.7,-9.78,6.14,
star/j210824+065924,317.09998,6.99,6.14,
star/j045848+143224,74.7,14.54,6.14,
star/j223112-063300,337.80002,-6.55,6.14,
star/j074800-403900,117.0,-40.65,6.14,
star/j075436-345100,118.649994,-34.85,6.14,
star/j032400-693712,51.0,-69.62,6.14,
star/j092924-021236,142.34999,-2.21,6.14,
star/j203148+564648,307.95,56.78,6.14,
star/j182136+052624,275.40002,5.44,6.14,
star/j195436+070824,298.65,7.14,6.14,
star/j133148-382400,202.95,-38.4,6.14,
star/j091200+035212,138.0,3.87,6.14,
star/j063824-023224,99.6,-2.54,6.14,
star/j200524+515024,301.35,51.84,6.14,
star/j063748+045736,99.450005,4.96,6.14,
star/j224236+535436,340.65,53.91,6.14,
star/j000636+290112,1.65,29.02,6.14,
star/j075700-631800,119.25,-63.3,6.14,
star/j172512-344200,261.3,-34.7,6.14,
star/j164348-410636,250.95,-41.11,6.14,
star/j224836+542436,342.15,54.41,6.14,
star/j175100+221912,267.75,22.32,6.14,
star/j010636+125736,16.65,12.96,6.14,
star/j042812+015136,67.049995,1.86,6.14,
star/j194536+350036,296.4,35.01,6.14,
star/j212848+552512,322.19998,55.42,6.14,
star/j035548-632736,58.95,-63.46,6.14,
star/j215400+065136,328.5,6.86,6.14,
star/j125212-264424,193.05,-26.74,6.14,
star/j024948-243336,42.449997,-24.56,6.14,
star/j001348-261648,3.45,-26.28,6.14,
star/j135736-230112,209.4,-23.02,6.14,
star/j141124+321800,212.84999,32.3,6.14,
star/j181312+215248,273.3,21.88,6.14,
star/j120524+625548,181.35,62.93,6.14,
star/j091800-670300,139.5,-67.05,6.14,
star/j050412+302924,76.05,30.49,6.14,
star/j193000-552624,292.5,-55.44,6.14,
star/j092100+511612,140.25,51.27,6.14,
star/j040636+653112,61.65,65.52,6.14,
star/j152024+442548,230.1,44.43,6.14,
star/j085400+353224,133.5,35.54,6.14,
star/j185812-223148,284.55,-22.53,6.14,
star/j072436-371724,111.149994,-37.29,6.14,
star/j033000+592212,52.5,59.37,6.14,
star/j025924-285436,44.85,-28.91,6.14,
star/j023036+195136,37.65,19.86,6.14,
star/j060000+543300,90.0,54.55,6.14,
star/j144536+185248,221.40001,18.88,6.15,
star/j061048-064500,92.7,-6.75,6.15,
star/j060636-421800,91.65,-42.3,6.15,
star/j144836+242212,222.15001,24.37,6.15,
star/j053224+000036,83.1,0.01,6.15,
star/j202512-831836,306.3,-83.31,6.15,
star/j114912-001912,177.29999,-0.32,6.15,
star/j144912-005100,222.29999,-0.85,6.15,
star/j051836+334612,79.65,33.77,6.15,
star/j122024+260000,185.1,26.0,6.15,
star/j152848+471200,232.2,47.2,6.15,
star/j051500+592436,78.75,59.41,6.15,
star/j051536-012436,78.9,-1.41,6.15,
star/j121800-360524,184.5,-36.09,6.15,
star/j003000-145136,7.5,-14.86,6.15,
star/j053712+640900,84.299995,64.15,6.15,
star/j182512-013448,276.3,-1.58,6.15,
star/j173336+573336,263.4,57.56,6.15,
star/j190636-374836,286.65002,-37.81,6.15,
star/j154500+171536,236.25,17.26,6.15,
star/j104912+292512,162.29999,29.42,6.15,
star/j113224-264500,173.1,-26.75,6.15,
star/j230524-170448,346.35,-17.08,6.15,
star/j031612+452100,49.05,45.35,6.15,
star/j013036+660600,22.65,66.1,6.15,
star/j223112-025436,337.80002,-2.91,6.15,
star/j225848-353112,344.69998,-35.52,6.15,
star/j160712+214912,241.80002,21.82,6.15,
star/j004536-125248,11.4,-12.88,6.15,
star/j053712-275212,84.299995,-27.87,6.15,
star/j054200-173148,85.5,-17.53,6.15,
star/j024424-523412,41.1,-52.57,6.15,
star/j080600-333412,121.50001,-33.57,6.15,
star/j082136-393712,125.399994,-39.62,6.15,
star/j211912+410224,319.8,41.04,6.15,
star/j055848-092248,89.7,-9.38,6.15,
star/j015548-782100,28.949999,-78.35,6.15,
star/j110000-514912,165.0,-51.82,6.15,
star/j081612-355400,124.05,-35.9,6.15,
star/j063112-615248,97.8,-61.88,6.15,
star/j165736-105736,254.4,-10.96,6.15,
star/j100936-355136,152.4,-35.86,6.15,
star/j223524-784612,338.85,-78.77,6.15,
star/j212024-450112,320.1,-45.02,6.15,
star/j094312-511348,145.8,-51.23,6.15,
star/j045736-141348,74.4,-14.23,6.15,
star/j144912+374836,222.29999,37.81,6.15,
star/j090900-264612,137.25,-26.77,6.15,
star/j071200+052812,108.0,5.47,6.15,
star/j092924-382400,142.34999,-38.4,6.15,
star/j155436-272024,238.65,-27.34,6.15,
star/j170636-352700,256.65002,-35.45,6.15,
star/j130636+620224,196.65,62.04,6.15,
star/j025700+043000,44.25,4.5,6.15,
star/j031200+422248,48.0,42.38,6.15,
star/j231836-672812,349.65,-67.47,6.15,
star/j004500-534236,11.25,-53.71,6.15,
star/j004536-043748,11.4,-4.63,6.15,
star/j042100+135136,65.25,13.86,6.15,
star/j122848-562436,187.2,-56.41,6.15,
star/j004048-234800,10.2,-23.8,6.15,
star/j060712+415100,91.799995,41.85,6.15,
star/j070524-344648,106.350006,-34.78,6.15,
star/j141648-031200,214.2,-3.2,6.15,
star/j195812+633148,299.55,63.53,6.15,
star/j182212-282548,275.55002,-28.43,6.15,
star/j005400-084424,13.5,-8.74,6.15,
star/j102700+192136,156.75,19.36,6.15,
star/j042024-061500,65.100006,-6.25,6.15,
star/j200412+481348,301.05,48.23,6.16,
star/j102136+145848,155.4,14.98,6.16,
star/j042024+315700,65.100006,31.95,6.16,
star/j140300+505812,210.75,50.97,6.16,
star/j062624-043600,96.6,-4.6,6.16,
star/j165100+323300,252.75,32.55,6.16,
star/j063036-130900,97.65,-13.15,6.16,
star/j101500-545812,153.75,-54.97,6.16,
star/j221648-013600,334.2,-1.6,6.16,
star/j105924-611912,164.84999,-61.32,6.16,
star/j064912+010000,102.3,1.0,6.16,
star/j134200+082324,205.5,8.39,6.16,
star/j074124-222024,115.35,-22.34,6.16,
star/j064124-402100,100.35,-40.35,6.16,
star/j105700-750600,164.25,-75.1,6.16,
star/j230636+183112,346.65002,18.52,6.16,
star/j083936+733748,129.9,73.63,6.16,
star/j214048+545212,325.2,54.87,6.16,
star/j174424+023448,266.1,2.58,6.16,
star/j114724-355436,176.85,-35.91,6.16,
star/j182400+831048,276.0,83.18,6.16,
star/j101236-520936,153.15,-52.16,6.16,
star/j173224-341648,263.1,-34.28,6.16,
star/j053748-044836,84.450005,-4.81,6.16,
star/j110412-575736,166.04999,-57.96,6.16,
star/j202248+143300,305.69998,14.55,6.16,
star/j065512+435436,103.8,43.91,6.16,
star/j092136+325400,140.4,32.9,6.16,
star/j222736+394836,336.9,39.81,6.16,
star/j022736+503412,36.9,50.57,6.16,
star/j195624+564124,299.1,56.69,6.16,
star/j075624+042924,119.1,4.49,6.16,
star/j121012-344200,182.55,-34.7,6.16,
star/j150748+053000,226.95,5.5,6.16,
star/j120112-573000,180.3,-57.5,6.16,
star/j074424-694912,116.1,-69.82,6.16,
star/j124500-684948,191.25,-68.83,6.16,
star/j012024-111424,20.1,-11.24,6.16,
star/j152100-180936,230.25,-18.16,6.16,
star/j163900-605924,249.75,-60.99,6.16,
star/j074012+320036,115.05,32.01,6.16,
star/j160712-561124,241.80002,-56.19,6.16,
star/j075100-110748,117.75,-11.13,6.16,
star/j062812+101800,97.049995,10.3,6.16,
star/j002624-000300,6.6,-0.05,6.16,
star/j220524+464424,331.35,46.74,6.16,
star/j051500+531236,78.75,53.21,6.16,
star/j055136-225548,87.9,-22.93,6.16,
star/j090712+012736,136.8,1.46,6.16,
star/j135548+140336,208.95001,14.06,6.16,
star/j131348-430824,198.45,-43.14,6.16,
star/j060936-054236,92.399994,-5.71,6.16,
