object_id,name,is_primary
dso/blue_snowball_nebula,Caldwell 22,0
dso/blue_snowball_nebula,NGC 7662,0
dso/centaurus_a,NGC 5128,0
dso/coathanger,Collinder 399,0
dso/coathanger,Cr 399,0
dso/coma_star_cluster,Mel 111,0
dso/coma_star_cluster,Melotte 111,0
dso/cygnus_x_1,Cygnus X-1,0
dso/double_cluster,Caldwell 14,0
dso/double_cluster,NGC 869,0
dso/double_cluster,NGC 869 & NGC 884,0
dso/double_cluster,NGC 884,0
dso/eta_carinae_nebula,NGC 3372,0
dso/exposed_cranium_nebula,PMR 1,0
dso/ghost_of_jupiter,Caldwell 59,0
dso/ghost_of_jupiter,NGC 3242,0
dso/hdf,HDF,0
dso/helix_nebula,Caldwell 63,0
dso/helix_nebula,NGC 7293,0
dso/hyades,Caldwell 41,0
dso/hyades,Mel 25,0
dso/hyades,Melotte 25,0
dso/jewel_box,Kappa Crucis Cluster,0
dso/jewel_box,NGC 4755,0
dso/lmc,LMC,0
dso/m1,M1,0
dso/m1,NGC 1952,0
dso/m10,M10,1
dso/m10,NGC 6254,0
dso/m100,M100,1
dso/m100,NGC 4321,0
dso/m101,M101,0
dso/m101,NGC 5457,0
dso/m102,M102,1
dso/m102,NGC 5866,0
dso/m103,M103,1
dso/m103,NGC 581,0
dso/m104,M104,0
dso/m104,NGC 4594,0
dso/m105,M105,1
dso/m105,NGC 3379,0
dso/m106,M106,1
dso/m106,NGC 4258,0
dso/m107,M107,1
dso/m107,NGC 6171,0
dso/m108,M108,1
dso/m108,NGC 3556,0
dso/m109,M109,1
dso/m109,NGC 3992,0
dso/m11,M11,1
dso/m11,NGC 6705,0
dso/m110,M110,1
dso/m110,NGC 205,0
dso/m12,M12,1
dso/m12,NGC 6218,0
dso/m13,M13,0
dso/m13,NGC 6205,0
dso/m14,M14,1
dso/m14,NGC 6402,0
dso/m15,M15,1
dso/m15,NGC 7078,0
dso/m16,M16,0
dso/m16,NGC 6611,0
dso/m17,M17,1
dso/m17,NGC 6618,0
dso/m18,M18,1
dso/m18,NGC 6613,0
dso/m19,M19,1
dso/m19,NGC 6273,0
dso/m2,M2,1
dso/m2,NGC 7089,0
dso/m20,M20,1
dso/m20,NGC 6514,0
dso/m21,M21,1
dso/m21,NGC 6531,0
dso/m22,M22,1
dso/m22,NGC 6656,0
dso/m23,M23,1
dso/m23,NGC 6494,0
dso/m24,M24,1
dso/m25,M25,1
dso/m26,M26,1
dso/m26,NGC 6694,0
dso/m27,M27,1
dso/m27,NGC 6853,0
dso/m28,M28,1
dso/m28,NGC 6626,0
dso/m29,M29,1
dso/m29,NGC 6913,0
dso/m3,M3,1
dso/m3,NGC 5272,0
dso/m30,M30,1
dso/m30,NGC 7099,0
dso/m31,M31,0
dso/m31,NGC 224,0
dso/m32,M32,1
dso/m32,NGC 221,0
dso/m33,M33,1
dso/m33,NGC 598,0
dso/m34,M34,1
dso/m34,NGC 1039,0
dso/m35,M35,1
dso/m35,NGC 2168,0
dso/m36,M36,1
dso/m36,NGC 1960,0
dso/m37,M37,1
dso/m37,NGC 2099,0
dso/m38,M38,1
dso/m38,NGC 1912,0
dso/m39,M39,1
dso/m39,NGC 7092,0
dso/m4,M4,1
dso/m4,NGC 6121,0
dso/m40,M40,0
dso/m41,M41,1
dso/m41,NGC 2287,0
dso/m42,M42,0
dso/m42,NGC 1976,0
dso/m43,M43,1
dso/m43,NGC 1982,0
dso/m44,M44,0
dso/m44,NGC 2632,0
dso/m45,M45,0
dso/m46,M46,1
dso/m46,NGC 2437,0
dso/m47,M47,1
dso/m47,NGC 2422,0
dso/m48,M48,1
dso/m48,NGC 2548,0
dso/m49,M49,1
dso/m49,NGC 4472,0
dso/m5,M5,1
dso/m5,NGC 5904,0
dso/m50,M50,1
dso/m50,NGC 2323,0
dso/m51,M51,0
dso/m51,NGC 5194,0
dso/m52,M52,1
dso/m52,NGC 7654,0
dso/m53,M53,1
dso/m53,NGC 5024,0
dso/m54,M54,1
dso/m54,NGC 6715,0
dso/m55,M55,1
dso/m55,NGC 6809,0
dso/m56,M56,1
dso/m56,NGC 6779,0
dso/m57,M57,0
dso/m57,NGC 6720,0
dso/m58,M58,1
dso/m58,NGC 4579,0
dso/m59,M59,1
dso/m59,NGC 4621,0
dso/m6,M6,0
dso/m6,NGC 6405,0
dso/m60,M60,1
dso/m60,NGC 4649,0
dso/m61,M61,1
dso/m61,NGC 4303,0
dso/m62,M62,1
dso/m62,NGC 6266,0
dso/m63,M63,1
dso/m63,NGC 5055,0
dso/m64,M64,1
dso/m64,NGC 4826,0
dso/m65,M65,1
dso/m65,NGC 3623,0
dso/m66,M66,1
dso/m66,NGC 3627,0
dso/m67,M67,1
dso/m67,NGC 2682,0
dso/m68,M68,1
dso/m68,NGC 4590,0
dso/m69,M69,1
dso/m69,NGC 6637,0
dso/m7,M7,0
dso/m7,NGC 6475,0
dso/m70,M70,1
dso/m70,NGC 6681,0
dso/m71,M71,1
dso/m71,NGC 6838,0
dso/m72,M72,1
dso/m72,NGC 6981,0
dso/m73,M73,1
dso/m73,NGC 6994,0
dso/m74,M74,1
dso/m74,NGC 628,0
dso/m75,M75,1
dso/m75,NGC 6864,0
dso/m76,M76,1
dso/m76,NGC 650,0
dso/m77,M77,1
dso/m77,Cetus A,0
dso/m77,NGC 1068,0
dso/m78,M78,1
dso/m78,NGC 2068,0
dso/m79,M79,1
dso/m79,NGC 1904,0
dso/m8,M8,1
dso/m8,NGC 6523,0
dso/m80,M80,1
dso/m80,NGC 6093,0
dso/m81,M81,1
dso/m81,NGC 3031,0
dso/m82,M82,1
dso/m82,NGC 3034,0
dso/m83,M83,1
dso/m83,NGC 5236,0
dso/m84,M84,1
dso/m84,NGC 4374,0
dso/m85,M85,1
dso/m85,NGC 4382,0
dso/m86,M86,1
dso/m86,NGC 4406,0
dso/m87,M87,1
dso/m87,NGC 4486,0
dso/m87,Virgo A,0
dso/m88,M88,1
dso/m88,NGC 4501,0
dso/m89,M89,1
dso/m89,NGC 4552,0
dso/m9,M9,1
dso/m9,NGC 6333,0
dso/m90,M90,1
dso/m90,NGC 4569,0
dso/m91,M91,1
dso/m91,NGC 4548,0
dso/m92,M92,1
dso/m92,NGC 6341,0
dso/m93,M93,1
dso/m93,NGC 2447,0
dso/m94,M94,1
dso/m94,NGC 4736,0
dso/m95,M95,1
dso/m95,NGC 3351,0
dso/m96,M96,1
dso/m96,NGC 3368,0
dso/m97,M97,1
dso/m97,NGC 3587,0
dso/m98,M98,1
dso/m98,NGC 4192,0
dso/m99,M99,1
dso/m99,NGC 4254,0
dso/n47_tucanae,47 Tuc,0
dso/n47_tucanae,NGC 104,0
dso/ngc_2903,NGC 2903,1
dso/ngc_6543,NGC 6543,0
dso/north_america_nebula,Caldwell 20,0
dso/north_america_nebula,NGC 7000,0
dso/omega_centauri,NGC 5139,0
dso/omega_centauri,ω Centauri,0
dso/saturn_nebula,Caldwell 55,0
dso/saturn_nebula,NGC 7009,0
dso/sculptor_galaxy,NGC 253,0
dso/sgr_a_star,Sagittarius A*,0
dso/smc,SMC,0
dso/t_crb,T CrB,0
dso/tarantula_nebula,30 Doradus,0
dso/tarantula_nebula,NGC 2070,0
dso/v838_mon,V838 Mon,1
dso/v838_mon,V838 Monocerotis,0
star/achernar,Alpha Eridani,0
star/achernar,α Eri,0
star/acrux,Alpha1 Crucis,0
star/acrux,α1 Cru,0
star/adhara,21 CMa,0
star/adhara,Epsilon Canis Majoris,0
star/adhara,ε CMa,0
star/alcyone,25 Tau,0
star/alcyone,Eta Tauri,0
star/alcyone,η Tau,0
star/aldebaran,87 Tau,0
star/aldebaran,Alpha Tauri,0
star/aldebaran,α Tau,0
star/alderamin,5 Cep,0
star/alderamin,Alpha Cephei,0
star/alderamin,α Cep,0
star/algenib,88 Peg,0
star/algenib,Gamma Pegasi,0
star/algenib,γ Peg,0
star/algieba,41 Leo,0
star/algieba,Gamma1 Leonis,0
star/algieba,γ1 Leo,0
star/algol,26 Per,0
star/algol,Beta Persei,0
star/algol,β Per,0
star/alhena,24 Gem,0
star/alhena,Gamma Geminorum,0
star/alhena,γ Gem,0
star/alioth,77 UMa,0
star/alioth,Epsilon Ursae Majoris,0
star/alioth,ε UMa,0
star/alkaid,85 UMa,0
star/alkaid,Eta Ursae Majoris,0
star/alkaid,η UMa,0
star/alnair,Alpha Gruis,0
star/alnair,α Gru,0
star/alnath,112 Tau,0
star/alnath,Beta Tauri,0
star/alnath,β Tau,0
star/alnilam,46 Ori,0
star/alnilam,Epsilon Orionis,0
star/alnilam,ε Ori,0
star/alphard,30 Hya,0
star/alphard,Alpha Hydrae,0
star/alphard,α Hya,0
star/alphekka,5 CrB,0
star/alphekka,Alpha Coronae Borealis,0
star/alphekka,α CrB,0
star/alpheratz,21 And,0
star/alpheratz,Alpha Andromedae,0
star/alpheratz,α And,0
star/altair,53 Aql,0
star/altair,Alpha Aquilae,0
star/altair,α Aql,0
star/ankaa,Alpha Phoenicis,0
star/ankaa,α Phe,0
star/antares,21 Sco,0
star/antares,Alpha Scorpii,0
star/antares,α Sco,0
star/arcturus,16 Boo,0
star/arcturus,Alpha Boötis,0
star/arcturus,α Boo,0
star/arneb,11 Lep,0
star/arneb,Alpha Leporis,0
star/arneb,α Lep,0
star/betelgeuse,58 Ori,0
star/betelgeuse,Alpha Orionis,0
star/betelgeuse,α Ori,0
star/canopus,Alpha Carinae,0
star/canopus,α Car,0
star/capella,13 Aur,0
star/capella,Alpha Aurigae,0
star/capella,α Aur,0
star/caph,11 Cas,0
star/caph,Beta Cassiopeiae,0
star/caph,β Cas,0
star/castor,66 Gem,0
star/castor,Alpha Geminorum,0
star/castor,α Gem,0
star/deneb,50 Cyg,0
star/deneb,Alpha Cygni,0
star/deneb,α Cyg,0
star/denebola,94 Leo,0
star/denebola,Beta Leonis,0
star/denebola,β Leo,0
star/diphda,16 Cet,0
star/diphda,Beta Ceti,0
star/diphda,β Cet,0
star/dubhe,50 UMa,0
star/dubhe,Alpha Ursae Majoris,0
star/dubhe,α UMa,0
star/e_lyrae,4 Lyr,0
star/e_lyrae,Epsilon1 Lyrae,0
star/e_lyrae,ε1 Lyr,0
star/enif,8 Peg,0
star/enif,Epsilon Pegasi,0
star/enif,ε Peg,0
star/etamin,33 Dra,0
star/etamin,Gamma Draconis,0
star/etamin,γ Dra,0
star/fomalhaut,24 PsA,0
star/fomalhaut,Alpha Piscis Austrini,0
star/fomalhaut,α PsA,0
star/hadar,Beta Centauri,0
star/hadar,β Cen,0
star/hamal,13 Ari,0
star/hamal,Alpha Arietis,0
star/hamal,α Ari,0
star/izar,36 Boo,0
star/izar,Epsilon Boötis,0
star/izar,ε Boo,0
star/j000112-484836,Tau Phoenicis,0
star/j000112-484836,τ Phe,0
star/j000148-030148,29 Psc,0
star/j000148-060036,30 Psc,0
star/j000148-770412,Theta Octantis,0
star/j000148-770412,θ Oct,0
star/j000224+082924,32 Psc,0
star/j000224+270448,85 Peg,0
star/j000224-294312,Zeta Sculptoris,0
star/j000224-294312,ζ Scl,0
star/j000336-172024,2 Cet,0
star/j000412+621724,9 Cas,0
star/j000448-103036,3 Cet,0
star/j000524+132400,86 Peg,0
star/j000524-054236,33 Psc,0
star/j000636+641200,10 Cas,0
star/j000900+181236,87 Peg,0
star/j000936-275924,Kappa1 Sculptoris,0
star/j000936-275924,κ1 Scl,0
star/j000936-454500,Epsilon Phoenicis,0
star/j000936-454500,ε Phe,0
star/j001012+110900,34 Psc,0
star/j001012+460412,22 And,0
star/j001012-821312,Gamma3 Octantis,0
star/j001012-821312,γ3 Oct,0
star/j001124-152812,6 Cet,0
star/j001124-274800,Kappa2 Sculptoris,0
star/j001124-274800,κ2 Scl,0
star/j001200-350748,Theta Sculptoris,0
star/j001200-350748,θ Scl,0
star/j001348+410224,23 And,0
star/j001424+201236,89 Peg,0
star/j001424+201236,Chi Pegasi,0
star/j001424+201236,χ Peg,0
star/j001424-185548,7 Cet,0
star/j001500+084912,35 Psc,0
star/j001648+081424,36 Psc,0
star/j001648+384048,24 And,0
star/j001648+384048,Theta Andromedae,0
star/j001648+384048,θ And,0
star/j001836+364724,25 And,0
star/j001836+364724,Sigma Andromedae,0
star/j001836+364724,σ And,0
star/j001836+434724,26 And,0
star/j001912-084912,8 Cet,0
star/j001912-084912,Iota Ceti,0
star/j001912-084912,ι Cet,0
star/j001948-645248,Zeta Tucanae,0
star/j001948-645248,ζ Tuc,0
star/j002024+081124,41 Psc,0
star/j002024-693712,Pi Tucanae,0
star/j002024-693712,π Tuc,0
star/j002100+375812,27 And,0
star/j002100+375812,Rho Andromedae,0
star/j002100+375812,ρ And,0
star/j002136-285848,Iota Sculptoris,0
star/j002136-285848,ι Scl,0
star/j002436+614948,12 Cas,0
star/j002512+015624,44 Psc,0
star/j002548-771536,Beta Hydri,0
star/j002548-771536,β Hyi,0
star/j002624-000300,10 Cet,0
star/j002624-434048,Kappa Phoenicis,0
star/j002624-434048,κ Phe,0
star/j002812+162700,48 Psc,0
star/j002812+175324,47 Psc,0
star/j002812-330036,Eta Sculptoris,0
star/j002812-330036,η Scl,0
star/j003000+294500,28 And,0
star/j003000-035736,12 Cet,0
star/j003112-484800,Lambda1 Phoenicis,0
star/j003112-484800,λ1 Phe,0
star/j003148+543112,14 Cas,0
star/j003148+543112,Lambda Cassiopeiae,0
star/j003148+543112,λ Cas,0
star/j003224+065736,51 Psc,0
star/j003224+201724,52 Psc,0
star/j003300+625548,15 Cas,0
star/j003300+625548,Kappa Cassiopeiae,0
star/j003300+625548,κ Cas,0
star/j003300-630148,Beta3 Tucanae,0
star/j003300-630148,β3 Tuc,0
star/j003336-711612,Theta Tucanae,0
star/j003336-711612,θ Tuc,0
star/j003524-003036,14 Cet,0
star/j003524-033524,13 Cet,0
star/j003524-480000,Lambda2 Phoenicis,0
star/j003524-480000,λ2 Phe,0
star/j003636+151348,53 Psc,0
star/j003636+334312,29 And,0
star/j003636+334312,Pi Andromedae,0
star/j003636+334312,π And,0
star/j003712+535400,17 Cas,0
star/j003712+535400,Zeta Cassiopeiae,0
star/j003712+535400,ζ Cas,0
star/j003824+291836,30 And,0
star/j003824+291836,Epsilon Andromedae,0
star/j003824+291836,ε And,0
star/j003936+211500,54 Psc,0
star/j003936+305136,31 And,0
star/j003936+305136,Delta Andromedae,0
star/j003936+305136,δ And,0
star/j004012+212624,55 Psc,0
star/j004124+392736,32 And,0
star/j004124-460524,Mu Phoenicis,0
star/j004124-460524,μ Phe,0
star/j004200+503036,19 Cas,0
star/j004200+503036,Xi Cassiopeiae,0
star/j004200+503036,ξ Cas,0
star/j004200-563000,Xi Phoenicis,0
star/j004200-563000,ξ Phe,0
star/j004236-382736,Lambda1 Sculptoris,0
star/j004236-382736,λ1 Scl,0
star/j004236-652812,Rho Tucanae,0
star/j004236-652812,ρ Tuc,0
star/j004312+470112,20 Cas,0
star/j004312+470112,Pi Cassiopeiae,0
star/j004312+470112,π Cas,0
star/j004312-572736,Eta Phoenicis,0
star/j004312-572736,η Phe,0
star/j004424-103636,17 Cet,0
star/j004424-103636,Phi1 Ceti,0
star/j004424-103636,φ1 Cet,0
star/j004424-382512,Lambda2 Sculptoris,0
star/j004424-382512,λ2 Scl,0
star/j004500+481648,22 Cas,0
star/j004500+481648,Omicron Cassiopeiae,0
star/j004500+481648,ο Cas,0
star/j004536+745924,21 Cas,0
star/j004536-125248,18 Cet,0
star/j004648+115812,58 Psc,0
star/j004648+152848,57 Psc,0
star/j004724+064424,60 Psc,0
star/j004724+193448,59 Psc,0
star/j004724+241612,34 And,0
star/j004724+241612,Zeta Andromedae,0
star/j004724+241612,ζ And,0
star/j004800+071800,62 Psc,0
star/j004800+745100,23 Cas,0
star/j004836+073524,63 Psc,0
star/j004836+073524,Delta Piscium,0
star/j004836+073524,δ Psc,0
star/j004836+505812,25 Cas,0
star/j004836+505812,Nu Cassiopeiae,0
star/j004836+505812,ν Cas,0
star/j004836-745512,Lambda Hydri,0
star/j004836-745512,λ Hyi,0
star/j004912+165624,64 Psc,0
star/j004912+574912,24 Cas,0
star/j004912+574912,Eta Cassiopeiae,0
star/j004912+574912,η Cas,0
star/j004948+410448,35 And,0
star/j004948+410448,Nu Andromedae,0
star/j004948+410448,ν And,0
star/j005024-103824,19 Cet,0
star/j005024-103824,Phi2 Ceti,0
star/j005024-103824,φ2 Cet,0
star/j005024-505924,Rho Phoenicis,0
star/j005024-505924,ρ Phe,0
star/j005248-010824,20 Cet,0
star/j005400-084424,21 Cet,0
star/j005436+191124,66 Psc,0
star/j005512+233748,36 And,0
star/j005512+585812,26 Cas,0
star/j005512+585812,Upsilon1 Cassiopeiae,0
star/j005512+585812,υ1 Cas,0
star/j005512-693148,Lambda2 Tucanae,0
star/j005512-693148,λ2 Tuc,0
star/j005548+271236,67 Psc,0
star/j005548-111612,22 Cet,0
star/j005548-111612,Phi3 Ceti,0
star/j005548-111612,φ3 Cet,0
star/j005624+591048,28 Cas,0
star/j005624+591048,Upsilon2 Cassiopeiae,0
star/j005624+591048,υ2 Cas,0
star/j005700+232512,38 And,0
star/j005700+232512,Eta Andromedae,0
star/j005700+232512,η And,0
star/j005700+383000,37 And,0
star/j005700+383000,Mu Andromedae,0
star/j005700+383000,μ And,0
star/j005700+604312,27 Cas,0
star/j005700+604312,Gamma Cassiopeiae,0
star/j005700+604312,γ Cas,0
star/j005736+285924,68 Psc,0
star/j005848-112248,23 Cet,0
star/j005848-112248,Phi4 Ceti,0
star/j005848-112248,φ4 Cet,0
star/j005848-292136,Alpha Sculptoris,0
star/j005848-292136,α Scl,0
star/j010112-385512,Xi Sculptoris,0
star/j010112-385512,ξ Scl,0
star/j010148-570000,Omega Phoenicis,0
star/j010148-570000,ω Phe,0
star/j010224-313300,Sigma Sculptoris,0
star/j010224-313300,σ Scl,0
star/j010300+075324,71 Psc,0
star/j010300+075324,Epsilon Piscium,0
star/j010300+075324,ε Psc,0
star/j010300+314800,69 Psc,0
star/j010300+314800,Sigma Piscium,0
star/j010300+314800,σ Psc,0
star/j010300+412100,39 And,0
star/j010300-045024,25 Cet,0
star/j010336+012212,26 Cet,0
star/j010448+053936,73 Psc,0
star/j010448+145700,72 Psc,0
star/j010524-095848,27 Cet,0
star/j010600-095024,28 Cet,0
star/j010600-464312,Beta Phoenicis,0
star/j010600-464312,β Phe,0
star/j010636+125736,75 Psc,0
star/j010712-614648,Iota Tucanae,0
star/j010712-614648,ι Tuc,0
star/j010748+204424,79 Psc,0
star/j010748+204424,Psi2 Piscium,0
star/j010748+204424,ψ2 Psc,0
star/j010748+435624,41 And,0
star/j010748-094724,30 Cet,0
star/j010748-412924,Upsilon Phoenicis,0
star/j010748-412924,υ Phe,0
star/j010824+053900,80 Psc,0
star/j010824+545512,30 Cas,0
star/j010824+545512,Mu Cassiopeiae,0
star/j010824+545512,μ Cas,0
star/j010824-101048,31 Cet,0
star/j010824-101048,Eta Ceti,0
star/j010824-101048,η Cet,0
star/j010824-551500,Zeta Phoenicis,0
star/j010824-551500,ζ Phe,0
star/j010936+193936,81 Psc,0
star/j010936+193936,Psi3 Piscium,0
star/j010936+193936,ψ3 Psc,0
star/j010936+471424,42 And,0
star/j010936+471424,Phi Andromedae,0
star/j010936+471424,φ And,0
star/j011012+420448,44 And,0
star/j011048+022700,33 Cet,0
star/j011048+550900,33 Cas,0
star/j011048+550900,Theta Cassiopeiae,0
star/j011048+550900,θ Cas,0
star/j011048+684648,31 Cas,0
star/j011124+210148,84 Psc,0
star/j011124+210148,Chi Piscium,0
star/j011124+210148,χ Psc,0
star/j011124+300524,83 Psc,0
star/j011124+300524,Tau Piscium,0
star/j011124+300524,τ Psc,0
star/j011124+312512,82 Psc,0
star/j011124+374312,45 And,0
star/j011124+650112,32 Cas,0
star/j011200-021500,34 Cet,0
star/j011348+073448,86 Psc,0
star/j011348+073448,Zeta Piscium,0
star/j011348+073448,ζ Psc,0
star/j011348+243448,85 Psc,0
star/j011348+243448,Phi Piscium,0
star/j011348+243448,φ Psc,0
star/j011424+160748,87 Psc,0
star/j011424-075512,37 Cet,0
star/j011500+070000,88 Psc,0
star/j011500-005812,38 Cet,0
star/j011500-453148,Nu Phoenicis,0
star/j011500-453148,ν Phe,0
star/j011536-685248,Kappa Tucanae,0
star/j011536-685248,κ Tuc,0
star/j011648-023000,39 Cet,0
star/j011800+033636,89 Psc,0
star/j011912+271536,90 Psc,0
star/j011912+271536,Upsilon Piscium,0
star/j011912+271536,υ Psc,0
star/j011948+581348,34 Cas,0
star/j011948+581348,Phi Cassiopeiae,0
star/j011948+581348,φ Cas,0
star/j011948-003036,42 Cet,0
star/j012100+284424,91 Psc,0
star/j012212+453148,46 And,0
star/j012212+453148,Xi Andromedae,0
star/j012212+453148,ξ And,0
star/j012324+374236,47 And,0
star/j012400-081048,45 Cet,0
star/j012400-081048,Theta Ceti,0
star/j012400-081048,θ Cet,0
star/j012548+601424,37 Cas,0
star/j012548+601424,Delta Cassiopeiae,0
star/j012548+601424,δ Cas,0
star/j012548+680748,36 Cas,0
star/j012548+680748,Psi Cassiopeiae,0
star/j012548+680748,ψ Cas,0
star/j012548-143600,46 Cet,0
star/j012624+191012,93 Psc,0
star/j012624+191012,Rho Piscium,0
star/j012624+191012,ρ Psc,0
star/j012700-130336,47 Cet,0
star/j012736+452436,48 And,0
star/j012736+452436,Omega Andromedae,0
star/j012736+452436,ω And,0
star/j012812-431912,Gamma Phoenicis,0
star/j012812-431912,γ Phe,0
star/j012924-213748,48 Cet,0
star/j013000+060824,98 Psc,0
star/j013000+060824,Mu Piscium,0
star/j013000+060824,μ Psc,0
star/j013000+182136,97 Psc,0
star/j013000+470036,49 And,0
star/j013112+152100,99 Psc,0
star/j013112+152100,Eta Piscium,0
star/j013112+152100,η Psc,0
star/j013112+701536,38 Cas,0
star/j013112-490412,Delta Phoenicis,0
star/j013112-490412,δ Phe,0
star/j013412+591348,39 Cas,0
star/j013412+591348,Chi Cassiopeiae,0
star/j013412+591348,χ Cas,0
star/j013448-154048,49 Cet,0
star/j013600-152400,50 Cet,0
star/j013600-295436,Tau Sculptoris,0
star/j013600-295436,τ Scl,0
star/j013636+412436,50 And,0
star/j013636+412436,Upsilon Andromedae,0
star/j013636+412436,υ And,0
star/j013712+120824,102 Psc,0
star/j013712+120824,Pi Piscium,0
star/j013712+120824,π Psc,0
star/j013748+483748,51 And,0
star/j013824+730224,40 Cas,0
star/j013936+162436,105 Psc,0
star/j013936+442324,52 And,0
star/j013936+442324,Chi Andromedae,0
star/j013936+442324,χ And,0
star/j014048+403448,53 And,0
star/j014048+403448,Tau Andromedae,0
star/j014048+403448,τ And,0
star/j014124+052924,106 Psc,0
star/j014124+052924,Nu Piscium,0
star/j014124+052924,ν Psc,0
star/j014200-321948,Pi Sculptoris,0
star/j014200-321948,π Scl,0
star/j014236+201612,107 Psc,0
star/j014236+680224,43 Cas,0
star/j014312+603300,44 Cas,0
star/j014312+703712,42 Cas,0
star/j014348+504124,Phi Persei,0
star/j014348+504124,φ Per,0
star/j014348-155624,52 Cet,0
star/j014348-155624,Tau Ceti,0
star/j014348-155624,τ Cet,0
star/j014536+090936,110 Psc,0
star/j014536+090936,Omicron Piscium,0
star/j014536+090936,ο Psc,0
star/j014536-250300,Epsilon Sculptoris,0
star/j014536-250300,ε Scl,0
star/j014800+165736,4 Ari,0
star/j014800-801048,Tau2 Hydri,0
star/j014800-801048,τ2 Hyi,0
star/j014948-104124,53 Cet,0
star/j014948-104124,Chi Ceti,0
star/j014948-104124,χ Cet,0
star/j015024+221648,1 Ari,0
star/j015136-101948,55 Cet,0
star/j015136-101948,Zeta Ceti,0
star/j015136-101948,ζ Cet,0
star/j015212+504724,2 Per,0
star/j015212+550900,1 Per,0
star/j015248+293448,2 Tri,0
star/j015248+293448,Alpha Trianguli,0
star/j015248+293448,α Tri,0
star/j015324+031124,111 Psc,0
star/j015324+031124,Xi Piscium,0
star/j015324+031124,ξ Psc,0
star/j015324+404348,55 And,0
star/j015324-461800,Psi Phoenicis,0
star/j015324-461800,ψ Phe,0
star/j015436+204836,6 Ari,0
star/j015436+204836,Beta Arietis,0
star/j015436+204836,β Ari,0
star/j015436+634012,45 Cas,0
star/j015436+634012,Epsilon Cassiopeiae,0
star/j015436+634012,ε Cas,0
star/j015436-423000,Phi Phoenicis,0
star/j015436-423000,φ Phe,0
star/j015512-673900,Eta2 Hydri,0
star/j015512-673900,η2 Hyi,0
star/j015548+233448,7 Ari,0
star/j015548+684124,46 Cas,0
star/j015548+684124,Omega Cassiopeiae,0
star/j015548+684124,ω Cas,0
star/j015548-513636,Chi Eridani,0
star/j015548-513636,χ Eri,0
star/j015548-782100,Sigma Hydri,0
star/j015548-782100,σ Hyi,0
star/j015624-223148,56 Cet,0
star/j015736+174912,8 Ari,0
star/j015736+174912,Iota Arietis,0
star/j015736+174912,ι Ari,0
star/j015812+233600,9 Ari,0
star/j015812+233600,Lambda Arietis,0
star/j015812+233600,λ Ari,0
star/j015848+491200,3 Per,0
star/j015848-613412,Alpha Hydri,0
star/j015848-613412,α Hyi,0
star/j020000+030600,112 Psc,0
star/j020000-204912,57 Cet,0
star/j020000-210448,59 Cet,0
star/j020000-210448,Upsilon Ceti,0
star/j020000-210448,υ Cet,0
star/j020112-300000,Pi Fornacis,0
star/j020112-300000,π For,0
star/j020148+024536,113 Psc,0
star/j020148+024536,Alpha Piscium,0
star/j020148+024536,α Psc,0
star/j020148+705436,48 Cas,0
star/j020148-444236,Chi Phoenicis,0
star/j020148-444236,χ Phe,0
star/j020224+542924,4 Per,0
star/j020300+000748,60 Cet,0
star/j020300+331648,3 Tri,0
star/j020300+331648,Epsilon Trianguli,0
star/j020300+331648,ε Tri,0
star/j020300+642324,53 Cas,0
star/j020300+645400,52 Cas,0
star/j020336+255624,10 Ari,0
star/j020336+421948,57 And,0
star/j020336+421948,Gamma1 Andromedae,0
star/j020336+421948,γ1 And,0
star/j020336+722512,50 Cas,0
star/j020336-002024,61 Cet,0
star/j020412-291800,Nu Fornacis,0
star/j020412-291800,ν For,0
star/j020524+760712,49 Cas,0
star/j020524+771648,47 Cas,0
star/j020636+223900,12 Ari,0
star/j020636+223900,Kappa Arietis,0
star/j020636+223900,κ Ari,0
star/j020636+254200,11 Ari,0
star/j020824+375136,58 And,0
star/j020936+255624,14 Ari,0
star/j020936+345924,4 Tri,0
star/j020936+345924,Beta Trianguli,0
star/j020936+345924,β Tri,0
star/j021048+193000,15 Ari,0
star/j021048+390224,59 And,0
star/j021124+083412,64 Cet,0
star/j021124+255624,16 Ari,0
star/j021124-014948,63 Cet,0
star/j021236+211236,17 Ari,0
star/j021236+211236,Eta Arietis,0
star/j021236+211236,η Ari,0
star/j021236+301800,6 Tri,0
star/j021236-022324,66 Cet,0
star/j021312+085100,65 Cet,0
star/j021312+085100,Xi1 Ceti,0
star/j021312+085100,ξ1 Cet,0
star/j021312+151648,19 Ari,0
star/j021312+441348,60 And,0
star/j021312-304312,Mu Fornacis,0
star/j021312-304312,μ For,0
star/j021424+663112,55 Cas,0
star/j021424-675024,Pi1 Hydri,0
star/j021424-675024,π1 Hyi,0
star/j021536+250224,21 Ari,0
star/j021536+254648,20 Ari,0
star/j021536-674500,Pi2 Hydri,0
star/j021536-674500,π2 Hyi,0
star/j021612+332136,7 Tri,0
star/j021648+341312,8 Tri,0
star/j021648+341312,Delta Trianguli,0
star/j021648+341312,δ Tri,0
star/j021648-062512,67 Cet,0
star/j021648-513036,Phi Eridani,0
star/j021648-513036,φ Eri,0
star/j021724+335100,9 Tri,0
star/j021724+335100,Gamma Trianguli,0
star/j021724+335100,γ Tri,0
star/j021800+195400,22 Ari,0
star/j021800+195400,Theta Arietis,0
star/j021800+195400,θ Ari,0
star/j021800+573112,7 Per,0
star/j021800+575400,8 Per,0
star/j021912+283824,10 Tri,0
star/j021912+472248,62 And,0
star/j022100+500900,63 And,0
star/j022136-683936,Delta Hydri,0
star/j022136-683936,δ Hyi,0
star/j022212+002400,69 Cet,0
star/j022212+555100,9 Per,0
star/j022212-005248,70 Cet,0
star/j022248-234912,Kappa Fornacis,0
star/j022248-234912,κ For,0
star/j022436+103636,24 Ari,0
star/j022436+103636,Xi Arietis,0
star/j022436+103636,ξ Ari,0
star/j022436+500036,64 And,0
star/j022436-601836,Lambda Horologii,0
star/j022436-601836,λ Hor,0
star/j022548+501648,65 And,0
star/j022548-121724,72 Cet,0
star/j022548-121724,Rho Ceti,0
star/j022548-121724,ρ Cet,0
star/j022700-474200,Kappa Eridani,0
star/j022700-474200,κ Eri,0
star/j022736+314800,11 Tri,0
star/j022736+503412,66 And,0
star/j022812+082736,73 Cet,0
star/j022812+082736,Xi2 Ceti,0
star/j022812+082736,ξ2 Cet,0
star/j022812+294012,12 Tri,0
star/j022812-334836,Phi Fornacis,0
star/j022812-334836,φ For,0
star/j022848+295548,13 Tri,0
star/j022848+672400,Iota Cassiopeiae,0
star/j022848+672400,ι Cas,0
star/j023036+195136,26 Ari,0
star/j023148-151424,76 Cet,0
star/j023148-151424,Sigma Ceti,0
star/j023148-151424,σ Cet,0
star/j023148-790636,Mu Hydri,0
star/j023148-790636,μ Hyi,0
star/j023224+360900,14 Tri,0
star/j023224-010148,75 Cet,0
star/j023300+150148,29 Ari,0
star/j023300-343900,Lambda1 Fornacis,0
star/j023300-343900,λ1 For,0
star/j023336-281348,Omega Fornacis,0
star/j023336-281348,ω For,0
star/j023448-075136,77 Cet,0
star/j023600+053524,78 Cet,0
star/j023600+053524,Nu Ceti,0
star/j023600+053524,ν Cet,0
star/j023600+344124,15 Tri,0
star/j023600-074948,80 Cet,0
star/j023600-300224,Iota1 Fornacis,0
star/j023600-300224,ι1 For,0
star/j023636+122700,31 Ari,0
star/j023712-343448,Lambda2 Fornacis,0
star/j023712-343448,λ2 For,0
star/j023712-523224,Eta Horologii,0
star/j023712-523224,η Hor,0
star/j023748-032400,81 Cet,0
star/j023824-301124,Iota2 Fornacis,0
star/j023824-301124,ι2 For,0
star/j023900+215736,32 Ari,0
star/j023900+215736,Nu Arietis,0
star/j023900+215736,ν Ari,0
star/j023936+001948,82 Cet,0
star/j023936+001948,Delta Ceti,0
star/j023936+001948,δ Cet,0
star/j023936-115212,83 Cet,0
star/j023936-115212,Epsilon Ceti,0
star/j023936-115212,ε Cet,0
star/j023936-681612,Epsilon Hydri,0
star/j023936-681612,ε Hyi,0
star/j024048+270336,33 Ari,0
star/j024048-395136,Iota Eridani,0
star/j024048-395136,ι Eri,0
star/j024048-543300,Zeta Horologii,0
star/j024048-543300,ζ Hor,0
star/j024124-004200,84 Cet,0
star/j024200+401124,12 Per,0
star/j024236+200036,34 Ari,0
star/j024236+200036,Mu Arietis,0
star/j024236+200036,μ Ari,0
star/j024236-504800,Iota Horologii,0
star/j024236-504800,ι Hor,0
star/j024312+031424,86 Cet,0
star/j024312+031424,Gamma Ceti,0
star/j024312+031424,γ Cet,0
star/j024312+274236,35 Ari,0
star/j024312+550636,11 Per,0
star/j024348+441800,14 Per,0
star/j024424+151836,37 Ari,0
star/j024424+151836,Omicron Arietis,0
star/j024424+151836,ο Ari,0
star/j024424+491348,13 Per,0
star/j024424+491348,Theta Persei,0
star/j024424+491348,θ Per,0
star/j024424-135136,89 Cet,0
star/j024424-135136,Pi Ceti,0
star/j024424-135136,π Cet,0
star/j024500+100636,87 Cet,0
star/j024500+100636,Mu Ceti,0
star/j024500+100636,μ Cet,0
star/j024500+122700,38 Ari,0
star/j024500-183412,1 Eri,0
star/j024500-183412,Tau1 Eridani,0
star/j024500-183412,τ1 Eri,0
star/j024536-634200,Gamma Horologii,0
star/j024536-634200,γ Hor,0
star/j024536-673712,Zeta Hydri,0
star/j024536-673712,ζ Hyi,0
star/j024800+291500,39 Ari,0
star/j024836+181648,40 Ari,0
star/j024912+172736,42 Ari,0
star/j024912+172736,Pi Arietis,0
star/j024912+172736,π Ari,0
star/j024912-322436,Beta Fornacis,0
star/j024912-322436,β For,0
star/j024912-624836,Nu Horologii,0
star/j024912-624836,ν Hor,0
star/j024948+271536,41 Ari,0
star/j024948-243336,Gamma1 Fornacis,0
star/j024948-243336,γ1 For,0
star/j024948-275624,Gamma2 Fornacis,0
star/j024948-275624,γ2 For,0
star/j025024+381912,16 Per,0
star/j025024+555400,15 Per,0
star/j025024+555400,Eta Persei,0
star/j025024+555400,η Per,0
star/j025024-354048,Eta3 Fornacis,0
star/j025024-354048,η3 For,0
star/j025024-355024,Eta2 Fornacis,0
star/j025024-355024,η2 For,0
star/j025024-750412,Nu Hydri,0
star/j025024-750412,ν Hyi,0
star/j025100-210000,2 Eri,0
star/j025100-210000,Tau2 Eridani,0
star/j025100-210000,τ2 Eri,0
star/j025136+150448,43 Ari,0
star/j025136+150448,Sigma Arietis,0
star/j025136+150448,σ Ari,0
star/j025136+350336,17 Per,0
star/j025324-382624,Psi Fornacis,0
star/j025324-382624,ψ For,0
star/j025400+382024,20 Per,0
star/j025400+524536,18 Per,0
star/j025400+524536,Tau Persei,0
star/j025400+524536,τ Per,0
star/j025548+181948,45 Ari,0
star/j025548+181948,Rho2 Arietis,0
star/j025548+181948,ρ2 Ari,0
star/j025624+180112,46 Ari,0
star/j025624+180112,Rho3 Arietis,0
star/j025624+180112,ρ3 Ari,0
star/j025624-085400,3 Eri,0
star/j025624-085400,Eta Eridani,0
star/j025624-085400,η Eri,0
star/j025700+315548,21 Per,0
star/j025736-235136,4 Eri,0
star/j025812+204012,47 Ari,0
star/j025812-233636,6 Eri,0
star/j025812-401800,Theta1 Eridani,0
star/j025812-401800,θ1 Eri,0
star/j025848+351048,24 Per,0
star/j025848+393936,22 Per,0
star/j025848+393936,Pi Persei,0
star/j025848+393936,π Per,0
star/j025848-640412,Beta Horologii,0
star/j025848-640412,β Hor,0
star/j025924+212024,48 Ari,0
star/j025924+212024,Epsilon Arietis,0
star/j025924+212024,ε Ari,0
star/j025924-022736,5 Eri,0
star/j025924-251612,Zeta Fornacis,0
star/j025924-251612,ζ For,0
star/j030000+085436,91 Cet,0
star/j030000+085436,Lambda Ceti,0
star/j030000+085436,λ Cet,0
star/j030036-025248,7 Eri,0
star/j030112-073936,8 Eri,0
star/j030112-073936,Rho1 Eridani,0
star/j030112-073936,ρ1 Eri,0
star/j030148+262736,49 Ari,0
star/j030148-280524,Epsilon Fornacis,0
star/j030148-280524,ε For,0
star/j030224+042100,93 Cet,0
star/j030224-233712,11 Eri,0
star/j030224-233712,Tau3 Eridani,0
star/j030224-233712,τ3 Eri,0
star/j030224-715400,Theta Hydri,0
star/j030224-715400,θ Hyi,0
star/j030300-074124,9 Eri,0
star/j030300-074124,Rho2 Eridani,0
star/j030300-074124,ρ2 Eri,0
star/j030336-594424,Mu Horologii,0
star/j030336-594424,μ Hor,0
star/j030412-073600,10 Eri,0
star/j030412-073600,Rho3 Eridani,0
star/j030412-073600,ρ3 Eri,0
star/j030448+533036,23 Per,0
star/j030448+533036,Gamma Persei,0
star/j030448+533036,γ Per,0
star/j030524+385024,25 Per,0
star/j030524+385024,Rho Persei,0
star/j030524+385024,ρ Per,0
star/j030712+175248,53 Ari,0
star/j030900+493636,Iota Persei,0
star/j030900+493636,ι Per,0
star/j030936+290448,55 Ari,0
star/j030936+445136,27 Per,0
star/j030936+445136,Kappa Persei,0
star/j030936+445136,κ Per,0
star/j031124+194348,57 Ari,0
star/j031124+194348,Delta Arietis,0
star/j031124+194348,δ Ari,0
star/j031124+393636,28 Per,0
star/j031124+393636,Omega Persei,0
star/j031124+393636,ω Per,0
star/j031200+271536,56 Ari,0
star/j031200-285924,Alpha Fornacis,0
star/j031200-285924,α For,0
star/j031236-011200,94 Cet,0
star/j031500+210224,58 Ari,0
star/j031500+210224,Zeta Arietis,0
star/j031500+210224,ζ Ari,0
star/j031536-084912,13 Eri,0
star/j031536-084912,Zeta Eridani,0
star/j031536-084912,ζ Eri,0
star/j031612-772324,Iota Hydri,0
star/j031612-772324,ι Hyi,0
star/j031648-090900,14 Eri,0
star/j031800+440148,30 Per,0
star/j031800-623036,Zeta2 Reticuli,0
star/j031800-623036,ζ2 Ret,0
star/j031800-623448,Zeta1 Reticuli,0
star/j031800-623448,ζ1 Ret,0
star/j031836+501312,29 Per,0
star/j031836-005548,95 Cet,0
star/j031836-223036,15 Eri,0
star/j031912+032212,96 Cet,0
star/j031912+032212,Kappa1 Ceti,0
star/j031912+032212,κ1 Cet,0
star/j031912+500600,31 Per,0
star/j031948+270412,59 Ari,0
star/j031948-214536,16 Eri,0
star/j031948-214536,Tau4 Eridani,0
star/j031948-214536,τ4 Eri,0
star/j032024+253936,60 Ari,0
star/j032100+034048,97 Cet,0
star/j032100+034048,Kappa2 Ceti,0
star/j032100+034048,κ2 Cet,0
star/j032100+210900,61 Ari,0
star/j032100+210900,Tau1 Arietis,0
star/j032100+210900,τ1 Ari,0
star/j032136+431948,32 Per,0
star/j032212+273636,62 Ari,0
star/j032248+204424,63 Ari,0
star/j032248+204424,Tau2 Arietis,0
star/j032248+204424,τ2 Ari,0
star/j032436+090148,1 Tau,0
star/j032436+090148,Omicron Tauri,0
star/j032436+090148,ο Tau,0
star/j032436+204800,65 Ari,0
star/j032436+244312,64 Ari,0
star/j032700+094348,2 Tau,0
star/j032700+094348,Xi Tauri,0
star/j032700+094348,ξ Tau,0
star/j032736-354048,Chi2 Fornacis,0
star/j032736-354048,χ2 For,0
star/j032812+224800,66 Ari,0
star/j032924+493036,34 Per,0
star/j032924-625624,Kappa Reticuli,0
star/j032924-625624,κ Ret,0
star/j033036+112024,4 Tau,0
star/j033036+125624,5 Tau,0
star/j033036+480000,35 Per,0
star/j033036+480000,Sigma Persei,0
star/j033036+480000,σ Per,0
star/j033036-050448,17 Eri,0
star/j033224+092212,6 Tau,0
star/j033224+460336,36 Per,0
star/j033300-092736,18 Eri,0
star/j033300-092736,Epsilon Eridani,0
star/j033300-092736,ε Eri,0
star/j033336-213748,19 Eri,0
star/j033336-213748,Tau5 Eridani,0
star/j033336-213748,τ5 Eri,0
star/j033412+242736,7 Tau,0
star/j033600-172812,20 Eri,0
star/j033636+002400,10 Tau,0
star/j033636+481124,37 Per,0
star/j033636+481124,Psi Persei,0
star/j033636+481124,ψ Per,0
star/j033900-053748,21 Eri,0
star/j033900-275624,Tau Fornacis,0
star/j033900-275624,τ For,0
star/j033936+030336,12 Tau,0
star/j034048+251948,11 Tau,0
star/j034048-051236,22 Eri,0
star/j034200-315624,Delta Fornacis,0
star/j034200-315624,δ For,0
star/j034236+194200,13 Tau,0
star/j034236+335812,40 Per,0
star/j034312+474724,39 Per,0
star/j034312+474724,Delta Persei,0
star/j034312+474724,δ Per,0
star/j034312-094612,23 Eri,0
star/j034312-094612,Delta Eridani,0
star/j034312-094612,δ Eri,0
star/j034348+194012,14 Tau,0
star/j034424+321724,38 Per,0
star/j034424+321724,Omicron Persei,0
star/j034424+321724,ο Per,0
star/j034424-010936,24 Eri,0
star/j034424-644836,Beta Reticuli,0
star/j034424-644836,β Ret,0
star/j034500+240636,17 Tau,0
star/j034500+241724,16 Tau,0
star/j034500+242812,19 Tau,0
star/j034500+245024,18 Tau,0
star/j034500+423448,41 Per,0
star/j034500+423448,Nu Persei,0
star/j034500+423448,ν Per,0
star/j034500-001800,25 Eri,0
star/j034536+060300,29 Tau,0
star/j034536+242212,20 Tau,0
star/j034612+235700,23 Tau,0
star/j034612+243300,22 Tau,0
star/j034612-120600,26 Eri,0
star/j034612-120600,Pi Eridani,0
star/j034612-120600,π Eri,0
star/j034612-292024,Sigma Fornacis,0
star/j034612-292024,σ For,0
star/j034648-231500,27 Eri,0
star/j034648-231500,Tau6 Eridani,0
star/j034648-231500,τ6 Eri,0
star/j034724-235212,28 Eri,0
star/j034724-235212,Tau7 Eridani,0
star/j034724-235212,τ7 Eri,0
star/j034724-741424,Gamma Hydri,0
star/j034724-741424,γ Hyi,0
star/j034800+110824,30 Tau,0
star/j034800-301012,Rho Fornacis,0
star/j034800-301012,ρ For,0
star/j034912+240300,27 Tau,0
star/j034912+240824,28 Tau,0
star/j034948+330524,42 Per,0
star/j035024+711948,Gamma Camelopardalis,0
star/j035024+711948,γ Cam,0
star/j035212+063148,31 Tau,0
star/j035248-052136,30 Eri,0
star/j035400+315248,44 Per,0
star/j035400+315248,Zeta Persei,0
star/j035400+315248,ζ Per,0
star/j035400-025700,32 Eri,0
star/j035400-243636,33 Eri,0
star/j035400-243636,Tau8 Eridani,0
star/j035400-243636,τ8 Eri,0
star/j035624+504200,43 Per,0
star/j035700+222848,32 Tau,0
star/j035700+231048,33 Tau,0
star/j035736+400036,45 Per,0
star/j035736+400036,Epsilon Persei,0
star/j035736+400036,ε Per,0
star/j035812-133036,34 Eri,0
star/j035812-133036,Gamma Eridani,0
star/j035812-133036,γ Eri,0
star/j035848+354724,46 Per,0
star/j035848+354724,Xi Persei,0
star/j035848+354724,ξ Per,0
star/j035848-612400,Delta Reticuli,0
star/j035848-612400,δ Ret,0
star/j040000-240112,36 Eri,0
star/j040000-240112,Tau9 Eridani,0
star/j040000-240112,τ9 Eri,0
star/j040036+122924,35 Tau,0
star/j040036+122924,Lambda Tauri,0
star/j040036+122924,λ Tau,0
star/j040036-620936,Gamma Reticuli,0
star/j040036-620936,γ Ret,0
star/j040112-610448,Iota Reticuli,0
star/j040112-610448,ι Ret,0
star/j040148-013300,35 Eri,0
star/j040300+055924,38 Tau,0
star/j040300+055924,Nu Tauri,0
star/j040300+055924,ν Tau,0
star/j040336+052624,40 Tau,0
star/j040412+240636,36 Tau,0
star/j040448+220448,37 Tau,0
star/j040524+220036,39 Tau,0
star/j040636+273600,41 Tau,0
star/j040636+502100,47 Per,0
star/j040636+502100,Lambda Persei,0
star/j040636+502100,λ Per,0
star/j040712+290000,42 Tau,0
star/j040712+290000,Psi Tauri,0
star/j040712+290000,ψ Tau,0
star/j040824+374348,49 Per,0
star/j040824+380224,50 Per,0
star/j040824+474236,48 Per,0
star/j040900+193636,43 Tau,0
star/j040900+193636,Omega1 Tauri,0
star/j040900+193636,ω1 Tau,0
star/j041012-065512,37 Eri,0
star/j041048+262848,44 Tau,0
star/j041048-415924,Delta Horologii,0
star/j041048-415924,δ Hor,0
star/j041124+053112,45 Tau,0
star/j041200-065024,38 Eri,0
star/j041200-065024,Omicron1 Eridani,0
star/j041200-065024,ο1 Eri,0
star/j041348+074312,46 Tau,0
star/j041348+091536,47 Tau,0
star/j041348-421724,Alpha Horologii,0
star/j041348-421724,α Hor,0
star/j041424-101536,39 Eri,0
star/j041424-622812,Alpha Reticuli,0
star/j041424-622812,α Ret,0
star/j041500+402848,52 Per,0
star/j041500+482436,51 Per,0
star/j041500+482436,Mu Persei,0
star/j041500+482436,μ Per,0
star/j041500-073824,40 Eri,0
star/j041500-073824,Omicron2 Eridani,0
star/j041500-073824,ο2 Eri,0
star/j041536+085324,49 Tau,0
star/j041536+085324,Mu Tauri,0
star/j041536+085324,μ Tau,0
star/j041612-512924,Gamma Doradus,0
star/j041612-512924,γ Dor,0
star/j041612-591800,Epsilon Reticuli,0
star/j041612-591800,ε Ret,0
star/j041724+203448,50 Tau,0
star/j041724+203448,Omega2 Tauri,0
star/j041724+203448,ω2 Tau,0
star/j041724-631536,Theta Reticuli,0
star/j041724-631536,θ Ret,0
star/j041800-334800,41 Eri,0
star/j041800-334800,Upsilon4 Eridani,0
star/j041800-334800,υ4 Eri,0
star/j041800-801236,Delta Mensae,0
star/j041800-801236,δ Men,0
star/j041836+213448,51 Tau,0
star/j041912+210824,53 Tau,0
star/j041948+140224,57 Tau,0
star/j041948+153748,54 Tau,0
star/j041948+153748,Gamma Tauri,0
star/j041948+153748,γ Tau,0
star/j041948+214612,56 Tau,0
star/j042024+150600,58 Tau,0
star/j042024+272100,52 Tau,0
star/j042024+272100,Phi Tauri,0
star/j042024+272100,φ Tau,0
star/j042024+343412,54 Per,0
star/j042100-813448,Nu Mensae,0
star/j042100-813448,ν Men,0
star/j042136+463000,53 Per,0
star/j042136-632324,Eta Reticuli,0
star/j042136-632324,η Ret,0
star/j042212+140448,60 Tau,0
star/j042248+173224,61 Tau,0
star/j042248+173224,Delta1 Tauri,0
star/j042248+173224,δ1 Tau,0
star/j042248+253748,59 Tau,0
star/j042248+253748,Chi Tauri,0
star/j042248+253748,χ Tau,0
star/j042324+164648,63 Tau,0
star/j042324-034500,42 Eri,0
star/j042324-034500,Xi Eridani,0
star/j042324-034500,ξ Eri,0
star/j042400+092736,66 Tau,0
star/j042400+172624,64 Tau,0
star/j042400+172624,Delta2 Tauri,0
star/j042400+172624,δ2 Tau,0
star/j042400-340112,43 Eri,0
star/j042436+335736,56 Per,0
star/j042436+340748,55 Per,0
star/j042512+175548,68 Tau,0
star/j042512+175548,Delta3 Tauri,0
star/j042512+175548,δ3 Tau,0
star/j042512+221200,67 Tau,0
star/j042512+221200,Kappa2 Tauri,0
star/j042512+221200,κ2 Tau,0
star/j042512+221724,65 Tau,0
star/j042512+221724,Kappa1 Tauri,0
star/j042512+221724,κ1 Tau,0
star/j042624+144236,73 Tau,0
star/j042624+144236,Pi Tauri,0
star/j042624+144236,π Tau,0
star/j042624+153712,71 Tau,0
star/j042624+224836,69 Tau,0
star/j042624+224836,Upsilon Tauri,0
star/j042624+224836,υ Tau,0
star/j042700+230000,72 Tau,0
star/j042812+144424,76 Tau,0
star/j042812+162136,75 Tau,0
star/j042848+130300,79 Tau,0
star/j042848+155212,78 Tau,0
star/j042848+155212,Theta2 Tauri,0
star/j042848+155212,θ2 Tau,0
star/j042848+155736,77 Tau,0
star/j042848+155736,Theta1 Tauri,0
star/j042848+155736,θ1 Tau,0
star/j042848+191048,74 Tau,0
star/j042848+191048,Epsilon Tauri,0
star/j042848+191048,ε Tau,0
star/j043000+153824,80 Tau,0
star/j043036+134312,83 Tau,0
star/j043036+154124,81 Tau,0
star/j043036-445700,Delta Caeli,0
star/j043036-445700,δ Cae,0
star/j043148+155100,85 Tau,0
star/j043148+535436,1 Cam,0
star/j043148-000224,45 Eri,0
star/j043336+145024,86 Tau,0
star/j043336+145024,Rho Tauri,0
star/j043336+145024,ρ Tau,0
star/j043336+430336,57 Per,0
star/j043336-294612,50 Eri,0
star/j043336-294612,Upsilon1 Eridani,0
star/j043336-294612,υ1 Eri,0
star/j043412-064424,46 Eri,0
star/j043412-081348,47 Eri,0
star/j043412-550300,Alpha Doradus,0
star/j043412-550300,α Dor,0
star/j043524+100936,88 Tau,0
star/j043524-303336,52 Eri,0
star/j043524-303336,Upsilon2 Eridani,0
star/j043524-303336,υ2 Eri,0
star/j043636+411536,58 Per,0
star/j043636-032100,48 Eri,0
star/j043636-032100,Nu Eridani,0
star/j043636-032100,ν Eri,0
star/j043748-022812,51 Eri,0
star/j043824+123036,90 Tau,0
star/j043824+160148,89 Tau,0
star/j043824-141800,53 Eri,0
star/j043900+154800,91 Tau,0
star/j043900+154800,Sigma1 Tauri,0
star/j043900+154800,σ1 Tau,0
star/j043900+155512,92 Tau,0
star/j043900+155512,Sigma2 Tauri,0
star/j043900+155512,σ2 Tau,0
star/j044012+121200,93 Tau,0
star/j044012+530448,3 Cam,0
star/j044012+532812,2 Cam,0
star/j044012-194012,54 Eri,0
star/j044048-415136,Alpha Caeli,0
star/j044048-415136,α Cae,0
star/j044200+225736,94 Tau,0
star/j044200+225736,Tau Tauri,0
star/j044200+225736,τ Tau,0
star/j044200-370824,Beta Caeli,0
star/j044200-370824,β Cae,0
star/j044236-502848,Lambda Pictoris,0
star/j044236-502848,λ Pic,0
star/j044312+432212,59 Per,0
star/j044312-705548,Mu Mensae,0
star/j044312-705548,μ Men,0
star/j044348-083000,56 Eri,0
star/j044424-594348,Kappa Doradus,0
star/j044424-594348,κ Dor,0
star/j044536-031500,57 Eri,0
star/j044536-031500,Mu Eridani,0
star/j044536-031500,μ Eri,0
star/j044724-165548,58 Eri,0
star/j044800+564536,4 Cam,0
star/j044836-161948,59 Eri,0
star/j044948+065736,1 Ori,0
star/j044948+065736,Pi3 Orionis,0
star/j044948+065736,π3 Ori,0
star/j044948+155400,96 Tau,0
star/j045024+085400,2 Ori,0
star/j045024+085400,Pi2 Orionis,0
star/j045024+085400,π2 Ori,0
star/j045024-161312,60 Eri,0
star/j045100+053636,3 Ori,0
star/j045100+053636,Pi4 Orionis,0
star/j045100+053636,π4 Ori,0
star/j045100-532736,Iota Pictoris,0
star/j045100-532736,ι Pic,0
star/j045136+185024,97 Tau,0
star/j045248+141500,4 Ori,0
star/j045248+141500,Omicron1 Orionis,0
star/j045248+141500,ο1 Ori,0
star/j045248+364200,2 Aur,0
star/j045248-052700,61 Eri,0
star/j045248-052700,Omega Eridani,0
star/j045248-052700,ω Eri,0
star/j045324+023036,5 Ori,0
star/j045400+022624,8 Ori,0
star/j045400+022624,Pi5 Orionis,0
star/j045400+022624,π5 Ori,0
star/j045400+662024,9 Cam,0
star/j045400+662024,Alpha Camelopardalis,0
star/j045400+662024,α Cam,0
star/j045436+100900,7 Ori,0
star/j045436+100900,Pi1 Orionis,0
star/j045436+100900,π1 Ori,0
star/j045436+112548,6 Ori,0
star/j045512+551536,5 Cam,0
star/j045512-745624,Eta Mensae,0
star/j045512-745624,η Men,0
star/j045624+133036,9 Ori,0
star/j045624+133036,Omicron2 Orionis,0
star/j045624+133036,ο2 Ori,0
star/j045624-051012,62 Eri,0
star/j045700+331012,3 Aur,0
star/j045700+331012,Iota Aurigae,0
star/j045700+331012,ι Aur,0
star/j045700+534500,7 Cam,0
star/j045736+235700,99 Tau,0
star/j045812+250300,98 Tau,0
star/j045848+014236,10 Ori,0
star/j045848+014236,Pi6 Orionis,0
star/j045848+014236,π6 Ori,0
star/j045848-822812,Xi Mensae,0
star/j045848-822812,ξ Men,0
star/j045924+375324,4 Aur,0
star/j045924+375324,Omega Aurigae,0
star/j045924+375324,ω Aur,0
star/j050000+530936,8 Cam,0
star/j050000-101536,63 Eri,0
star/j050000-123224,64 Eri,0
star/j050036+392324,5 Aur,0
star/j050112-071012,65 Eri,0
star/j050112-071012,Psi Eridani,0
star/j050112-071012,ψ Eri,0
star/j050148+434912,7 Aur,0
star/j050148+434912,Epsilon Aurigae,0
star/j050148+434912,ε Aur,0
star/j050224+410448,8 Aur,0
star/j050224+410448,Zeta Aurigae,0
star/j050224+410448,ζ Aur,0
star/j050300+213524,102 Tau,0
star/j050300+213524,Iota Tauri,0
star/j050300+213524,ι Tau,0
star/j050300-224800,1 Lep,0
star/j050300-490900,Eta1 Pictoris,0
star/j050300-490900,η1 Pic,0
star/j050300-711836,Beta Mensae,0
star/j050300-711836,β Men,0
star/j050336+602624,10 Cam,0
star/j050336+602624,Beta Camelopardalis,0
star/j050336+602624,β Cam,0
star/j050412-352848,Gamma1 Caeli,0
star/j050412-352848,γ1 Cae,0
star/j050448+152400,11 Ori,0
star/j050448-493448,Eta2 Pictoris,0
star/j050448-493448,η2 Pic,0
star/j050524-222212,2 Lep,0
star/j050524-222212,Epsilon Leporis,0
star/j050524-222212,ε Lep,0
star/j050524-572812,Zeta Doradus,0
star/j050524-572812,ζ Dor,0
star/j050600+585812,11 Cam,0
star/j050600+590112,12 Cam,0
star/j050636+411348,10 Aur,0
star/j050636+411348,Eta Aurigae,0
star/j050636+411348,η Aur,0
star/j050636+513600,9 Aur,0
star/j050636-043936,66 Eri,0
star/j050712+183900,104 Tau,0
star/j050748+083000,14 Ori,0
star/j050748+202512,106 Tau,0
star/j050748+214200,105 Tau,0
star/j050748-050524,67 Eri,0
star/j050748-050524,Beta Eridani,0
star/j050748-050524,β Eri,0
star/j050824+241612,103 Tau,0
star/j050900-042736,68 Eri,0
star/j050900-084500,69 Eri,0
star/j050900-084500,Lambda Eridani,0
star/j050900-084500,λ Eri,0
star/j050936+094948,16 Ori,0
star/j050936+153600,15 Ori,0
star/j051200-115212,3 Lep,0
star/j051200-115212,Iota Leporis,0
star/j051200-115212,ι Lep,0
star/j051312+025136,17 Ori,0
star/j051312+025136,Rho Orionis,0
star/j051312+025136,ρ Ori,0
star/j051312+382848,11 Aur,0
star/j051312+382848,Mu Aurigae,0
star/j051312+382848,μ Aur,0
star/j051312-125624,4 Lep,0
star/j051312-125624,Kappa Leporis,0
star/j051312-125624,κ Lep,0
star/j051312-161236,5 Lep,0
star/j051312-161236,Mu Leporis,0
star/j051312-161236,μ Lep,0
star/j051348-671124,Theta Doradus,0
star/j051348-671124,θ Dor,0
star/j051536+324124,14 Aur,0
star/j051612+112024,18 Ori,0
star/j051724-065024,20 Ori,0
star/j051724-065024,Tau Orionis,0
star/j051724-065024,τ Ori,0
star/j051724-345324,Omicron Columbae,0
star/j051724-345324,ο Col,0
star/j051800+332212,16 Aur,0
star/j051836+334612,17 Aur,0
star/j051912+023600,21 Ori,0
star/j051912+220600,109 Tau,0
star/j051912+400600,15 Aur,0
star/j051912+400600,Lambda Aurigae,0
star/j051912+400600,λ Aur,0
star/j051912+580712,15 Cam,0
star/j051912-503636,Zeta Pictoris,0
star/j051912-503636,ζ Pic,0
star/j051948+335736,19 Aur,0
star/j051948-121912,7 Lep,0
star/j051948-121912,Nu Leporis,0
star/j051948-121912,ν Lep,0
star/j051948-131048,6 Lep,0
star/j051948-131048,Lambda Leporis,0
star/j051948-131048,λ Lep,0
star/j052136+414800,20 Aur,0
star/j052136+414800,Rho Aurigae,0
star/j052136+414800,ρ Aur,0
star/j052136-002248,22 Ori,0
star/j052212-560748,Kappa Pictoris,0
star/j052212-560748,κ Pic,0
star/j052248+033224,23 Ori,0
star/j052324+164200,110 Tau,0
star/j052324+573224,16 Cam,0
star/j052324-135548,8 Lep,0
star/j052400-074836,29 Ori,0
star/j052436+015100,25 Ori,0
star/j052436+015100,Psi1 Orionis,0
star/j052436+015100,ψ1 Ori,0
star/j052436+172248,111 Tau,0
star/j052436+372324,21 Aur,0
star/j052436+372324,Sigma Aurigae,0
star/j052436+372324,σ Aur,0
star/j052436-005324,27 Ori,0
star/j052436-022400,28 Ori,0
star/j052436-022400,Eta Orionis,0
star/j052436-022400,η Ori,0
star/j052512+062100,24 Ori,0
star/j052512+062100,Gamma Orionis,0
star/j052512+062100,γ Ori,0
star/j052624-585436,Lambda Doradus,0
star/j052624-585436,λ Dor,0
star/j052700+030600,30 Ori,0
star/j052700+030600,Psi2 Orionis,0
star/j052700+030600,ψ2 Ori,0
star/j052700+175736,115 Tau,0
star/j052736+155212,116 Tau,0
star/j052736+215624,114 Tau,0
star/j052736+342848,24 Aur,0
star/j052736+342848,Phi Aurigae,0
star/j052736+342848,φ Aur,0
star/j052812+171424,117 Tau,0
star/j052812-204536,9 Lep,0
star/j052812-204536,Beta Leporis,0
star/j052812-204536,β Lep,0
star/j052924+250900,118 Tau,0
star/j053000+630412,17 Cam,0
star/j053000-010524,31 Ori,0
star/j053036+055700,32 Ori,0
star/j053112+031724,33 Ori,0
star/j053112-205136,10 Lep,0
star/j053112-352812,Epsilon Columbae,0
star/j053112-352812,ε Col,0
star/j053148-001800,34 Ori,0
star/j053148-001800,Delta Orionis,0
star/j053148-001800,δ Ori,0
star/j053148-071800,36 Ori,0
star/j053148-071800,Upsilon Orionis,0
star/j053148-071800,υ Ori,0
star/j053148-762024,Gamma Mensae,0
star/j053148-762024,γ Men,0
star/j053224+183524,119 Tau,0
star/j053300+321124,25 Aur,0
star/j053300+321124,Chi Aurigae,0
star/j053300+321124,χ Aur,0
star/j053336+183224,120 Tau,0
star/j053336-622924,Beta Doradus,0
star/j053336-622924,β Dor,0
star/j053412+034612,38 Ori,0
star/j053412+141836,35 Ori,0
star/j053448+092924,37 Ori,0
star/j053448+092924,Phi1 Orionis,0
star/j053448+092924,φ1 Ori,0
star/j053524+095548,39 Ori,0
star/j053524+095548,Lambda Orionis,0
star/j053524+095548,λ Ori,0
star/j053524+240224,121 Tau,0
star/j053524-045024,42 Ori,0
star/j053524-052512,43 Ori,0
star/j053524-052512,Theta2 Orionis,0
star/j053524-052512,θ2 Ori,0
star/j053524-055436,44 Ori,0
star/j053524-055436,Iota Orionis,0
star/j053524-055436,ι Ori,0
star/j053524-784912,Iota Mensae,0
star/j053524-784912,ι Men,0
star/j053712+091724,40 Ori,0
star/j053712+091724,Phi2 Orionis,0
star/j053712+091724,φ2 Ori,0
star/j053712+170224,122 Tau,0
star/j053712+640900,19 Cam,0
star/j053712-275212,Nu1 Columbae,0
star/j053712-275212,ν1 Col,0
star/j053712-802812,Pi Mensae,0
star/j053712-802812,π Men,0
star/j053748+210824,123 Tau,0
star/j053748+210824,Zeta Tauri,0
star/j053748+210824,ζ Tau,0
star/j053748-284124,Nu2 Columbae,0
star/j053748-284124,ν2 Col,0
star/j053824+302924,26 Aur,0
star/j053900+040712,47 Ori,0
star/j053900+040712,Omega Orionis,0
star/j053900+040712,ω Ori,0
star/j053900-023600,48 Ori,0
star/j053900-023600,Sigma Orionis,0
star/j053900-023600,σ Ori,0
star/j053900-071236,49 Ori,0
star/j053936+255400,125 Tau,0
star/j053936-340412,Alpha Columbae,0
star/j053936-340412,α Col,0
star/j054048-015624,50 Ori,0
star/j054048-015624,Zeta Orionis,0
star/j054048-015624,ζ Ori,0
star/j054124+163148,126 Tau,0
star/j054200-222212,12 Lep,0
star/j054236+012812,51 Ori,0
star/j054312+563448,24 Cam,0
star/j054424-222700,13 Lep,0
star/j054424-222700,Gamma Leporis,0
star/j054424-222700,γ Lep,0
star/j054500-654424,Delta Doradus,0
star/j054500-654424,δ Dor,0
star/j054612+494948,27 Aur,0
star/j054612+494948,Omicron Aurigae,0
star/j054612+494948,ο Aur,0
star/j054612-321836,Mu Columbae,0
star/j054612-321836,μ Col,0
star/j054648+154912,129 Tau,0
star/j054648+560712,26 Cam,0
star/j054648-144912,14 Lep,0
star/j054648-144912,Zeta Leporis,0
star/j054648-144912,ζ Lep,0
star/j054724+142924,131 Tau,0
star/j054724+174348,130 Tau,0
star/j054724-510412,Beta Pictoris,0
star/j054724-510412,β Pic,0
star/j054800+062700,52 Ori,0
star/j054800+135400,133 Tau,0
star/j054912+243412,132 Tau,0
star/j054912+391048,29 Aur,0
star/j054912+391048,Tau Aurigae,0
star/j054912+391048,τ Aur,0
star/j054948+123900,134 Tau,0
star/j054948-561012,Gamma Pictoris,0
star/j054948-561012,γ Pic,0
star/j054948-665400,Epsilon Doradus,0
star/j054948-665400,ε Dor,0
star/j055024+141836,135 Tau,0
star/j055024-792136,Kappa Mensae,0
star/j055024-792136,κ Men,0
star/j055100+371836,31 Aur,0
star/j055100+371836,Upsilon Aurigae,0
star/j055100+371836,υ Aur,0
star/j055100-354612,Beta Columbae,0
star/j055100-354612,β Col,0
star/j055136+390900,32 Aur,0
star/j055136+390900,Nu Aurigae,0
star/j055136+390900,ν Aur,0
star/j055136-073112,55 Ori,0
star/j055136-205248,15 Lep,0
star/j055136-205248,Delta Leporis,0
star/j055136-205248,δ Lep,0
star/j055212+015136,56 Ori,0
star/j055212+141012,137 Tau,0
star/j055212+585736,30 Cam,0
star/j055324+273636,136 Tau,0
star/j055324-334800,Lambda Columbae,0
star/j055324-334800,λ Col,0
star/j055436+201648,54 Ori,0
star/j055436+201648,Chi1 Orionis,0
star/j055436+201648,χ1 Ori,0
star/j055436+554236,30 Aur,0
star/j055436+554236,Xi Aurigae,0
star/j055436+554236,ξ Aur,0
star/j055512+194500,57 Ori,0
star/j055512+595324,31 Cam,0
star/j055512-370712,Xi Columbae,0
star/j055512-370712,ξ Col,0
star/j055624-141012,16 Lep,0
star/j055624-141012,Eta Leporis,0
star/j055624-141012,η Lep,0
star/j055624-312248,Sigma Columbae,0
star/j055624-312248,σ Col,0
star/j055736-351648,Gamma Columbae,0
star/j055736-351648,γ Col,0
star/j055812+015024,59 Ori,0
star/j055812+255700,139 Tau,0
star/j055848+003300,60 Ori,0
star/j055848-092248,1 Mon,0
star/j055848-093336,2 Mon,0
star/j055924+445700,34 Aur,0
star/j055924+445700,Beta Aurigae,0
star/j055924+445700,β Aur,0
star/j055924+541648,33 Aur,0
star/j055924+541648,Delta Aurigae,0
star/j055924+541648,δ Aur,0
star/j055924-424912,Eta Columbae,0
star/j055924-424912,η Col,0
star/j060000+371236,37 Aur,0
star/j060000+371236,Theta Aurigae,0
star/j060000+371236,θ Aur,0
star/j060000+455624,35 Aur,0
star/j060000+455624,Pi Aurigae,0
star/j060000+455624,π Aur,0
star/j060112+475400,36 Aur,0
star/j060148-103600,3 Mon,0
star/j060224+093900,61 Ori,0
star/j060224+093900,Mu Orionis,0
star/j060224+093900,μ Ori,0
star/j060300+425436,38 Aur,0
star/j060336+194124,64 Ori,0
star/j060412+200824,62 Ori,0
star/j060412+200824,Chi2 Orionis,0
star/j060412+200824,χ2 Ori,0
star/j060412+231536,1 Gem,0
star/j060448+040936,66 Ori,0
star/j060448+052512,63 Ori,0
star/j060448+425848,39 Aur,0
star/j060448-162848,17 Lep,0
star/j060600-145624,18 Lep,0
star/j060600-145624,Theta Leporis,0
star/j060600-145624,θ Lep,0
star/j060600-660224,Eta1 Doradus,0
star/j060600-660224,η1 Dor,0
star/j060636+382848,40 Aur,0
star/j060636-421800,Pi1 Columbae,0
star/j060636-421800,π1 Col,0
star/j060748+144612,67 Ori,0
star/j060748+144612,Nu Orionis,0
star/j060748+144612,ν Ori,0
star/j060748-191012,19 Lep,0
star/j060748-371500,Theta Columbae,0
star/j060748-371500,θ Col,0
star/j060748-420900,Pi2 Columbae,0
star/j060748-420900,π2 Col,0
star/j060900-685024,Nu Doradus,0
star/j060900-685024,ν Dor,0
star/j060936+230636,3 Gem,0
star/j061012+585624,37 Cam,0
star/j061012-545812,Delta Pictoris,0
star/j061012-545812,δ Pic,0
star/j061012-744500,Alpha Mensae,0
star/j061012-744500,α Men,0
star/j061124+242512,5 Gem,0
star/j061124+484236,41 Aur,0
star/j061124-653524,Eta2 Doradus,0
star/j061124-653524,η2 Dor,0
star/j061200+141236,70 Ori,0
star/j061200+141236,Xi Orionis,0
star/j061200+141236,ξ Ori,0
star/j061200+160748,69 Ori,0
star/j061200+194724,68 Ori,0
star/j061236+654312,36 Cam,0
star/j061500+190936,71 Ori,0
star/j061500+223036,7 Gem,0
star/j061500+223036,Eta Geminorum,0
star/j061500+223036,η Gem,0
star/j061500-061612,5 Mon,0
star/j061500-061612,Gamma Monocerotis,0
star/j061500-061612,γ Mon,0
star/j061536+123300,73 Ori,0
star/j061536+160824,72 Ori,0
star/j061536+293000,44 Aur,0
star/j061536+293000,Kappa Aurigae,0
star/j061536+293000,κ Aur,0
star/j061536+600000,40 Cam,0
star/j061612+121612,74 Ori,0
star/j061612+235812,8 Gem,0
star/j061648-350824,Kappa Columbae,0
star/j061648-350824,κ Col,0
star/j061724+095624,75 Ori,0
star/j061800+613112,1 Lyn,0
star/j061948+590036,2 Lyn,0
star/j061948-074912,7 Mon,0
star/j062024-300336,1 CMa,0
star/j062024-300336,Zeta Canis Majoris,0
star/j062024-300336,ζ CMa,0
star/j062136+532700,45 Aur,0
star/j062212+592212,4 Lyn,0
star/j062212-332624,Delta Columbae,0
star/j062212-332624,δ Col,0
star/j062248+223036,13 Gem,0
star/j062248+223036,Mu Geminorum,0
star/j062248+223036,μ Gem,0
star/j062248-175736,2 CMa,0
star/j062248-175736,Beta Canis Majoris,0
star/j062248-175736,β CMa,0
star/j062248-562212,Nu Pictoris,0
star/j062248-562212,ν Pic,0
star/j062248-695848,Pi1 Doradus,0
star/j062248-695848,π1 Dor,0
star/j062400+043524,8 Mon,0
star/j062400+043524,Epsilon Monocerotis,0
star/j062400+043524,ε Mon,0
star/j062436+491724,46 Aur,0
star/j062436+491724,Psi1 Aurigae,0
star/j062436+491724,ψ1 Aur,0
star/j062512-694124,Pi2 Doradus,0
star/j062512-694124,π2 Dor,0
star/j062700+582512,5 Lyn,0
star/j062812-044536,10 Mon,0
star/j062812-323448,Lambda Canis Majoris,0
star/j062812-323448,λ CMa,0
star/j062848+201236,18 Gem,0
star/j062848+201236,Nu Geminorum,0
star/j062848+201236,ν Gem,0
star/j062848+302924,48 Aur,0
star/j063000+464124,47 Aur,0
star/j063036+580936,6 Lyn,0
star/j063148-232512,4 CMa,0
star/j063148-232512,Xi1 Canis Majoris,0
star/j063148-232512,ξ1 CMa,0
star/j063148-584500,Mu Pictoris,0
star/j063148-584500,μ Pic,0
star/j063224+045136,12 Mon,0
star/j063300+071948,13 Mon,0
star/j063448-225736,5 CMa,0
star/j063448-225736,Xi2 Canis Majoris,0
star/j063448-225736,ξ2 CMa,0
star/j063524+280112,49 Aur,0
star/j063636-183936,6 CMa,0
star/j063636-183936,Nu1 Canis Majoris,0
star/j063636-183936,ν1 CMa,0
star/j063636-191536,7 CMa,0
star/j063636-191536,Nu2 Canis Majoris,0
star/j063636-191536,ν2 CMa,0
star/j063748+565136,11 Lyn,0
star/j063748+612848,8 Lyn,0
star/j063748-181424,8 CMa,0
star/j063748-181424,Nu3 Canis Majoris,0
star/j063748-181424,ν3 CMa,0
star/j063748-431200,Nu Puppis,0
star/j063748-431200,ν Pup,0
star/j063824+285848,53 Aur,0
star/j063824+392324,51 Aur,0
star/j063900+395400,52 Aur,0
star/j063900+395400,Psi3 Aurigae,0
star/j063900+395400,ψ3 Aur,0
star/j063936+281536,54 Aur,0
star/j063936+422924,50 Aur,0
star/j063936+422924,Psi2 Aurigae,0
star/j063936+422924,ψ2 Aur,0
star/j064012-804836,Zeta Mensae,0
star/j064012-804836,ζ Men,0
star/j064048+095400,15 Mon,0
star/j064236+173900,26 Gem,0
star/j064312+443112,55 Aur,0
star/j064312+443112,Psi4 Aurigae,0
star/j064312+443112,ψ4 Aur,0
star/j064348+131348,30 Gem,0
star/j064348+250748,27 Gem,0
star/j064348+250748,Epsilon Geminorum,0
star/j064348+250748,ε Gem,0
star/j064424-310412,10 CMa,0
star/j064500+125400,31 Gem,0
star/j064500+125400,Xi Geminorum,0
star/j064500+125400,ξ Gem,0
star/j064500+285812,28 Gem,0
star/j064612+592624,12 Lyn,0
star/j064648+083524,16 Mon,0
star/j064648+433448,56 Aur,0
star/j064648+433448,Psi5 Aurigae,0
star/j064648+433448,ψ5 Aur,0
star/j064648+571012,13 Lyn,0
star/j064648-142548,11 CMa,0
star/j064648-210112,12 CMa,0
star/j064724+080224,17 Mon,0
star/j064724+484724,57 Aur,0
star/j064724+484724,Psi6 Aurigae,0
star/j064724+484724,ψ6 Aur,0
star/j064800+022436,18 Mon,0
star/j064800-615624,Alpha Pictoris,0
star/j064800-615624,α Pic,0
star/j064948+161200,33 Gem,0
star/j064948-323036,13 CMa,0
star/j064948-323036,Kappa Canis Majoris,0
star/j064948-323036,κ CMa,0
star/j064948-503636,Tau Puppis,0
star/j064948-503636,τ Pup,0
star/j065024+132436,35 Gem,0
star/j065100+414648,58 Aur,0
star/j065100+414648,Psi7 Aurigae,0
star/j065100+414648,ψ7 Aur,0
star/j065100+673412,42 Cam,0
star/j065136+214536,36 Gem,0
star/j065136-705736,Iota Volantis,0
star/j065136-705736,ι Vol,0
star/j065248+335736,34 Gem,0
star/j065248+335736,Theta Geminorum,0
star/j065248+335736,θ Gem,0
star/j065248+385212,59 Aur,0
star/j065248+592700,14 Lyn,0
star/j065324-201312,15 CMa,0
star/j065400+685324,43 Cam,0
star/j065400-120224,14 CMa,0
star/j065400-120224,Theta Canis Majoris,0
star/j065400-120224,θ CMa,0
star/j065400-241048,16 CMa,0
star/j065400-241048,Omicron1 Canis Majoris,0
star/j065400-241048,ο1 CMa,0
star/j065436+131048,38 Gem,0
star/j065512+252248,37 Gem,0
star/j065512-202400,17 CMa,0
star/j065548-200824,19 CMa,0
star/j065548-200824,Pi Canis Majoris,0
star/j065548-200824,π CMa,0
star/j065624+461612,Psi9 Aurigae,0
star/j065624+461612,ψ9 Aur,0
star/j065624-140224,18 CMa,0
star/j065624-140224,Mu Canis Majoris,0
star/j065624-140224,μ CMa,0
star/j065624-170300,20 CMa,0
star/j065624-170300,Iota Canis Majoris,0
star/j065624-170300,ι CMa,0
star/j065624-792512,Theta Mensae,0
star/j065624-792512,θ Men,0
star/j065700+582512,15 Lyn,0
star/j065736+450524,16 Lyn,0
star/j065848+380300,62 Aur,0
star/j070000+160448,41 Gem,0
star/j070148-275548,22 CMa,0
star/j070148-275548,Sigma Canis Majoris,0
star/j070148-275548,σ CMa,0
star/j070224+241312,42 Gem,0
star/j070224+241312,Omega Geminorum,0
star/j070224+241312,ω Gem,0
star/j070300-041424,19 Mon,0
star/j070300-234948,24 CMa,0
star/j070300-234948,Omicron2 Canis Majoris,0
star/j070300-234948,ο2 CMa,0
star/j070336-153748,23 CMa,0
star/j070336-153748,Gamma Canis Majoris,0
star/j070336-153748,γ CMa,0
star/j070412+203412,43 Gem,0
star/j070412+203412,Zeta Geminorum,0
star/j070412+203412,ζ Gem,0
star/j070524+223824,44 Gem,0
star/j070824+155548,45 Gem,0
star/j070824-262324,25 CMa,0
star/j070824-262324,Delta Canis Majoris,0
star/j070824-262324,δ CMa,0
star/j070900-703000,Gamma2 Volantis,0
star/j070900-703000,γ2 Vol,0
star/j070900-703000-2,Gamma1 Volantis,0
star/j070900-703000-2,γ1 Vol,0
star/j071012-041424,20 Mon,0
star/j071124+265136,47 Gem,0
star/j071124+301500,46 Gem,0
star/j071124+301500,Tau Geminorum,0
star/j071124+301500,τ Gem,0
star/j071124+391912,63 Aur,0
star/j071124-001800,21 Mon,0
star/j071200-002924,22 Mon,0
star/j071200-002924,Delta Monocerotis,0
star/j071200-002924,δ Mon,0
star/j071200-255624,26 CMa,0
star/j071236+240748,48 Gem,0
star/j071312+160936,51 Gem,0
star/j071424+245324,52 Gem,0
star/j071424-262100,27 CMa,0
star/j071500-264612,28 CMa,0
star/j071500-264612,Omega Canis Majoris,0
star/j071500-264612,ω CMa,0
star/j071612+275400,53 Gem,0
star/j071612+593824,18 Lyn,0
star/j071648-675736,Delta Volantis,0
star/j071648-675736,δ Vol,0
star/j071724-370600,Pi Puppis,0
star/j071724-370600,π Pup,0
star/j071800+163224,54 Gem,0
star/j071800+163224,Lambda Geminorum,0
star/j071800+163224,λ Gem,0
star/j071800+405248,64 Aur,0
star/j071836-243336,29 CMa,0
star/j071836-245700,30 CMa,0
star/j071836-245700,Tau Canis Majoris,0
star/j071836-245700,τ CMa,0
star/j072024+215848,55 Gem,0
star/j072024+215848,Delta Geminorum,0
star/j072024+215848,δ Gem,0
star/j072212+202624,56 Gem,0
star/j072212+364536,65 Aur,0
star/j072248+551648,19 Lyn,0
star/j072324+250300,57 Gem,0
star/j072400+404012,66 Aur,0
star/j072400-291800,31 CMa,0
star/j072400-291800,Eta Canis Majoris,0
star/j072400-291800,η CMa,0
star/j072436+273824,59 Gem,0
star/j072512+114012,1 CMi,0
star/j072548+091648,2 CMi,0
star/j072548+091648,Epsilon Canis Minoris,0
star/j072548+091648,ε CMi,0
star/j072548+274800,60 Gem,0
star/j072548+274800,Iota Geminorum,0
star/j072548+274800,ι Gem,0
star/j072548-790524,Epsilon Mensae,0
star/j072548-790524,ε Men,0
star/j072700+081724,3 CMi,0
star/j072700+081724,Beta Canis Minoris,0
star/j072700+081724,β CMi,0
star/j072700+201536,61 Gem,0
star/j072700+491236,21 Lyn,0
star/j072736+212700,63 Gem,0
star/j072812+065624,5 CMi,0
star/j072812+065624,Eta Canis Minoris,0
star/j072812+065624,η CMi,0
star/j072812+085548,4 CMi,0
star/j072812+085548,Gamma Canis Minoris,0
star/j072812+085548,γ CMi,0
star/j072924+280712,64 Gem,0
star/j072924+314648,62 Gem,0
star/j072924+314648,Rho Geminorum,0
star/j072924+314648,ρ Gem,0
star/j072924-431800,Sigma Puppis,0
star/j072924-431800,σ Pup,0
star/j073000+120036,6 CMi,0
star/j073000+275512,65 Gem,0
star/j073000+494012,22 Lyn,0
star/j073148+015436,7 CMi,0
star/j073148+015436,Delta1 Canis Minoris,0
star/j073148+015436,δ1 CMi,0
star/j073300+031724,8 CMi,0
star/j073300+031724,Delta2 Canis Minoris,0
star/j073300+031724,δ2 CMi,0
star/j073336+154948,68 Gem,0
star/j073412+032212,9 CMi,0
star/j073412+032212,Delta3 Canis Minoris,0
star/j073412+032212,δ3 CMi,0
star/j073600+265400,69 Gem,0
star/j073600+265400,Upsilon Geminorum,0
star/j073600+265400,υ Gem,0
star/j073712-040636,25 Mon,0
star/j073824+350300,70 Gem,0
star/j073900+343448,71 Gem,0
star/j073900+343448,Omicron Geminorum,0
star/j073900+343448,ο Gem,0
star/j073936+174012,74 Gem,0
star/j074048+570448,23 Lyn,0
star/j074124-093300,26 Mon,0
star/j074124-093300,Alpha Monocerotis,0
star/j074124-093300,α Mon,0
star/j074200-723636,Zeta Volantis,0
star/j074200-723636,ζ Vol,0
star/j074312+285248,75 Gem,0
star/j074312+285248,Sigma Geminorum,0
star/j074312+285248,σ Gem,0
star/j074312+584236,24 Lyn,0
star/j074348-282436,1 Pup,0
star/j074348-285700,3 Pup,0
star/j074424+242400,77 Gem,0
star/j074424+242400,Kappa Geminorum,0
star/j074424+242400,κ Gem,0
star/j074424+254648,76 Gem,0
star/j074536-144124,2 Pup,0
star/j074612+104612,11 CMi,0
star/j074612+183036,81 Gem,0
star/j074612-143336,4 Pup,0
star/j074648+652736,51 Cam,0
star/j074724+332512,80 Gem,0
star/j074724+332512,Pi Geminorum,0
star/j074724+332512,π Gem,0
star/j074800-121124,5 Pup,0
star/j074800-255624,Omicron Puppis,0
star/j074800-255624,ο Pup,0
star/j074912-245136,7 Pup,0
star/j074912-245136,Xi Puppis,0
star/j074912-245136,ξ Pup,0
star/j074948-171348,6 Pup,0
star/j075136+014612,13 CMi,0
star/j075136+014612,Zeta Canis Minoris,0
star/j075136+014612,ζ CMi,0
star/j075136-135400,9 Pup,0
star/j075212-145100,10 Pup,0
star/j075324+264612,83 Gem,0
star/j075324+264612,Phi Geminorum,0
star/j075324+264612,φ Gem,0
star/j075436+473336,26 Lyn,0
star/j075548+195248,85 Gem,0
star/j075700+154724,1 Cnc,0
star/j075700-225248,11 Pup,0
star/j075700-525848,Chi Carinae,0
star/j075700-525848,χ Car,0
star/j075812+021312,14 CMi,0
star/j075848-231836,12 Pup,0
star/j080000-034048,27 Mon,0
star/j080036+171836,3 Cnc,0
star/j080112+252324,2 Cnc,0
star/j080112+252324,Omega1 Cancri,0
star/j080112+252324,ω1 Cnc,0
star/j080112-012324,28 Mon,0
star/j080148+162736,5 Cnc,0
star/j080148+601912,53 Cam,0
star/j080336+274724,Chi Geminorum,0
star/j080336+274724,χ Gem,0
star/j080336-400000,Zeta Puppis,0
star/j080336-400000,ζ Pup,0
star/j080448+130712,8 Cnc,0
star/j080448-194348,14 Pup,0
star/j080636+223824,9 Cnc,0
star/j080636+223824,Mu1 Cancri,0
star/j080636+223824,μ1 Cnc,0
star/j080748+213448,10 Cnc,0
star/j080748+213448,Mu2 Cancri,0
star/j080748+213448,μ2 Cnc,0
star/j080748-241800,15 Pup,0
star/j080748-241800,Rho Puppis,0
star/j080748-241800,ρ Pup,0
star/j080748-683712,Epsilon Volantis,0
star/j080748-683712,ε Vol,0
star/j080824+513036,27 Lyn,0
star/j080824-025848,29 Mon,0
star/j080824-025848,Zeta Monocerotis,0
star/j080824-025848,ζ Mon,0
star/j080900-191500,16 Pup,0
star/j080936-472024,Gamma2 Velorum,0
star/j080936-472024,γ2 Vel,0
star/j081012+253036,14 Cnc,0
star/j081012+253036,Psi Cancri,0
star/j081012+253036,ψ Cnc,0
star/j081048-134800,18 Pup,0
star/j081124-125548,19 Pup,0
star/j081312+293936,15 Cnc,0
star/j081312-154724,20 Pup,0
star/j081648+091124,17 Cnc,0
star/j081648+091124,Beta Cancri,0
star/j081648+091124,β Cnc,0
star/j081800+593412,29 Lyn,0
star/j081836-765512,Alpha Chamaeleontis,0
star/j081836-765512,α Cha,0
star/j081948+271312,18 Cnc,0
star/j081948+271312,Chi Cancri,0
star/j081948+271312,χ Cnc,0
star/j082024+240112,19 Cnc,0
star/j082024+240112,Lambda Cancri,0
star/j082024+240112,λ Cnc,0
star/j082024+574424,30 Lyn,0
star/j082024-772848,Theta Chamaeleontis,0
star/j082024-772848,θ Cha,0
star/j082212-732400,Eta Volantis,0
star/j082212-732400,η Vol,0
star/j082248+431124,31 Lyn,0
star/j082248-130300,22 Pup,0
star/j082248-593036,Epsilon Carinae,0
star/j082248-593036,ε Car,0
star/j082324+181948,20 Cnc,0
star/j082400+103748,21 Cnc,0
star/j082436-034500,1 Hya,0
star/j082548+170300,25 Cnc,0
star/j082548-660824,Beta Volantis,0
star/j082548-660824,β Vol,0
star/j082624+275324,22 Cnc,0
star/j082624+275324,Phi1 Cancri,0
star/j082624+275324,φ1 Cnc,0
star/j082624-035924,2 Hya,0
star/j082700+123900,27 Cnc,0
star/j082848+141236,29 Cnc,0
star/j082848+240900,28 Cnc,0
star/j083000+604312,1 UMa,0
star/j083000+604312,Omicron Ursae Majoris,0
star/j083000+604312,ο UMa,0
star/j083148+180524,31 Cnc,0
star/j083148+180524,Theta Cancri,0
star/j083148+180524,θ Cnc,0
star/j083148+240448,30 Cnc,0
star/j083148+240448,Upsilon1 Cancri,0
star/j083148+240448,υ1 Cnc,0
star/j083300+202624,33 Cnc,0
star/j083300+202624,Eta Cancri,0
star/j083300+202624,η Cnc,0
star/j083448+362512,33 Lyn,0
star/j083448+650900,2 UMa,0
star/j083524-075848,3 Hya,0
star/j083712+093936,36 Cnc,0
star/j083748+054200,4 Hya,0
star/j083748+054200,Delta Hydrae,0
star/j083748+054200,δ Hya,0
star/j083748-261500,Eta Pyxidis,0
star/j083748-261500,η Pyx,0
star/j083900+032024,5 Hya,0
star/j083900+032024,Sigma Hydrae,0
star/j083900+032024,σ Hya,0
star/j083900+650112,3 UMa,0
star/j083900+650112,Pi1 Ursae Majoris,0
star/j083900+650112,π1 UMa,0
star/j083900-702324,Theta Volantis,0
star/j083900-702324,θ Vol,0
star/j083936-293336,Zeta Pyxidis,0
star/j083936-293336,ζ Pyx,0
star/j084012+641948,4 UMa,0
star/j084012+641948,Pi2 Ursae Majoris,0
star/j084012+641948,π2 UMa,0
star/j084012-122848,6 Hya,0
star/j084012-351836,Beta Pyxidis,0
star/j084012-351836,β Pyx,0
star/j084048+454948,34 Lyn,0
star/j084124-785736,Eta Chamaeleontis,0
star/j084124-785736,η Cha,0
star/j084200-155624,9 Hya,0
star/j084312+032400,7 Hya,0
star/j084312+032400,Eta Hydrae,0
star/j084312+032400,η Hya,0
star/j084312+124048,45 Cnc,0
star/j084312+212812,43 Cnc,0
star/j084312+212812,Gamma Cancri,0
star/j084312+212812,γ Cnc,0
star/j084348-331124,Alpha Pyxidis,0
star/j084348-331124,α Pyx,0
star/j084424+180900,47 Cnc,0
star/j084424+180900,Delta Cancri,0
star/j084424+180900,δ Cnc,0
star/j084500+054048,10 Hya,0
star/j084500+100448,49 Cnc,0
star/j084500-544236,Delta Velorum,0
star/j084500-544236,δ Vel,0
star/j084536+304200,46 Cnc,0
star/j084612-133300,12 Hya,0
star/j084648+062512,11 Hya,0
star/j084648+062512,Epsilon Hydrae,0
star/j084648+062512,ε Hya,0
star/j084648+120636,50 Cnc,0
star/j084648+284536,48 Cnc,0
star/j084648+284536,Iota Cancri,0
star/j084648+284536,ι Cnc,0
star/j084836+055024,13 Hya,0
star/j084836+055024,Rho Hydrae,0
star/j084836+055024,ρ Hya,0
star/j084912-032624,14 Hya,0
star/j085024-274236,Gamma Pyxidis,0
star/j085024-274236,γ Pyx,0
star/j085136-071048,15 Hya,0
star/j085212+434348,35 Lyn,0
star/j085248+281948,55 Cnc,0
star/j085248+281948,Rho1 Cancri,0
star/j085248+281948,ρ1 Cnc,0
star/j085248+322812,51 Cnc,0
star/j085248+322812,Sigma1 Cancri,0
star/j085248+322812,σ1 Cnc,0
star/j085324+615736,5 UMa,0
star/j085400+303448,57 Cnc,0
star/j085512+055700,16 Hya,0
star/j085512+055700,Zeta Hydrae,0
star/j085512+055700,ζ Hya,0
star/j085512-075812,17 Hya,0
star/j085548+113748,60 Cnc,0
star/j085548+275548,58 Cnc,0
star/j085548+275548,Rho2 Cancri,0
star/j085548+275548,ρ2 Cnc,0
star/j085548-274048,Delta Pyxidis,0
star/j085548-274048,δ Pyx,0
star/j085624+643600,6 UMa,0
star/j085624-853936,Zeta Octantis,0
star/j085624-853936,ζ Oct,0
star/j085700+151912,62 Cnc,0
star/j085700+151912,Omicron1 Cancri,0
star/j085700+151912,ο1 Cnc,0
star/j085700+325436,59 Cnc,0
star/j085700+325436,Sigma2 Cancri,0
star/j085700+325436,σ2 Cnc,0
star/j085736+153448,63 Cnc,0
star/j085736+153448,Omicron2 Cancri,0
star/j085736+153448,ο2 Cnc,0
star/j085812+115136,65 Cnc,0
star/j085812+115136,Alpha Cancri,0
star/j085812+115136,α Cnc,0
star/j085924+322512,64 Cnc,0
star/j085924+322512,Sigma3 Cancri,0
star/j085924+322512,σ3 Cnc,0
star/j085924+480224,9 UMa,0
star/j085924+480224,Iota Ursae Majoris,0
star/j085924+480224,ι UMa,0
star/j090112+321500,66 Cnc,0
star/j090148+275400,67 Cnc,0
star/j090224+673748,8 UMa,0
star/j090224+673748,Rho Ursae Majoris,0
star/j090224+673748,ρ UMa,0
star/j090224-662400,Alpha Volantis,0
star/j090224-662400,α Vol,0
star/j090300+242700,69 Cnc,0
star/j090300+242700,Nu Cancri,0
star/j090300+242700,ν Cnc,0
star/j090336+470936,12 UMa,0
star/j090336+470936,Kappa Ursae Majoris,0
star/j090336+470936,κ UMa,0
star/j090600+050524,18 Hya,0
star/j090600+050524,Omega Hydrae,0
star/j090600+050524,ω Hya,0
star/j090748+104012,76 Cnc,0
star/j090748+104012,Kappa Cancri,0
star/j090748+104012,κ Cnc,0
star/j090748+293900,72 Cnc,0
star/j090748+293900,Tau Cancri,0
star/j090748+293900,τ Cnc,0
star/j090748-255136,Kappa Pyxidis,0
star/j090748-255136,κ Pyx,0
star/j090748-432548,Lambda Velorum,0
star/j090748-432548,λ Vel,0
star/j090824+665212,11 UMa,0
star/j090824+665212,Sigma1 Ursae Majoris,0
star/j090824+665212,σ1 UMa,0
star/j090900+263748,75 Cnc,0
star/j090900+513600,15 UMa,0
star/j090900-083524,19 Hya,0
star/j090936+220300,77 Cnc,0
star/j090936+220300,Xi Cancri,0
star/j090936+220300,ξ Cnc,0
star/j090936-084724,20 Hya,0
star/j091012+220000,79 Cnc,0
star/j091012+670748,13 UMa,0
star/j091012+670748,Sigma2 Ursae Majoris,0
star/j091012+670748,σ2 UMa,0
star/j091012-302212,Epsilon Pyxidis,0
star/j091012-302212,ε Pyx,0
star/j091048+633036,14 UMa,0
star/j091048+633036,Tau Ursae Majoris,0
star/j091048+633036,τ UMa,0
star/j091236-070636,21 Hya,0
star/j091312-694312,Beta Carinae,0
star/j091312-694312,β Car,0
star/j091348+431312,36 Lyn,0
star/j091424+021912,22 Hya,0
star/j091424+021912,Theta Hydrae,0
star/j091424+021912,θ Hya,0
star/j091424+612512,16 UMa,0
star/j091500+145624,82 Cnc,0
star/j091500+145624,Pi2 Cancri,0
star/j091500+145624,π2 Cnc,0
star/j091536+564424,17 UMa,0
star/j091612+540112,18 UMa,0
star/j091648-062100,23 Hya,0
star/j091648-084424,24 Hya,0
star/j091648-591648,Iota Carinae,0
star/j091648-591648,ι Car,0
star/j091836+364800,38 Lyn,0
star/j091948-115812,26 Hya,0
star/j092024-093336,27 Hya,0
star/j092100+342324,40 Lyn,0
star/j092100+342324,Alpha Lyncis,0
star/j092100+342324,α Lyn,0
star/j092136-255812,Theta Pyxidis,0
star/j092136-255812,θ Pyx,0
star/j092212-550036,Kappa Velorum,0
star/j092212-550036,κ Vel,0
star/j092324-284948,Lambda Pyxidis,0
star/j092324-284948,λ Pyx,0
star/j092400-804724,Iota Chamaeleontis,0
star/j092400-804724,ι Cha,0
star/j092436+261048,1 Leo,0
star/j092436+261048,Kappa Leonis,0
star/j092436+261048,κ Leo,0
star/j092512-050712,28 Hya,0
star/j092812+081124,3 Leo,0
star/j092812+090336,2 Leo,0
star/j092812+090336,Omega Leonis,0
star/j092812+090336,ω Leo,0
star/j092924-024612,31 Hya,0
star/j092924-024612,Tau1 Hydrae,0
star/j092924-024612,τ1 Hya,0
star/j092924-355700,Epsilon Antliae,0
star/j092924-355700,ε Ant,0
star/j093036+333936,7 LMi,0
star/j093036-315324,Zeta1 Antliae,0
star/j093036-315324,ζ1 Ant,0
star/j093036-402812,Psi Velorum,0
star/j093036-402812,ψ Vel,0
star/j093148+094312,6 Leo,0
star/j093148+111800,5 Leo,0
star/j093148+111800,Xi Leonis,0
star/j093148+111800,ξ Leo,0
star/j093148+225812,4 Leo,0
star/j093148+225812,Lambda Leonis,0
star/j093148+225812,λ Leo,0
star/j093148+350600,8 LMi,0
star/j093148+630336,23 UMa,0
star/j093148-011048,32 Hya,0
star/j093148-011048,Tau2 Hydrae,0
star/j093148-011048,τ2 Hya,0
star/j093148-315212,Zeta2 Antliae,0
star/j093148-315212,ζ2 Ant,0
star/j093300+514048,25 UMa,0
star/j093300+514048,Theta Ursae Majoris,0
star/j093300+514048,θ UMa,0
star/j093336-805624,Zeta Chamaeleontis,0
star/j093336-805624,ζ Cha,0
star/j093412+362400,10 LMi,0
star/j093412+694948,24 UMa,0
star/j093448+520300,26 UMa,0
star/j093448+721236,22 UMa,0
star/j093448-055436,33 Hya,0
star/j093524+354836,11 LMi,0
star/j093712+065024,10 Leo,0
star/j093712+162624,8 Leo,0
star/j093824+401424,42 Lyn,0
star/j093936-010824,35 Hya,0
star/j093936-010824,Iota Hydrae,0
star/j093936-010824,ι Hya,0
star/j094012-141948,38 Hya,0
star/j094012-141948,Kappa Hydrae,0
star/j094012-141948,κ Hya,0
star/j094124+095324,14 Leo,0
star/j094124+095324,Omicron Leonis,0
star/j094124+095324,ο Leo,0
star/j094200+394536,43 Lyn,0
star/j094236+350524,13 LMi,0
star/j094312+721500,27 UMa,0
star/j094348+140112,16 Leo,0
star/j094348+140112,Psi Leonis,0
star/j094348+140112,ψ Leo,0
star/j094348+295812,15 Leo,0
star/j094424-274612,Theta Antliae,0
star/j094424-274612,θ Ant,0
star/j094536+234612,17 Leo,0
star/j094536+234612,Epsilon Leonis,0
star/j094536+234612,ε Leo,0
star/j094612+114836,18 Leo,0
star/j094612-764648,Nu Chamaeleontis,0
star/j094612-764648,ν Cha,0
star/j094724-650412,Upsilon Carinae,0
star/j094724-650412,υ Car,0
star/j094948+211048,20 Leo,0
star/j095100+590224,29 UMa,0
star/j095100+590224,Upsilon Ursae Majoris,0
star/j095100+590224,υ UMa,0
star/j095100-041424,6 Sex,0
star/j095136+242400,22 Leo,0
star/j095136-145100,39 Hya,0
star/j095136-145100,Upsilon1 Hydrae,0
star/j095136-145100,υ1 Hya,0
star/j095212+022700,7 Sex,0
star/j095212+540336,30 UMa,0
star/j095212+540336,Phi Ursae Majoris,0
star/j095212+540336,φ UMa,0
star/j095248+260036,24 Leo,0
star/j095248+260036,Mu Leonis,0
star/j095248+260036,μ Leo,0
star/j095248-080600,8 Sex,0
star/j095248-080600,Gamma Sextantis,0
star/j095248-080600,γ Sex,0
star/j095548+494912,31 UMa,0
star/j095700-543412,Phi Velorum,0
star/j095700-543412,φ Vel,0
star/j095736+410336,19 LMi,0
star/j095812+122624,27 Leo,0
star/j095812+122624,Nu Leonis,0
star/j095812+122624,ν Leo,0
star/j095848-355324,Eta Antliae,0
star/j095848-355324,η Ant,0
star/j100000+080224,29 Leo,0
star/j100000+080224,Pi Leonis,0
star/j100000+080224,π Leo,0
star/j100036-821236,Mu1 Chamaeleontis,0
star/j100036-821236,μ1 Cha,0
star/j100112+315512,20 LMi,0
star/j100524-130336,40 Hya,0
star/j100524-130336,Upsilon2 Hydrae,0
star/j100524-130336,υ2 Hya,0
star/j100712+164536,30 Leo,0
star/j100712+164536,Eta Leonis,0
star/j100712+164536,η Leo,0
star/j100712+351424,21 LMi,0
star/j100748+100000,31 Leo,0
star/j100748-002212,15 Sex,0
star/j100748-002212,Alpha Sextantis,0
star/j100748-002212,α Sex,0
star/j101012-082436,17 Sex,0
star/j101048-082512,18 Sex,0
star/j101048-122100,41 Hya,0
star/j101048-122100,Lambda Hydrae,0
star/j101048-122100,λ Hya,0
star/j101236+043636,19 Sex,0
star/j101348-700224,Omega Carinae,0
star/j101348-700224,ω Car,0
star/j101612+291836,23 LMi,0
star/j101648+134348,37 Leo,0
star/j101648+232512,36 Leo,0
star/j101648+232512,Zeta Leonis,0
star/j101648+232512,ζ Leo,0
star/j101648+233000,35 Leo,0
star/j101648+425436,33 UMa,0
star/j101648+425436,Lambda Ursae Majoris,0
star/j101648+425436,λ UMa,0
star/j101724+230636,39 Leo,0
star/j101724-080412,22 Sex,0
star/j101724-080412,Epsilon Sextantis,0
star/j101724-080412,ε Sex,0
star/j101800+650636,32 UMa,0
star/j101948+192812,40 Leo,0
star/j102136+145848,42 Leo,0
star/j102212+413000,34 UMa,0
star/j102212+413000,Mu Ursae Majoris,0
star/j102212+413000,μ UMa,0
star/j102248+063224,43 Leo,0
star/j102324+335436,27 LMi,0
star/j102324-040412,25 Sex,0
star/j102400+334312,28 LMi,0
star/j102512+084648,44 Leo,0
star/j102548+334800,30 LMi,0
star/j102548-165024,42 Hya,0
star/j102548-165024,Mu Hydrae,0
star/j102548-165024,μ Hya,0
star/j102700-310412,Alpha Antliae,0
star/j102700-310412,α Ant,0
star/j102736+094536,45 Leo,0
star/j102736+364236,31 LMi,0
star/j102736+364236,Beta Leonis Minoris,0
star/j102736+364236,β LMi,0
star/j102924-024424,29 Sex,0
star/j102924-024424,Delta Sextantis,0
star/j102924-024424,δ Sex,0
star/j102924-303636,Delta Antliae,0
star/j102924-303636,δ Ant,0
star/j103000+385548,32 LMi,0
star/j103000-003824,30 Sex,0
star/j103000-003824,Beta Sextantis,0
star/j103000-003824,β Sex,0
star/j103036+555848,36 UMa,0
star/j103148+322248,33 LMi,0
star/j103224+140824,46 Leo,0
star/j103300+091836,47 Leo,0
star/j103300+091836,Rho Leonis,0
star/j103300+091836,ρ Leo,0
star/j103336+345924,34 LMi,0
star/j103412-234500,44 Hya,0
star/j103448+065700,48 Leo,0
star/j103448+083900,49 Leo,0
star/j103524+570448,37 UMa,0
star/j103524-783636,Gamma Chamaeleontis,0
star/j103524-783636,γ Cha,0
star/j103600-162024,Phi2 Hydrae,0
star/j103600-162024,φ2 Hya,0
star/j103824-165248,Phi3 Hydrae,0
star/j103824-165248,φ3 Hya,0
star/j103900+315848,37 LMi,0
star/j103900+375436,38 LMi,0
star/j104200+654312,38 UMa,0
star/j104312+044500,35 Sex,0
star/j104312+231124,41 LMi,0
star/j104312+261948,40 LMi,0
star/j104312-642324,Theta Carinae,0
star/j104312-642324,θ Car,0
star/j104348+571200,39 UMa,0
star/j104500-802812,Delta1 Chamaeleontis,0
star/j104500-802812,δ1 Cha,0
star/j104536+304048,42 LMi,0
star/j104536-803224,Delta2 Chamaeleontis,0
star/j104536-803224,δ2 Cha,0
star/j104612+141124,52 Leo,0
star/j104612+185324,51 Leo,0
star/j104648-492512,Mu Velorum,0
star/j104648-492512,μ Vel,0
star/j104912+103300,53 Leo,0
star/j104912+292512,43 LMi,0
star/j104948+275812,44 LMi,0
star/j104948-161124,Nu Hydrae,0
star/j104948-161124,ν Hya,0
star/j105024-085400,41 Sex,0
star/j105100+563448,43 UMa,0
star/j105136+591912,42 UMa,0
star/j105324+341312,46 LMi,0
star/j105324+543524,44 UMa,0
star/j105400+431124,45 UMa,0
star/j105400+431124,Omega Ursae Majoris,0
star/j105400+431124,ω UMa,0
star/j105548+004424,55 Leo,0
star/j105548+061124,56 Leo,0
star/j105548+244500,54 Leo,0
star/j105548+333036,46 UMa,0
star/j105700-370824,Iota Antliae,0
star/j105700-370824,ι Ant,0
star/j105924+402548,47 UMa,0
star/j110000-181800,7 Crt,0
star/j110000-181800,Alpha Crateris,0
star/j110000-181800,α Crt,0
star/j110036+033712,58 Leo,0
star/j110036+060600,59 Leo,0
star/j110036+391236,49 UMa,0
star/j110148-022848,61 Leo,0
star/j110224+201048,60 Leo,0
star/j110336+000000,62 Leo,0
star/j110448+072024,63 Leo,0
star/j110448+072024,Chi Leonis,0
star/j110448+072024,χ Leo,0
star/j110448+381424,51 UMa,0
star/j110524-271724,Chi1 Hydrae,0
star/j110524-271724,χ1 Hya,0
star/j110600-271724,Chi2 Hydrae,0
star/j110600-271724,χ2 Hya,0
star/j110712+015736,65 Leo,0
star/j110900+243936,67 Leo,0
star/j110936+443000,52 UMa,0
star/j110936+443000,Psi Ursae Majoris,0
star/j110936+443000,ψ UMa,0
star/j111124-224948,11 Crt,0
star/j111124-224948,Beta Crateris,0
star/j111124-224948,β Crt,0
star/j111236-183000,Psi Crateris,0
star/j111236-183000,ψ Crt,0
star/j111348-000412,69 Leo,0
star/j111424+152548,70 Leo,0
star/j111424+152548,Theta Leonis,0
star/j111424+152548,θ Leo,0
star/j111424+203112,68 Leo,0
star/j111424+203112,Delta Leonis,0
star/j111424+203112,δ Leo,0
star/j111500+230600,72 Leo,0
star/j111536+131836,73 Leo,0
star/j111648-033900,74 Leo,0
star/j111648-033900,Phi Leonis,0
star/j111648-033900,φ Leo,0
star/j111724+020036,75 Leo,0
star/j111836+330524,54 UMa,0
star/j111836+330524,Nu Ursae Majoris,0
star/j111836+330524,ν UMa,0
star/j111912+013900,76 Leo,0
star/j111912+381124,55 UMa,0
star/j111912-144648,12 Crt,0
star/j111912-144648,Delta Crateris,0
star/j111912-144648,δ Crt,0
star/j112100+060148,77 Leo,0
star/j112100+060148,Sigma Leonis,0
star/j112100+060148,σ Leo,0
star/j112100-542924,Pi Centauri,0
star/j112100-542924,π Cen,0
star/j112248+432848,56 UMa,0
star/j112324-184648,13 Crt,0
star/j112324-184648,Lambda Crateris,0
star/j112324-184648,λ Crt,0
star/j112400+012436,79 Leo,0
star/j112400+103148,78 Leo,0
star/j112400+103148,Iota Leonis,0
star/j112400+103148,ι Leo,0
star/j112436-105136,14 Crt,0
star/j112436-105136,Epsilon Crateris,0
star/j112436-105136,ε Crt,0
star/j112436-174048,15 Crt,0
star/j112436-174048,Gamma Crateris,0
star/j112436-174048,γ Crt,0
star/j112548+162736,81 Leo,0
star/j112700-122136,16 Crt,0
star/j112700-122136,Kappa Crateris,0
star/j112700-122136,κ Crt,0
star/j112812+025136,84 Leo,0
star/j112812+025136,Tau Leonis,0
star/j112812+025136,τ Leo,0
star/j112848+392024,57 UMa,0
star/j112924+152436,85 Leo,0
star/j113036+182436,86 Leo,0
star/j113036+431012,58 UMa,0
star/j113036-030000,87 Leo,0
star/j113112+691948,1 Dra,0
star/j113112+691948,Lambda Draconis,0
star/j113112+691948,λ Dra,0
star/j113148-592624,Omicron1 Centauri,0
star/j113148-592624,ο1 Cen,0
star/j113148-593112,Omicron2 Centauri,0
star/j113148-593112,ο2 Cen,0
star/j113300-315136,Xi Hydrae,0
star/j113300-315136,ξ Hya,0
star/j113412+030336,89 Leo,0
star/j113448+164800,90 Leo,0
star/j113600+691912,2 Dra,0
star/j113600-630112,Lambda Centauri,0
star/j113600-630112,λ Cen,0
star/j113636-094800,21 Crt,0
star/j113636-094800,Theta Crateris,0
star/j113636-094800,θ Crt,0
star/j113712-004912,91 Leo,0
star/j113712-004912,Upsilon Leonis,0
star/j113712-004912,υ Leo,0
star/j113712-755400,Pi Chamaeleontis,0
star/j113712-755400,π Cha,0
star/j113824+080748,1 Vir,0
star/j113824+080748,Omega Virginis,0
star/j113824+080748,ω Vir,0
star/j113824+433748,59 UMa,0
star/j113824+464948,60 UMa,0
star/j113824-131200,24 Crt,0
star/j113824-131200,Iota Crateris,0
star/j113824-131200,ι Crt,0
star/j114012-344424,Omicron Hydrae,0
star/j114012-344424,ο Hya,0
star/j114048+212100,92 Leo,0
star/j114048+341200,61 UMa,0
star/j114124+314500,62 UMa,0
star/j114236+664424,3 Dra,0
star/j114500+081536,2 Vir,0
star/j114500+081536,Xi Virginis,0
star/j114500+081536,ξ Vir,0
star/j114500-182100,27 Crt,0
star/j114500-182100,Zeta Crateris,0
star/j114500-182100,ζ Crt,0
star/j114536+063148,3 Vir,0
star/j114536+063148,Nu Virginis,0
star/j114536+063148,ν Vir,0
star/j114536-664348,Lambda Muscae,0
star/j114536-664348,λ Mus,0
star/j114612+474648,63 UMa,0
star/j114612+474648,Chi Ursae Majoris,0
star/j114612+474648,χ UMa,0
star/j114800+081500,4 Vir,0
star/j114800+201312,93 Leo,0
star/j114800-664836,Mu Muscae,0
star/j114800-664836,μ Mus,0
star/j115024+014612,5 Vir,0
star/j115024+014612,Beta Virginis,0
star/j115024+014612,β Vir,0
star/j115248-335436,Beta Hydrae,0
star/j115248-335436,β Hya,0
star/j115512+082624,6 Vir,0
star/j115548+153900,95 Leo,0
star/j115548+563600,66 UMa,0
star/j115548-170900,30 Crt,0
star/j115548-170900,Eta Crateris,0
star/j115548-170900,η Crt,0
star/j115924-781312,Epsilon Chamaeleontis,0
star/j115924-781312,ε Cha,0
star/j120000+033936,7 Vir,0
star/j120036+063636,8 Vir,0
star/j120036+063636,Pi Virginis,0
star/j120036+063636,π Vir,0
star/j120224+430300,67 UMa,0
star/j120300-631836,Theta1 Crucis,0
star/j120300-631836,θ1 Cru,0
star/j120412+212736,2 Com,0
star/j120412-631012,Theta2 Crucis,0
star/j120412-631012,θ2 Cru,0
star/j120448-763112,Kappa Chamaeleontis,0
star/j120448-763112,κ Cha,0
star/j120524+084348,9 Vir,0
star/j120524+084348,Omicron Virginis,0
star/j120524+084348,ο Vir,0
star/j120636-643636,Eta Crucis,0
star/j120636-643636,η Cru,0
star/j120824-244348,1 Crv,0
star/j120824-244348,Alpha Corvi,0
star/j120824-244348,α Crv,0
star/j120824-504312,Delta Centauri,0
star/j120824-504312,δ Cen,0
star/j120936+015400,10 Vir,0
star/j121012+054836,11 Vir,0
star/j121012-223712,2 Crv,0
star/j121012-223712,Epsilon Corvi,0
star/j121012-223712,ε Crv,0
star/j121048-233600,3 Crv,0
star/j121124-522212,Rho Centauri,0
star/j121124-522212,ρ Cen,0
star/j121200+203224,5 Com,0
star/j121200+255212,4 Com,0
star/j121312+101536,12 Vir,0
star/j121500-584500,Delta Crucis,0
star/j121500-584500,δ Cru,0
star/j121536+570148,69 UMa,0
star/j121536+570148,Delta Ursae Majoris,0
star/j121536+570148,δ UMa,0
star/j121536-173224,4 Crv,0
star/j121536-173224,Gamma Corvi,0
star/j121536-173224,γ Crv,0
star/j121612+145400,6 Com,0
star/j121612+235700,7 Com,0
star/j121612+403936,2 CVn,0
star/j121724-675736,Epsilon Muscae,0
star/j121724-675736,ε Mus,0
star/j121836-004724,13 Vir,0
star/j121836-640000,Zeta Crucis,0
star/j121836-640000,ζ Cru,0
star/j121836-791836,Beta Chamaeleontis,0
star/j121836-791836,β Cha,0
star/j121948+485848,3 CVn,0
star/j121948-004012,15 Vir,0
star/j121948-004012,Eta Virginis,0
star/j121948-004012,η Vir,0
star/j122024+031836,16 Vir,0
star/j122024-221312,5 Crv,0
star/j122024-221312,Zeta Corvi,0
star/j122024-221312,ζ Crv,0
star/j122100+174724,11 Com,0
star/j122100+575136,70 UMa,0
star/j122136-602400,Epsilon Crucis,0
star/j122136-602400,ε Cru,0
star/j122212-673112,Zeta2 Muscae,0
star/j122212-673112,ζ2 Mus,0
star/j122212-681836,Zeta1 Muscae,0
star/j122212-681836,ζ1 Mus,0
star/j122248+255100,12 Com,0
star/j122324-245024,6 Crv,0
star/j122400+423224,4 CVn,0
star/j122400+513336,5 CVn,0
star/j122436+260600,13 Com,0
star/j122512+564648,71 UMa,0
star/j122548+390112,6 CVn,0
star/j122624+271612,14 Com,0
star/j122700+264948,16 Com,0
star/j122700+281612,15 Com,0
star/j122700+281612,Gamma Comae Berenices,0
star/j122700+281612,γ Com,0
star/j122736+554236,73 UMa,0
star/j122812-501348,Sigma Centauri,0
star/j122812-501348,σ Cen,0
star/j122848+255436,17 Com,0
star/j122924+240636,18 Com,0
star/j123000+205400,20 Com,0
star/j123000+582436,74 UMa,0
star/j123000+584612,75 UMa,0
star/j123000+691200,4 Dra,0
star/j123000-163112,7 Crv,0
star/j123000-163112,Delta Corvi,0
star/j123000-163112,δ Crv,0
star/j123112+243412,21 Com,0
star/j123112-570636,Gamma Crucis,0
star/j123112-570636,γ Cru,0
star/j123148-161200,8 Crv,0
star/j123148-161200,Eta Corvi,0
star/j123148-161200,η Crv,0
star/j123224-720748,Gamma Muscae,0
star/j123224-720748,γ Mus,0
star/j123336+412136,8 CVn,0
star/j123336+412136,Beta Canum Venaticorum,0
star/j123336+412136,β CVn,0
star/j123336+694724,5 Dra,0
star/j123336+694724,Kappa Draconis,0
star/j123336+694724,κ Dra,0
star/j123336-092700,21 Vir,0
star/j123412-232400,9 Crv,0
star/j123412-232400,Beta Corvi,0
star/j123412-232400,β Crv,0
star/j123448+223748,23 Com,0
star/j123448+700112,6 Dra,0
star/j123524+182248,24 Com,0
star/j123636-054948,25 Vir,0
star/j123712+170524,25 Com,0
star/j123712-690824,Alpha Muscae,0
star/j123712-690824,α Mus,0
star/j123748-483224,Tau Centauri,0
star/j123748-483224,τ Cen,0
star/j123900+210336,26 Com,0
star/j123900-080000,26 Vir,0
star/j123900-080000,Chi Virginis,0
star/j123900-080000,χ Vir,0
star/j124124+624236,76 UMa,0
star/j124124-485736,Gamma Centauri,0
star/j124124-485736,γ Cen,0
star/j124200+064836,31 Vir,0
star/j124200+101424,30 Vir,0
star/j124200+101424,Rho Virginis,0
star/j124200+101424,ρ Vir,0
star/j124500+391648,10 CVn,0
star/j124536+074012,32 Vir,0
star/j124536-605848,Iota Crucis,0
star/j124536-605848,ι Cru,0
star/j124612+093224,33 Vir,0
star/j124612-680636,Beta Muscae,0
star/j124612-680636,β Mus,0
star/j124648+163448,27 Com,0
star/j124724+115736,34 Vir,0
star/j124724+664724,7 Dra,0
star/j124800-594124,Beta Crucis,0
star/j124800-594124,β Cru,0
star/j124912+140712,29 Com,0
star/j124912+273300,30 Com,0
star/j125136+030336,37 Vir,0
star/j125136+273224,31 Com,0
star/j125324+211500,35 Com,0
star/j125324-033300,38 Vir,0
star/j125400-602248,Kappa Crucis,0
star/j125400-602248,κ Cru,0
star/j125436-093224,40 Vir,0
star/j125436-093224,Psi Virginis,0
star/j125436-093224,ψ Vir,0
star/j125436-571012,Mu2 Crucis,0
star/j125436-571012,μ2 Cru,0
star/j125436-571048,Mu1 Crucis,0
star/j125436-571048,μ1 Cru,0
star/j125436-590900,Lambda Crucis,0
star/j125436-590900,λ Cru,0
star/j125512+652624,8 Dra,0
star/j125512-850712,Iota Octantis,0
star/j125512-850712,ι Oct,0
star/j125548+032400,43 Vir,0
star/j125548+032400,Delta Virginis,0
star/j125548+032400,δ Vir,0
star/j125548+381836,Alpha1 Canum Venaticorum,0
star/j125548+381836,α1 CVn,0
star/j125548+381912,12 CVn,0
star/j125548+381912,Alpha2 Canum Venaticorum,0
star/j125548+381912,α2 CVn,0
star/j125848+172436,36 Com,0
star/j125924-034836,44 Vir,0
star/j130000+304724,37 Com,0
star/j130000+663600,9 Dra,0
star/j130036+562212,78 UMa,0
star/j130036-032212,46 Vir,0
star/j130112+170712,38 Com,0
star/j130224-713300,Delta Muscae,0
star/j130224-713300,δ Mus,0
star/j130336-493148,Xi1 Centauri,0
star/j130336-493148,ξ1 Cen,0
star/j130600+354800,14 CVn,0
star/j130636+210900,39 Com,0
star/j130636+223712,40 Com,0
star/j130712+273712,41 Com,0
star/j130712-495436,Xi2 Centauri,0
star/j130712-495436,ξ2 Cen,0
star/j130748-104424,49 Vir,0
star/j130824-651836,Theta Muscae,0
star/j130824-651836,θ Mus,0
star/j130900-230712,45 Hya,0
star/j130900-230712,Psi Hydrae,0
star/j130900-230712,ψ Hya,0
star/j130936-101948,50 Vir,0
star/j131012+383000,17 CVn,0
star/j131012-053224,51 Vir,0
star/j131012-053224,Theta Virginis,0
star/j131012-053224,θ Vir,0
star/j131200+275248,43 Com,0
star/j131200+275248,Beta Comae Berenices,0
star/j131200+275248,β Com,0
star/j131200-161200,53 Vir,0
star/j131424-195548,55 Vir,0
star/j131500-675324,Eta Muscae,0
star/j131500-675324,η Mus,0
star/j131536+405136,19 CVn,0
star/j131612-195624,57 Vir,0
star/j131648+092512,59 Vir,0
star/j131724+052812,60 Vir,0
star/j131724+052812,Sigma Virginis,0
star/j131724+052812,σ Vir,0
star/j131724+403412,20 CVn,0
star/j131800+494048,21 CVn,0
star/j131836-181836,61 Vir,0
star/j131912-231012,46 Hya,0
star/j131912-231012,Gamma Hydrae,0
star/j131912-231012,γ Hya,0
star/j132024+400900,23 CVn,0
star/j132024-364236,Iota Centauri,0
star/j132024-364236,ι Cen,0
star/j132212+050900,64 Vir,0
star/j132248-174424,63 Vir,0
star/j132324-045512,65 Vir,0
star/j132400+545548,79 UMa,0
star/j132400+545548,Zeta Ursae Majoris,0
star/j132400+545548,ζ UMa,0
star/j132436-050936,66 Vir,0
star/j132512+545924,80 UMa,0
star/j132512-745324,Iota1 Muscae,0
star/j132512-745324,ι1 Mus,0
star/j132700-124236,68 Vir,0
star/j132736-155812,69 Vir,0
star/j132812+134648,70 Vir,0
star/j132924+104912,71 Vir,0
star/j133036-062812,72 Vir,0
star/j133148-061536,74 Vir,0
star/j133148-184348,73 Vir,0
star/j133300-100936,76 Vir,0
star/j133300-152136,75 Vir,0
star/j133412+033936,78 Vir,0
star/j133412+490112,24 CVn,0
star/j133412+552100,81 UMa,0
star/j133448-003600,79 Vir,0
star/j133448-003600,Zeta Virginis,0
star/j133448-003600,ζ Vir,0
star/j133524-052400,80 Vir,0
star/j133712+361724,25 CVn,0
star/j133936+525512,82 UMa,0
star/j133936-532812,Epsilon Centauri,0
star/j133936-532812,ε Cen,0
star/j134048+195736,1 Boo,0
star/j134048+223000,2 Boo,0
star/j134048+544048,83 UMa,0
star/j134048-854724,Kappa Octantis,0
star/j134048-854724,κ Oct,0
star/j134124-084200,82 Vir,0
star/j134312+033224,84 Vir,0
star/j134424-161048,83 Vir,0
star/j134536-330224,1 Cen,0
star/j134612-122548,86 Vir,0
star/j134648+254200,3 Boo,0
star/j134648+542548,84 UMa,0
star/j134724+172736,4 Boo,0
star/j134724+172736,Tau Boötis,0
star/j134724+172736,τ Boo,0
star/j134724-175136,87 Vir,0
star/j134912+154800,5 Boo,0
star/j134912+154800,Upsilon Boötis,0
star/j134912+154800,υ Boo,0
star/j134912-342700,2 Cen,0
star/j134948+211536,6 Boo,0
star/j134948-180748,89 Vir,0
star/j134948-414124,Nu Centauri,0
star/j134948-414124,ν Cen,0
star/j134948-422812,Mu Centauri,0
star/j134948-422812,μ Cen,0
star/j135136+644312,10 Dra,0
star/j135136-325924,3 Cen,0
star/j135324+175548,7 Boo,0
star/j135324-315548,4 Cen,0
star/j135400+534348,86 UMa,0
star/j135436+182400,8 Boo,0
star/j135436+182400,Eta Boötis,0
star/j135436+182400,η Boo,0
star/j135436-013000,90 Vir,0
star/j135548-471724,Zeta Centauri,0
star/j135548-471724,ζ Cen,0
star/j135624+010300,92 Vir,0
star/j135624+272924,9 Boo,0
star/j135812-420600,Phi Centauri,0
star/j135812-420600,φ Cen,0
star/j135848+214200,10 Boo,0
star/j135848-245812,47 Hya,0
star/j135848-444800,Upsilon1 Centauri,0
star/j135848-444800,υ1 Cen,0
star/j140000-250036,48 Hya,0
star/j140148+013224,93 Vir,0
star/j140148+013224,Tau Virginis,0
star/j140148+013224,τ Vir,0
star/j140148-453600,Upsilon2 Centauri,0
star/j140148-453600,υ2 Cen,0
star/j140412+642248,11 Dra,0
star/j140412+642248,Alpha Draconis,0
star/j140412+642248,α Dra,0
star/j140524-764800,Theta Apodis,0
star/j140524-764800,θ Aps,0
star/j140600-411048,Chi Centauri,0
star/j140600-411048,χ Cen,0
star/j140636-091836,95 Vir,0
star/j140636-264048,49 Hya,0
star/j140636-264048,Pi Hydrae,0
star/j140636-264048,π Hya,0
star/j140636-362212,5 Cen,0
star/j140636-362212,Theta Centauri,0
star/j140636-362212,θ Cen,0
star/j140824+492736,13 Boo,0
star/j140900+773300,4 UMi,0
star/j141012+250524,12 Boo,0
star/j141236-101612,98 Vir,0
star/j141236-101612,Kappa Virginis,0
star/j141236-101612,κ Vir,0
star/j141236-271536,50 Hya,0
star/j141312+514724,17 Boo,0
star/j141312+514724,Kappa2 Boötis,0
star/j141312+514724,κ2 Boo,0
star/j141348+125736,14 Boo,0
star/j141500+100600,15 Boo,0
star/j141612+460524,19 Boo,0
star/j141612+460524,Lambda Boötis,0
star/j141612+460524,λ Boo,0
star/j141612+512212,21 Boo,0
star/j141612+512212,Iota Boötis,0
star/j141612+512212,ι Boo,0
star/j141612-060000,99 Vir,0
star/j141612-060000,Iota Virginis,0
star/j141612-060000,ι Vir,0
star/j141800-810036,Eta Apodis,0
star/j141800-810036,η Aps,0
star/j141912+130000,18 Boo,0
star/j141912-132212,100 Vir,0
star/j141912-132212,Lambda Virginis,0
star/j141912-132212,λ Vir,0
star/j141912-460336,Iota Lupi,0
star/j141912-460336,ι Lup,0
star/j141948+161836,20 Boo,0
star/j141948-021612,102 Vir,0
star/j141948-021612,Upsilon Virginis,0
star/j141948-021612,υ Vir,0
star/j142024-375324,Psi Centauri,0
star/j142024-375324,ψ Cen,0
star/j142212-800636,Epsilon Apodis,0
star/j142212-800636,ε Aps,0
star/j142248-274500,51 Hya,0
star/j142512+515100,23 Boo,0
star/j142512+515100,Theta Boötis,0
star/j142512+515100,θ Boo,0
star/j142624+191348,22 Boo,0
star/j142624-451312,Tau1 Lupi,0
star/j142624-451312,τ1 Lup,0
star/j142624-452248,Tau2 Lupi,0
star/j142624-452248,τ2 Lup,0
star/j142700-834012,Delta Octantis,0
star/j142700-834012,δ Oct,0
star/j142736+754200,5 UMi,0
star/j142812-021348,105 Vir,0
star/j142812-021348,Phi Virginis,0
star/j142812-021348,φ Vir,0
star/j142812-292924,52 Hya,0
star/j142848+495024,24 Boo,0
star/j142848-065400,106 Vir,0
star/j143148+302212,25 Boo,0
star/j143148+302212,Rho Boötis,0
star/j143148+302212,ρ Boo,0
star/j143148+381836,27 Boo,0
star/j143148+381836,Gamma Boötis,0
star/j143148+381836,γ Boo,0
star/j143224+221536,26 Boo,0
star/j143224-502736,Sigma Lupi,0
star/j143224-502736,σ Lup,0
star/j143448+294424,28 Boo,0
star/j143448+294424,Sigma Boötis,0
star/j143448+294424,σ Boo,0
star/j143524-420936,Eta Centauri,0
star/j143524-420936,η Cen,0
star/j143748-492548,Rho Lupi,0
star/j143748-492548,ρ Lup,0
star/j143900+442400,33 Boo,0
star/j143936-605024,Alpha2 Centauri,0
star/j143936-605024,α2 Cen,0
star/j144048+162512,29 Boo,0
star/j144048+162512,Pi1 Boötis,0
star/j144048+162512,π1 Boo,0
star/j144124+080936,31 Boo,0
star/j144124+134348,30 Boo,0
star/j144124+134348,Zeta Boötis,0
star/j144124+134348,ζ Boo,0
star/j144200+113936,32 Boo,0
star/j144200-472324,Alpha Lupi,0
star/j144200-472324,α Lup,0
star/j144236-645812,Alpha Circini,0
star/j144236-645812,α Cir,0
star/j144312+263148,34 Boo,0
star/j144312-053936,107 Vir,0
star/j144312-053936,Mu Virginis,0
star/j144312-053936,μ Vir,0
star/j144312-250000,4 Lib,0
star/j144500+165736,35 Boo,0
star/j144500+165736,Omicron Boötis,0
star/j144500+165736,ο Boo,0
star/j144536+004312,108 Vir,0
star/j144612+015324,109 Vir,0
star/j144612-252624,54 Hya,0
star/j144724-253712,55 Hya,0
star/j144800-260524,56 Hya,0
star/j144800-263900,57 Hya,0
star/j144800-790224,Alpha Apodis,0
star/j144800-790224,α Aps,0
star/j144912+460712,38 Boo,0
star/j144912-140900,7 Lib,0
star/j144912-140900,Mu Librae,0
star/j144912-140900,μ Lib,0
star/j144948+484312,39 Boo,0
star/j145024-160000,8 Lib,0
star/j145024-160000,Alpha1 Librae,0
star/j145024-160000,α1 Lib,0
star/j145024-275736,58 Hya,0
star/j145100-021800,11 Lib,0
star/j145100-160224,9 Lib,0
star/j145100-160224,Alpha2 Librae,0
star/j145100-160224,α2 Lib,0
star/j145136+190600,37 Boo,0
star/j145136+190600,Xi Boötis,0
star/j145136+190600,ξ Boo,0
star/j145136-433448,Omicron Lupi,0
star/j145136-433448,ο Lup,0
star/j145436-115400,13 Lib,0
star/j145436-115400,Xi1 Librae,0
star/j145436-115400,ξ1 Lib,0
star/j145436-243824,12 Lib,0
star/j145436-655924,Zeta Circini,0
star/j145436-655924,ζ Cir,0
star/j145700-042100,16 Lib,0
star/j145700-112436,15 Lib,0
star/j145700-112436,Xi2 Librae,0
star/j145700-112436,ξ2 Lib,0
star/j145700-624648,Theta Circini,0
star/j145700-624648,θ Cir,0
star/j145848-110824,18 Lib,0
star/j145848-273936,59 Hya,0
star/j145848-430748,Beta Lupi,0
star/j145848-430748,β Lup,0
star/j145924+391612,40 Boo,0
star/j145924-420600,Kappa Centauri,0
star/j145924-420600,κ Cen,0
star/j150112-083112,19 Lib,0
star/j150112-083112,Delta Librae,0
star/j150112-083112,δ Lib,0
star/j150148+402324,42 Boo,0
star/j150148+402324,Beta Boötis,0
star/j150148+402324,β Boo,0
star/j150148-831348,Pi1 Octantis,0
star/j150148-831348,π1 Oct,0
star/j150224+250036,41 Boo,0
star/j150224+250036,Omega Boötis,0
star/j150224+250036,ω Boo,0
star/j150224-280336,60 Hya,0
star/j150300+020524,110 Vir,0
star/j150336+473900,44 Boo,0
star/j150412+265700,43 Boo,0
star/j150412+265700,Psi Boötis,0
star/j150412+265700,ψ Boo,0
star/j150412-251648,20 Lib,0
star/j150412-251648,Sigma Librae,0
star/j150412-251648,σ Lib,0
star/j150448-640148,Eta Circini,0
star/j150448-640148,η Cir,0
star/j150448-830224,Pi2 Octantis,0
star/j150448-830224,π2 Oct,0
star/j150524+480900,47 Boo,0
star/j150636-161536,21 Lib,0
star/j150636-161536,Nu Librae,0
star/j150636-161536,ν Lib,0
star/j150712+245212,45 Boo,0
star/j150824+261800,46 Boo,0
star/j150900-451648,Lambda Lupi,0
star/j150900-451648,λ Lup,0
star/j151124-844724,Omega Octantis,0
star/j151124-844724,ω Oct,0
star/j151200-194724,24 Lib,0
star/j151200-194724,Iota1 Librae,0
star/j151200-194724,ι1 Lib,0
star/j151200-484424,Kappa1 Lupi,0
star/j151200-484424,κ1 Lup,0
star/j151200-484424-2,Kappa2 Lupi,0
star/j151200-484424-2,κ2 Lup,0
star/j151200-520600,Zeta Lupi,0
star/j151200-520600,ζ Lup,0
star/j151312-193900,25 Lib,0
star/j151312-193900,Iota2 Librae,0
star/j151312-193900,ι2 Lib,0
star/j151424+290936,48 Boo,0
star/j151424+290936,Chi Boötis,0
star/j151424+290936,χ Boo,0
star/j151424-313112,1 Lup,0
star/j151500+045624,3 Ser,0
star/j151536+002212,4 Ser,0
star/j151536+331912,49 Boo,0
star/j151536+331912,Delta Boötis,0
star/j151536+331912,δ Boo,0
star/j151648+714912,11 UMi,0
star/j151648-092248,27 Lib,0
star/j151648-092248,Beta Librae,0
star/j151648-092248,β Lib,0
star/j151648-605736,Delta Circini,0
star/j151648-605736,δ Cir,0
star/j151724-584800,Beta Circini,0
star/j151724-584800,β Cir,0
star/j151724-633636,Epsilon Circini,0
star/j151724-633636,ε Cir,0
star/j151800-300900,2 Lup,0
star/j151836-475248,Mu Lupi,0
star/j151836-475248,μ Lup,0
star/j151912+014612,5 Ser,0
star/j151912-684048,Gamma Trianguli Australis,0
star/j151912-684048,γ TrA,0
star/j152024+293712,1 CrB,0
star/j152024+293712,Omicron Coronae Borealis,0
star/j152024+293712,ο CrB,0
star/j152100+004312,6 Ser,0
star/j152100+714948,13 UMi,0
star/j152100+714948,Gamma Ursae Minoris,0
star/j152100+714948,γ UMi,0
star/j152100-153300,29 Lib,0
star/j152100-153300,Omicron Librae,0
star/j152100-153300,ο Lib,0
star/j152100-180936,28 Lib,0
star/j152136+325548,50 Boo,0
star/j152136-361536,Phi1 Lupi,0
star/j152136-361536,φ1 Lup,0
star/j152136-403900,Delta Lupi,0
star/j152136-403900,δ Lup,0
star/j152136-481912,Nu2 Lupi,0
star/j152136-481912,ν2 Lup,0
star/j152212-475548,Nu1 Lupi,0
star/j152212-475548,ν1 Lup,0
star/j152248-444124,Epsilon Lupi,0
star/j152248-444124,ε Lup,0
star/j152324-365136,Phi2 Lupi,0
star/j152324-365136,φ2 Lup,0
star/j152324-591912,Gamma Circini,0
star/j152324-591912,γ Cir,0
star/j152400-010112,8 Ser,0
star/j152400-101912,31 Lib,0
star/j152400-101912,Epsilon Librae,0
star/j152400-101912,ε Lib,0
star/j152436+372248,51 Boo,0
star/j152436+372248,Mu1 Boötis,0
star/j152436+372248,μ1 Boo,0
star/j152436-394236,Upsilon Lupi,0
star/j152436-394236,υ Lup,0
star/j152512+585812,12 Dra,0
star/j152512+585812,Iota Draconis,0
star/j152512+585812,ι Dra,0
star/j152548+152548,9 Ser,0
star/j152548+152548,Tau1 Serpentis,0
star/j152548+152548,τ1 Ser,0
star/j152736+290636,3 CrB,0
star/j152736+290636,Beta Coronae Borealis,0
star/j152736+290636,β CrB,0
star/j152812-164312,32 Lib,0
star/j152812-164312,Zeta1 Librae,0
star/j152812-164312,ζ1 Lib,0
star/j152848+015024,10 Ser,0
star/j153036-163636,34 Lib,0
star/j153036-163636,Zeta3 Librae,0
star/j153036-163636,ζ3 Lib,0
star/j153112+404948,52 Boo,0
star/j153112+404948,Nu1 Boötis,0
star/j153112+404948,ν1 Boo,0
star/j153112+772100,15 UMi,0
star/j153112+772100,Theta Ursae Minoris,0
star/j153112+772100,θ UMi,0
star/j153148+405400,53 Boo,0
star/j153148+405400,Nu2 Boötis,0
star/j153148+405400,ν2 Boo,0
star/j153148-732324,Kappa1 Apodis,0
star/j153148-732324,κ1 Aps,0
star/j153300+312136,4 CrB,0
star/j153300+312136,Theta Coronae Borealis,0
star/j153300+312136,θ CrB,0
star/j153300-011124,11 Ser,0
star/j153300-165100,35 Lib,0
star/j153300-165100,Zeta4 Librae,0
star/j153300-165100,ζ4 Lib,0
star/j153412-100336,37 Lib,0
star/j153448+103224,13 Ser,0
star/j153448+103224,Delta Serpentis,0
star/j153448+103224,δ Ser,0
star/j153448-280300,36 Lib,0
star/j153524+173936,15 Ser,0
star/j153524+173936,Tau3 Serpentis,0
star/j153524+173936,τ3 Ser,0
star/j153524+390036,6 CrB,0
star/j153524+390036,Mu Coronae Borealis,0
star/j153524+390036,μ CrB,0
star/j153524-144724,38 Lib,0
star/j153524-144724,Gamma Librae,0
star/j153524-144724,γ Lib,0
star/j153524-411012,Gamma Lupi,0
star/j153524-411012,γ Lup,0
star/j153636+100036,16 Ser,0
star/j153636+160712,18 Ser,0
star/j153636+160712,Tau5 Serpentis,0
star/j153636+160712,τ5 Ser,0
star/j153636-661912,Epsilon Trianguli Australis,0
star/j153636-661912,ε TrA,0
star/j153712-280824,39 Lib,0
star/j153712-280824,Upsilon Librae,0
star/j153712-280824,υ Lib,0
star/j153748+402100,54 Boo,0
star/j153748+402100,Phi Boötis,0
star/j153748+402100,φ Boo,0
star/j153748-423412,Omega Lupi,0
star/j153748-423412,ω Lup,0
star/j153824-294648,40 Lib,0
star/j153824-294648,Tau Librae,0
star/j153824-294648,τ Lib,0
star/j153900-191800,41 Lib,0
star/j153936+363824,7 CrB,0
star/j153936+363824,Zeta2 Coronae Borealis,0
star/j153936+363824,ζ2 CrB,0
star/j153936-342436,3 Lup,0
star/j153936-342436,Psi1 Lupi,0
star/j153936-342436,ψ1 Lup,0
star/j154012-234912,42 Lib,0
star/j154012-732700,Kappa2 Apodis,0
star/j154012-732700,κ2 Aps,0
star/j154048+160112,19 Ser,0
star/j154048+160112,Tau6 Serpentis,0
star/j154048+160112,τ6 Ser,0
star/j154124+194012,21 Ser,0
star/j154124+194012,Iota Serpentis,0
star/j154124+194012,ι Ser,0
star/j154200+125100,20 Ser,0
star/j154200+125100,Chi Serpentis,0
star/j154200+125100,χ Ser,0
star/j154200+182736,22 Ser,0
star/j154200+182736,Tau7 Serpentis,0
star/j154200+182736,τ7 Ser,0
star/j154200-194048,43 Lib,0
star/j154200-194048,Kappa Librae,0
star/j154200-194048,κ Lib,0
star/j154236+261800,8 CrB,0
star/j154236+261800,Gamma Coronae Borealis,0
star/j154236+261800,γ CrB,0
star/j154236-344236,4 Lup,0
star/j154236-344236,Psi2 Lupi,0
star/j154236-344236,ψ2 Lup,0
star/j154312-842812,Rho Octantis,0
star/j154312-842812,ρ Oct,0
star/j154348+023112,23 Ser,0
star/j154348+023112,Psi Serpentis,0
star/j154348+023112,ψ Ser,0
star/j154348+323112,9 CrB,0
star/j154348+323112,Pi Coronae Borealis,0
star/j154348+323112,π CrB,0
star/j154348+774724,16 UMi,0
star/j154348+774724,Zeta Ursae Minoris,0
star/j154348+774724,ζ UMi,0
star/j154348-154012,44 Lib,0
star/j154348-154012,Eta Librae,0
star/j154348-154012,η Lib,0
star/j154500+171536,26 Ser,0
star/j154500+171536,Tau8 Serpentis,0
star/j154500+171536,τ8 Ser,0
star/j154612+072100,27 Ser,0
star/j154612+072100,Lambda Serpentis,0
star/j154612+072100,λ Ser,0
star/j154612+152512,28 Ser,0
star/j154612+152512,Beta Serpentis,0
star/j154612+152512,β Ser,0
star/j154612-014800,25 Ser,0
star/j154724+140712,31 Ser,0
star/j154724+140712,Upsilon Serpentis,0
star/j154724+140712,υ Ser,0
star/j154836+180824,35 Ser,0
star/j154836+180824,Kappa Serpentis,0
star/j154836+180824,κ Ser,0
star/j154948+260412,10 CrB,0
star/j154948+260412,Delta Coronae Borealis,0
star/j154948+260412,δ CrB,0
star/j154948-032548,32 Ser,0
star/j154948-032548,Mu Serpentis,0
star/j154948-032548,μ Ser,0
star/j155024+021200,34 Ser,0
star/j155024+021200,Omega Serpentis,0
star/j155024+021200,ω Ser,0
star/j155100+042848,37 Ser,0
star/j155100+042848,Epsilon Serpentis,0
star/j155100+042848,ε Ser,0
star/j155100+205848,38 Ser,0
star/j155100+205848,Rho Serpentis,0
star/j155100+205848,ρ Ser,0
star/j155100+353936,11 CrB,0
star/j155100+353936,Kappa Coronae Borealis,0
star/j155100+353936,κ CrB,0
star/j155100-030524,36 Ser,0
star/j155100-254500,1 Sco,0
star/j155100-333748,5 Lup,0
star/j155100-333748,Chi Lupi,0
star/j155100-333748,χ Lup,0
star/j155248+422700,1 Her,0
star/j155248+422700,Chi Herculis,0
star/j155248+422700,χ Her,0
star/j155324+131200,39 Ser,0
star/j155324-201012,45 Lib,0
star/j155324-201012,Lambda Librae,0
star/j155324-201012,λ Lib,0
star/j155324-251948,2 Sco,0
star/j155400-164348,46 Lib,0
star/j155400-164348,Theta Librae,0
star/j155400-164348,θ Lib,0
star/j155436+430824,2 Her,0
star/j155436-251424,3 Sco,0
star/j155512-192248,47 Lib,0
star/j155512-632548,Beta Trianguli Australis,0
star/j155512-632548,β TrA,0
star/j155512-683600,Kappa Trianguli Australis,0
star/j155512-683600,κ TrA,0
star/j155548+375700,12 CrB,0
star/j155548+375700,Lambda Coronae Borealis,0
star/j155548+375700,λ CrB,0
star/j155548+423412,4 Her,0
star/j155548-261612,4 Sco,0
star/j155624+153936,41 Ser,0
star/j155624+153936,Gamma Serpentis,0
star/j155624+153936,γ Ser,0
star/j155700+142436,Phi Serpentis,0
star/j155700+142436,φ Ser,0
star/j155700-291236,5 Sco,0
star/j155700-291236,Rho Scorpii,0
star/j155700-291236,ρ Sco,0
star/j155736+265248,13 CrB,0
star/j155736+265248,Epsilon Coronae Borealis,0
star/j155736+265248,ε CrB,0
star/j155812-141648,48 Lib,0
star/j155848-260636,6 Sco,0
star/j155848-260636,Pi Scorpii,0
star/j155848-260636,π Sco,0
star/j160000-382400,Eta Lupi,0
star/j160000-382400,η Lup,0
star/j160036-082436,50 Lib,0
star/j160036-163148,49 Lib,0
star/j160036-223712,7 Sco,0
star/j160036-223712,Delta Scorpii,0
star/j160036-223712,δ Sco,0
star/j160112+174912,5 Her,0
star/j160112+295100,14 CrB,0
star/j160112+295100,Iota Coronae Borealis,0
star/j160112+295100,ι CrB,0
star/j160112+331836,15 CrB,0
star/j160112+331836,Rho Coronae Borealis,0
star/j160112+331836,ρ CrB,0
star/j160148+583336,13 Dra,0
star/j160148+583336,Theta Draconis,0
star/j160148+583336,θ Dra,0
star/j160224+224800,44 Ser,0
star/j160224+224800,Pi Serpentis,0
star/j160224+224800,π Ser,0
star/j160300+460224,6 Her,0
star/j160300+460224,Upsilon Herculis,0
star/j160300+460224,υ Her,0
star/j160300-491348,Eta Normae,0
star/j160300-491348,η Nor,0
star/j160336+045924,43 Ser,0
star/j160336-574612,Iota1 Normae,0
star/j160336-574612,ι1 Nor,0
star/j160524-194800,Beta2 Scorpii,0
star/j160524-194800,β2 Sco,0
star/j160524-194836,8 Sco,0
star/j160524-194836,Beta1 Scorpii,0
star/j160524-194836,β1 Sco,0
star/j160636-204012,9 Sco,0
star/j160636-204012,Omega1 Scorpii,0
star/j160636-204012,ω1 Sco,0
star/j160636-364800,Theta Lupi,0
star/j160636-364800,θ Lup,0
star/j160636-451012,Delta Normae,0
star/j160636-451012,δ Nor,0
star/j160712-205212,10 Sco,0
star/j160712-205212,Omega2 Scorpii,0
star/j160712-205212,ω2 Sco,0
star/j160748+095324,45 Ser,0
star/j160748+170300,7 Her,0
star/j160748+170300,Kappa Herculis,0
star/j160748+170300,κ Her,0
star/j160748-124500,11 Sco,0
star/j160824+083148,47 Ser,0
star/j160900+171236,8 Her,0
star/j160900+362924,16 CrB,0
star/j160900+362924,Tau Coronae Borealis,0
star/j160900+362924,τ CrB,0
star/j160900+445548,11 Her,0
star/j160900+445548,Phi Herculis,0
star/j160900+445548,φ Her,0
star/j160936-575548,Iota2 Normae,0
star/j160936-575548,ι2 Nor,0
star/j161048+755248,19 UMi,0
star/j161124+232924,10 Her,0
star/j161200-083300,16 Sco,0
star/j161200-100336,15 Sco,0
star/j161200-100336,Psi Scorpii,0
star/j161200-100336,ψ Sco,0
star/j161200-192736,14 Sco,0
star/j161200-192736,Nu Scorpii,0
star/j161200-192736,ν Sco,0
star/j161200-282512,12 Sco,0
star/j161236-275548,13 Sco,0
star/j161312+050112,9 Her,0
star/j161312-543748,Kappa Normae,0
star/j161312-543748,κ Nor,0
star/j161312-553224,Zeta Normae,0
star/j161312-553224,ζ Nor,0
star/j161348-115024,17 Sco,0
star/j161348-115024,Chi Scorpii,0
star/j161348-115024,χ Sco,0
star/j161424+335136,17 CrB,0
star/j161424+335136,Sigma Coronae Borealis,0
star/j161424+335136,σ CrB,0
star/j161424-034124,1 Oph,0
star/j161424-034124,Delta Ophiuchi,0
star/j161424-034124,δ Oph,0
star/j161500-472212,Theta Normae,0
star/j161500-472212,θ Nor,0
star/j161536+184836,16 Her,0
star/j161536-082212,18 Sco,0
star/j161536-634124,Delta Trianguli Australis,0
star/j161536-634124,δ TrA,0
star/j161648+290900,18 CrB,0
star/j161648+290900,Upsilon Coronae Borealis,0
star/j161648+290900,υ CrB,0
star/j161648-500412,Gamma1 Normae,0
star/j161648-500412,γ1 Nor,0
star/j161724+754500,21 UMi,0
star/j161724+754500,Eta Ursae Minoris,0
star/j161724+754500,η UMi,0
star/j161836-044124,2 Oph,0
star/j161836-044124,Epsilon Ophiuchi,0
star/j161836-044124,ε Oph,0
star/j161912-424012,Lambda Normae,0
star/j161912-424012,λ Nor,0
star/j161948+461836,22 Her,0
star/j161948+461836,Tau Herculis,0
star/j161948+461836,τ Her,0
star/j161948-500936,Gamma2 Normae,0
star/j161948-500936,γ2 Nor,0
star/j162024-241012,19 Sco,0
star/j162024-241012,Omicron Scorpii,0
star/j162024-241012,ο Sco,0
star/j162024-784012,Delta2 Apodis,0
star/j162024-784012,δ2 Aps,0
star/j162024-784200,Delta1 Apodis,0
star/j162024-784200,δ1 Aps,0
star/j162100-253524,20 Sco,0
star/j162100-253524,Sigma Scorpii,0
star/j162100-253524,σ Sco,0
star/j162212+010148,50 Ser,0
star/j162212+010148,Sigma Serpentis,0
star/j162212+010148,σ Ser,0
star/j162212+190900,20 Her,0
star/j162212+190900,Gamma Herculis,0
star/j162212+190900,γ Her,0
star/j162212+305324,19 CrB,0
star/j162212+305324,Xi Coronae Borealis,0
star/j162212+305324,ξ CrB,0
star/j162212+334200,21 CrB,0
star/j162212+334200,Nu2 Coronae Borealis,0
star/j162212+334200,ν2 CrB,0
star/j162212+334800,20 CrB,0
star/j162212+334800,Nu1 Coronae Borealis,0
star/j162212+334800,ν1 CrB,0
star/j162400+065700,21 Her,0
star/j162400+613036,14 Dra,0
star/j162400+613036,Eta Draconis,0
star/j162400+613036,η Dra,0
star/j162400-200224,4 Oph,0
star/j162400-200224,Psi Ophiuchi,0
star/j162400-200224,ψ Oph,0
star/j162512+140148,24 Her,0
star/j162512+140148,Omega Herculis,0
star/j162512+140148,ω Her,0
star/j162512+372324,25 Her,0
star/j162548-232700,5 Oph,0
star/j162548-232700,Rho Ophiuchi,0
star/j162548-232700,ρ Oph,0
star/j162700-182736,7 Oph,0
star/j162700-182736,Chi Ophiuchi,0
star/j162700-182736,χ Oph,0
star/j162700-473300,Epsilon Normae,0
star/j162700-473300,ε Nor,0
star/j162736-082212,3 Oph,0
star/j162736-082212,Upsilon Ophiuchi,0
star/j162736-082212,υ Oph,0
star/j162812+684612,15 Dra,0
star/j162812-640336,Iota Trianguli Australis,0
star/j162812-640336,ι TrA,0
star/j162812-700448,Zeta Trianguli Australis,0
star/j162812-700448,ζ TrA,0
star/j162848+415248,30 Her,0
star/j163000+212924,27 Her,0
star/j163000+212924,Beta Herculis,0
star/j163000+212924,β Her,0
star/j163000-250712,22 Sco,0
star/j163112+015848,10 Oph,0
star/j163112+015848,Lambda Ophiuchi,0
star/j163112+015848,λ Oph,0
star/j163112-163636,8 Oph,0
star/j163112-163636,Phi Ophiuchi,0
star/j163112-163636,φ Oph,0
star/j163224+053112,28 Her,0
star/j163224+112924,29 Her,0
star/j163224-212812,9 Oph,0
star/j163224-212812,Omega Ophiuchi,0
star/j163224-212812,ω Oph,0
star/j163336-785400,Gamma Apodis,0
star/j163336-785400,γ Aps,0
star/j163412+422624,35 Her,0
star/j163412+422624,Sigma Herculis,0
star/j163412+422624,σ Her,0
star/j163412-440300,Mu Normae,0
star/j163412-440300,μ Nor,0
star/j163600-281312,23 Sco,0
star/j163600-281312,Tau Scorpii,0
star/j163600-281312,τ Sco,0
star/j163600-653000,Theta Trianguli Australis,0
star/j163600-653000,θ TrA,0
star/j163636-021912,12 Oph,0
star/j163712-103412,13 Oph,0
star/j163712-103412,Zeta Ophiuchi,0
star/j163712-103412,ζ Oph,0
star/j163900+485548,42 Her,0
star/j164048+041312,37 Her,0
star/j164048+643524,18 Dra,0
star/j164124+265512,39 Her,0
star/j164124+313600,40 Her,0
star/j164124+313600,Zeta Herculis,0
star/j164124+313600,ζ Her,0
star/j164124-681800,Eta1 Trianguli Australis,0
star/j164124-681800,η1 TrA,0
star/j164200+011048,14 Oph,0
star/j164236+385512,44 Her,0
star/j164236+385512,Eta Herculis,0
star/j164236+385512,η Her,0
star/j164312-773112,Beta Apodis,0
star/j164312-773112,β Aps,0
star/j164536+010112,16 Oph,0
star/j164536+083448,43 Her,0
star/j164612+820224,22 UMi,0
star/j164612+820224,Epsilon Ursae Minoris,0
star/j164612+820224,ε UMi,0
star/j164724+020336,19 Oph,0
star/j164800+051500,45 Her,0
star/j164836-690148,Alpha Trianguli Australis,0
star/j164836-690148,α TrA,0
star/j164912+455848,52 Her,0
star/j164948-104648,20 Oph,0
star/j164948-590224,Eta Arae,0
star/j164948-590224,η Ara,0
star/j165024+071500,47 Her,0
star/j165024+294836,50 Her,0
star/j165024-341724,26 Sco,0
star/j165024-341724,Epsilon Scorpii,0
star/j165024-341724,ε Sco,0
star/j165136+011312,21 Oph,0
star/j165136+243936,51 Her,0
star/j165212-380112,Mu2 Scorpii,0
star/j165212-380112,μ2 Sco,0
star/j165248+314200,53 Her,0
star/j165400+101012,25 Oph,0
star/j165400+101012,Iota Ophiuchi,0
star/j165400+101012,ι Oph,0
star/j165400-422136,Zeta1 Scorpii,0
star/j165400-422136,ζ1 Sco,0
star/j165436-060900,23 Oph,0
star/j165436-422136,Zeta2 Scorpii,0
star/j165436-422136,ζ2 Sco,0
star/j165512+182548,54 Her,0
star/j165512+254348,56 Her,0
star/j165548+650748,19 Dra,0
star/j165700-230900,24 Oph,0
star/j165700-331536,27 Sco,0
star/j165736+092248,27 Oph,0
star/j165736+092248,Kappa Ophiuchi,0
star/j165736+092248,κ Oph,0
star/j165848-555924,Zeta Arae,0
star/j165848-555924,ζ Ara,0
star/j165924-530936,Epsilon1 Arae,0
star/j165924-530936,ε1 Ara,0
star/j170000+305548,58 Her,0
star/j170000+305548,Epsilon Herculis,0
star/j170000+305548,ε Her,0
star/j170000-245924,26 Oph,0
star/j170112-041312,30 Oph,0
star/j170148+333412,59 Her,0
star/j170300-531424,Epsilon2 Arae,0
star/j170300-531424,ε2 Ara,0
star/j170524+124424,60 Her,0
star/j170900+654236,22 Dra,0
star/j170900+654236,Zeta Draconis,0
star/j170900+654236,ζ Dra,0
star/j171012-154348,35 Oph,0
star/j171012-154348,Eta Ophiuchi,0
star/j171012-154348,η Oph,0
star/j171200-431424,Eta Scorpii,0
star/j171200-431424,η Sco,0
star/j171236+103524,37 Oph,0
star/j171500+245024,65 Her,0
star/j171500+245024,Delta Herculis,0
star/j171500+245024,δ Her,0
star/j171500+364836,67 Her,0
star/j171500+364836,Pi Herculis,0
star/j171500+364836,π Her,0
star/j171648-002700,41 Oph,0
star/j171724+330600,68 Her,0
star/j171724+371724,69 Her,0
star/j171800-241724,39 Oph,0
star/j171800-241724,Omicron Ophiuchi,0
star/j171800-241724,ο Oph,0
star/j172024+322812,72 Her,0
star/j172024+461424,74 Her,0
star/j172100+243000,70 Her,0
star/j172100-125100,53 Ser,0
star/j172100-125100,Nu Serpentis,0
star/j172100-125100,ν Ser,0
star/j172100-210636,40 Oph,0
star/j172100-210636,Xi Ophiuchi,0
star/j172100-210636,ξ Oph,0
star/j172212-250000,42 Oph,0
star/j172212-250000,Theta Ophiuchi,0
star/j172212-250000,θ Oph,0
star/j172212-674612,Zeta Apodis,0
star/j172212-674612,ζ Aps,0
star/j172212-700712,Iota Apodis,0
star/j172212-700712,ι Aps,0
star/j172324+370900,75 Her,0
star/j172324+370900,Rho Herculis,0
star/j172324+370900,ρ Her,0
star/j172324-280824,43 Oph,0
star/j172324-472812,Iota Arae,0
star/j172324-472812,ι Ara,0
star/j172400+225736,73 Her,0
star/j172512-553148,Beta Arae,0
star/j172512-553148,β Ara,0
star/j172512-562248,Gamma Arae,0
star/j172512-562248,γ Ara,0
star/j172548-503748,Kappa Arae,0
star/j172548-503748,κ Ara,0
star/j172624+040824,49 Oph,0
star/j172624+040824,Sigma Ophiuchi,0
star/j172624+040824,σ Oph,0
star/j172624-241048,44 Oph,0
star/j172700+481536,77 Her,0
star/j172736-295212,45 Oph,0
star/j173036+260636,76 Her,0
star/j173036+260636,Lambda Herculis,0
star/j173036+260636,λ Her,0
star/j173036+521800,23 Dra,0
star/j173036+521800,Beta Draconis,0
star/j173036+521800,β Dra,0
star/j173036+865812,24 UMi,0
star/j173036-371800,34 Sco,0
star/j173036-371800,Upsilon Scorpii,0
star/j173036-371800,υ Sco,0
star/j173112-235736,51 Oph,0
star/j173112-604048,Delta Arae,0
star/j173112-604048,δ Ara,0
star/j173148+282436,78 Her,0
star/j173148+680748,27 Dra,0
star/j173148-495248,Alpha Arae,0
star/j173148-495248,α Ara,0
star/j173224+863524,23 UMi,0
star/j173224+863524,Delta Ursae Minoris,0
star/j173224+863524,δ UMi,0
star/j173448+093524,53 Oph,0
star/j173448+615248,26 Dra,0
star/j173524-463036,1 Ara,0
star/j173524-463036,Sigma Arae,0
star/j173524-463036,σ Ara,0
star/j173636+483524,82 Her,0
star/j173712+684536,28 Dra,0
star/j173712+684536,Omega Draconis,0
star/j173712+684536,ω Dra,0
star/j173712-430000,Theta Scorpii,0
star/j173712-430000,θ Sco,0
star/j173748+241836,79 Her,0
star/j173748-080712,57 Oph,0
star/j173748-080712,Mu Ophiuchi,0
star/j173748-080712,μ Oph,0
star/j173748-152400,55 Ser,0
star/j173748-152400,Xi Serpentis,0
star/j173748-152400,ξ Ser,0
star/j173748-543000,Pi Arae,0
star/j173748-543000,π Ara,0
star/j173936+460036,85 Her,0
star/j173936+460036,Iota Herculis,0
star/j173936+460036,ι Her,0
star/j174012-492512,Lambda Arae,0
star/j174012-492512,λ Ara,0
star/j174124-125248,56 Ser,0
star/j174124-125248,Omicron Serpentis,0
star/j174124-125248,ο Ser,0
star/j174200+720900,31 Dra,0
star/j174200+720900,Psi1 Draconis,0
star/j174200+720900,ψ1 Dra,0
star/j174236+243336,83 Her,0
star/j174236-390148,Kappa Scorpii,0
star/j174236-390148,κ Sco,0
star/j174312+043412,60 Oph,0
star/j174312+043412,Beta Ophiuchi,0
star/j174312+043412,β Oph,0
star/j174312+241948,84 Her,0
star/j174312-214048,58 Oph,0
star/j174424+023448,61 Oph,0
star/j174424-514948,Mu Arae,0
star/j174424-514948,μ Ara,0
star/j174536-644312,Eta Pavonis,0
star/j174536-644312,η Pav,0
star/j174612+274312,86 Her,0
star/j174612+274312,Mu Herculis,0
star/j174612+274312,μ Her,0
star/j174724-274948,3 Sgr,0
star/j174724-400748,Iota1 Scorpii,0
star/j174724-400748,ι1 Sco,0
star/j174800+024236,62 Oph,0
star/j174800+024236,Gamma Ophiuchi,0
star/j174800+024236,γ Oph,0
star/j174836+253712,87 Her,0
star/j174912+504648,30 Dra,0
star/j174912+765736,35 Dra,0
star/j175024-400524,Iota2 Scorpii,0
star/j175024-400524,ι2 Sco,0
star/j175324+400036,90 Her,0
star/j175324+565212,32 Dra,0
star/j175324+565212,Xi Draconis,0
star/j175324+565212,ξ Dra,0
star/j175512+260300,89 Her,0
star/j175512+720036,34 Dra,0
star/j175512+720036,Psi2 Draconis,0
star/j175512+720036,ψ2 Dra,0
star/j175624+371500,91 Her,0
star/j175624+371500,Theta Herculis,0
star/j175624+371500,θ Her,0
star/j175736+291500,92 Her,0
star/j175736+291500,Xi Herculis,0
star/j175736+291500,ξ Her,0
star/j175848+301124,94 Her,0
star/j175848+301124,Nu Herculis,0
star/j175848+301124,ν Her,0
star/j175848-094612,64 Oph,0
star/j175848-094612,Nu Ophiuchi,0
star/j175848-094612,ν Oph,0
star/j180000+042212,66 Oph,0
star/j180000+164500,93 Her,0
star/j180000-234912,4 Sgr,0
star/j180036+025548,67 Oph,0
star/j180036-034124,57 Ser,0
star/j180036-034124,Zeta Serpentis,0
star/j180036-034124,ζ Ser,0
star/j180148+011836,68 Oph,0
star/j180224+204948,96 Her,0
star/j180300-081048-2,69 Oph,0
star/j180300-081048-2,Tau Ophiuchi,0
star/j180300-081048-2,τ Oph,0
star/j180300-241648,7 Sgr,0
star/j180336-242136,9 Sgr,0
star/j180448-293448,Gamma1 Sagittarii,0
star/j180448-293448,γ1 Sgr,0
star/j180524+023000,70 Oph,0
star/j180600+221312,98 Her,0
star/j180600-302512,10 Sgr,0
star/j180600-302512,Gamma2 Sagittarii,0
star/j180600-302512,γ2 Sgr,0
star/j180636-500524,Theta Arae,0
star/j180636-500524,θ Ara,0
star/j180712+084348,71 Oph,0
star/j180712+093336,72 Oph,0
star/j180712+303336,99 Her,0
star/j180748+284536,103 Her,0
star/j180748+284536,Omicron Herculis,0
star/j180748+284536,ο Her,0
star/j180824-634012,Pi Pavonis,0
star/j180824-634012,π Pav,0
star/j180900+200300,101 Her,0
star/j180900+204836,102 Her,0
star/j180936+035924,73 Oph,0
star/j181012-620000,Iota Pavonis,0
star/j181012-620000,ι Pav,0
star/j181124-455700,Epsilon Telescopii,0
star/j181124-455700,ε Tel,0
star/j181200+312436,104 Her,0
star/j181200-234200,11 Sgr,0
star/j181348+642400,36 Dra,0
star/j181348-210336,13 Sgr,0
star/j181348-210336,Mu Sagittarii,0
star/j181348-210336,μ Sgr,0
star/j181424-214236,14 Sgr,0
star/j181500+684536,37 Dra,0
star/j181500-202324,16 Sgr,0
star/j181500-204348,15 Sgr,0
star/j181724-364536,Eta Sagittarii,0
star/j181724-364536,η Sgr,0
star/j181912+242700,105 Her,0
star/j181948+360336,1 Lyr,0
star/j181948+360336,Kappa Lyrae,0
star/j181948+360336,κ Lyr,0
star/j182024+215736,106 Her,0
star/j182100+032248,74 Oph,0
star/j182100+285212,107 Her,0
star/j182100+295136,108 Her,0
star/j182100+712024,43 Dra,0
star/j182100+712024,Phi Draconis,0
star/j182100+712024,φ Dra,0
star/j182100+724348,44 Dra,0
star/j182100+724348,Chi Draconis,0
star/j182100+724348,χ Dra,0
star/j182100-294948,19 Sgr,0
star/j182100-294948,Delta Sagittarii,0
star/j182100-294948,δ Sgr,0
star/j182136-025400,58 Ser,0
star/j182136-025400,Eta Serpentis,0
star/j182136-025400,η Ser,0
star/j182324+214612,109 Her,0
star/j182324-085548,Zeta Scuti,0
star/j182324-085548,ζ Sct,0
star/j182324-612924,Xi Pavonis,0
star/j182324-612924,ξ Pav,0
star/j182324-750224,Phi Octantis,0
star/j182324-750224,φ Oct,0
star/j182400+393036,2 Lyr,0
star/j182400+393036,Mu Lyrae,0
star/j182400+393036,μ Lyr,0
star/j182400+584800,39 Dra,0
star/j182512-203224,21 Sgr,0
star/j182512-304536,18 Sgr,0
star/j182548+653336,42 Dra,0
star/j182700+001200,59 Ser,0
star/j182700-455812,Alpha Telescopii,0
star/j182700-455812,α Tel,0
star/j182812-252512,22 Sgr,0
star/j182812-252512,Lambda Sagittarii,0
star/j182812-252512,λ Sgr,0
star/j182848-490412,Zeta Telescopii,0
star/j182848-490412,ζ Tel,0
star/j182924-015924,60 Ser,0
star/j182924-143412,Gamma Scuti,0
star/j182924-143412,γ Sct,0
star/j183112-621648,Nu Pavonis,0
star/j183112-621648,ν Pav,0
star/j183148-010000,61 Ser,0
star/j183148-454536,Delta2 Telescopii,0
star/j183148-454536,δ2 Tel,0
star/j183148-455436,Delta1 Telescopii,0
star/j183148-455436,δ1 Tel,0
star/j183224+570300,45 Dra,0
star/j183336-240148,24 Sgr,0
star/j183336-384348,Kappa2 Coronae Australis,0
star/j183336-384348,κ2 CrA,0
star/j183336-421836,Theta Coronae Australis,0
star/j183336-421836,θ CrA,0
star/j183524-081424,Alpha Scuti,0
star/j183524-081424,α Sct,0
star/j184200-090300,Delta Scuti,0
star/j184200-090300,δ Sct,0
star/j184236+553224,46 Dra,0
star/j184312-712548,Zeta Pavonis,0
star/j184312-712548,ζ Pav,0
star/j184348-081648,Epsilon Scuti,0
star/j184348-081648,ε Sct,0
star/j184348-381912,Lambda Coronae Australis,0
star/j184348-381912,λ CrA,0
star/j184424+393636,5 Lyr,0
star/j184424+393636,Epsilon2 Lyrae,0
star/j184424+393636,ε2 Lyr,0
star/j184500+020336,4 Aql,0
star/j184500+373524,7 Lyr,0
star/j184500+373524,Zeta2 Lyrae,0
star/j184500+373524,ζ2 Lyr,0
star/j184500+373636,6 Lyr,0
star/j184500+373636,Zeta1 Lyrae,0
star/j184500+373636,ζ1 Lyr,0
star/j184536+203300,110 Her,0
star/j184536-265924,27 Sgr,0
star/j184536-265924,Phi Sagittarii,0
star/j184536-265924,φ Sgr,0
star/j184612+752548,50 Dra,0
star/j184612-005736,5 Aql,0
star/j184612-222324,28 Sgr,0
star/j184648+181048,111 Her,0
star/j184724-044500,Beta Scuti,0
star/j184724-044500,β Sct,0
star/j184800-402436,Mu Coronae Australis,0
star/j184800-402436,μ CrA,0
star/j184836-434048,Eta1 Coronae Australis,0
star/j184836-434048,η1 CrA,0
star/j184836-650448,Theta Pavonis,0
star/j184836-650448,θ Pav,0
star/j184948+323300,9 Lyr,0
star/j184948+323300,Nu2 Lyrae,0
star/j184948+323300,ν2 Lyr,0
star/j184948+324836,8 Lyr,0
star/j184948+324836,Nu1 Lyrae,0
star/j184948+324836,ν1 Lyr,0
star/j184948+332136,10 Lyr,0
star/j184948+332136,Beta Lyrae,0
star/j184948+332136,β Lyr,0
star/j184948-201912,29 Sgr,0
star/j184948-432548,Eta2 Coronae Australis,0
star/j184948-432548,η2 CrA,0
star/j185100+592324,47 Dra,0
star/j185100+592324,Omicron Draconis,0
star/j185100+592324,ο Dra,0
star/j185136-031912,8 Aql,0
star/j185212+212548,112 Her,0
star/j185212-621124,Lambda Pavonis,0
star/j185212-621124,λ Pav,0
star/j185248-520636,Kappa Telescopii,0
star/j185248-520636,κ Tel,0
star/j185400+365812,11 Lyr,0
star/j185400+365812,Delta1 Lyrae,0
star/j185400+365812,δ1 Lyr,0
star/j185400-212136,33 Sgr,0
star/j185400-224424,32 Sgr,0
star/j185400-224424,Nu1 Sagittarii,0
star/j185400-224424,ν1 Sgr,0
star/j185436+223900,113 Her,0
star/j185436+365400,12 Lyr,0
star/j185436+365400,Delta2 Lyrae,0
star/j185436+365400,δ2 Lyr,0
star/j185436+711800,52 Dra,0
star/j185436+711800,Upsilon Draconis,0
star/j185436+711800,υ Dra,0
star/j185436-873636,Chi Octantis,0
star/j185436-873636,χ Oct,0
star/j185512+435700,13 Lyr,0
star/j185512-224012,35 Sgr,0
star/j185512-224012,Nu2 Sagittarii,0
star/j185512-224012,ν2 Sgr,0
star/j185700+023224,64 Ser,0
star/j185700+574836,48 Dra,0
star/j185700-055100,Eta Scuti,0
star/j185700-055100,η Sct,0
star/j185700-671348,Kappa Pavonis,0
star/j185700-671348,κ Pav,0
star/j185736-203936,36 Sgr,0
star/j185736-203936,Xi1 Sagittarii,0
star/j185736-203936,ξ1 Sgr,0
star/j185736-210636,37 Sgr,0
star/j185736-210636,Xi2 Sagittarii,0
star/j185736-210636,ξ2 Sgr,0
star/j185812-525624,Lambda Telescopii,0
star/j185812-525624,λ Tel,0
star/j185848+133712,11 Aql,0
star/j185848+135436,10 Aql,0
star/j185848+324124,14 Lyr,0
star/j185848+324124,Gamma Lyrae,0
star/j185848+324124,γ Lyr,0
star/j185848-370636,Epsilon Coronae Australis,0
star/j185848-370636,ε CrA,0
star/j185848-601200,Omega Pavonis,0
star/j185848-601200,ω Pav,0
star/j185924+150412,13 Aql,0
star/j185924+150412,Epsilon Aquilae,0
star/j185924+150412,ε Aql,0
star/j190000+320900,15 Lyr,0
star/j190000+320900,Lambda Lyrae,0
star/j190000+320900,λ Lyr,0
star/j190036+553936,49 Dra,0
star/j190112+465624,16 Lyr,0
star/j190148-054424,12 Aql,0
star/j190224-295248,38 Sgr,0
star/j190224-295248,Zeta Sagittarii,0
star/j190224-295248,ζ Sgr,0
star/j190300-034200,14 Aql,0
star/j190300-420524,Zeta Coronae Australis,0
star/j190300-420524,ζ CrA,0
star/j190448+532400,51 Dra,0
star/j190448-040148,15 Aql,0
star/j190448-214424,39 Sgr,0
star/j190448-214424,Omicron Sagittarii,0
star/j190448-214424,ο Sgr,0
star/j190524+135136,17 Aql,0
star/j190524+135136,Zeta Aquilae,0
star/j190524+135136,ζ Aql,0
star/j190600-045248,16 Aql,0
star/j190600-045248,Lambda Aquilae,0
star/j190600-045248,λ Aql,0
star/j190636-522024,Rho Telescopii,0
star/j190636-522024,ρ Tel,0
star/j190712+110412,18 Aql,0
star/j190712+323000,17 Lyr,0
star/j190712+360600,18 Lyr,0
star/j190712+360600,Iota Lyrae,0
star/j190712+360600,ι Lyr,0
star/j190712-274012,40 Sgr,0
star/j190712-274012,Tau Sagittarii,0
star/j190712-274012,τ Sgr,0
star/j190824-403000,Delta Coronae Australis,0
star/j190824-403000,δ CrA,0
star/j190900+060412,19 Aql,0
star/j190900+763336,59 Dra,0
star/j190936-210112,41 Sgr,0
star/j190936-210112,Pi Sagittarii,0
star/j190936-210112,π Sgr,0
star/j190936-375400,Alpha Coronae Australis,0
star/j190936-375400,α CrA,0
star/j191012-392024,Beta Coronae Australis,0
star/j191012-392024,β CrA,0
star/j191124+565136,53 Dra,0
star/j191200+311648,19 Lyr,0
star/j191236+673936,57 Dra,0
star/j191236+673936,Delta Draconis,0
star/j191236+673936,δ Dra,0
star/j191236-075624,20 Aql,0
star/j191348+021724,21 Aql,0
star/j191348+390900,20 Lyr,0
star/j191348+390900,Eta Lyrae,0
star/j191348+390900,η Lyr,0
star/j191348+574236,54 Dra,0
star/j191500+211348,1 Sge,0
star/j191536+732136,60 Dra,0
star/j191536+732136,Tau Draconis,0
star/j191536+732136,τ Dra,0
star/j191536-251536,42 Sgr,0
star/j191536-251536,Psi Sagittarii,0
star/j191536-251536,ψ Sgr,0
star/j191612+212324,1 Vul,0
star/j191612+380748,21 Lyr,0
star/j191612+380748,Theta Lyrae,0
star/j191612+380748,θ Lyr,0
star/j191648+044948,22 Aql,0
star/j191724+532212,1 Cyg,0
star/j191724+532212,Kappa Cygni,0
star/j191724+532212,κ Cyg,0
star/j191724-185700,43 Sgr,0
star/j191800+113600,25 Aql,0
star/j191800+113600,Omega1 Aquilae,0
star/j191800+113600,ω1 Aql,0
star/j191800+230148,2 Vul,0
star/j191836+010524,23 Aql,0
star/j191948+113148,29 Aql,0
star/j191948+113148,Omega2 Aquilae,0
star/j191948+113148,ω2 Aql,0
star/j191948+122212,28 Aql,0
star/j192024+654236,58 Dra,0
star/j192024+654236,Pi Draconis,0
star/j192024+654236,π Dra,0
star/j192024-005324,27 Aql,0
star/j192024-052512,26 Aql,0
star/j192136-155736,46 Sgr,0
star/j192136-155736,Upsilon Sagittarii,0
star/j192136-155736,υ Sgr,0
star/j192136-175100,44 Sgr,0
star/j192136-175100,Rho1 Sagittarii,0
star/j192136-175100,ρ1 Sgr,0
star/j192136-181836,45 Sgr,0
star/j192136-181836,Rho2 Sagittarii,0
star/j192136-181836,ρ2 Sgr,0
star/j192248+261536,3 Vul,0
star/j192248-442736,Beta1 Sagittarii,0
star/j192248-442736,β1 Sgr,0
star/j192248-542512,Eta Telescopii,0
star/j192248-542512,η Tel,0
star/j192324-444800,Beta2 Sagittarii,0
star/j192324-444800,β2 Sgr,0
star/j192400+293712,2 Cyg,0
star/j192400-403712,Alpha Sagittarii,0
star/j192400-403712,α Sgr,0
star/j192512+030636,30 Aql,0
star/j192512+030636,Delta Aquilae,0
star/j192512+030636,δ Aql,0
star/j192512+115624,31 Aql,0
star/j192512+194800,4 Vul,0
star/j192512-235736,49 Sgr,0
star/j192512-235736,Chi3 Sagittarii,0
star/j192512-235736,χ3 Sgr,0
star/j192512-243036,47 Sgr,0
star/j192512-243036,Chi1 Sagittarii,0
star/j192512-243036,χ1 Sgr,0
star/j192624+002024,32 Aql,0
star/j192624+002024,Nu Aquilae,0
star/j192624+002024,ν Aql,0
star/j192624+200600,5 Vul,0
star/j192624+361912,4 Cyg,0
star/j192624-214648,50 Sgr,0
star/j192736+521912,7 Cyg,0
star/j192736+521912,Iota1 Cygni,0
star/j192736+521912,ι1 Cyg,0
star/j192848+015700,35 Aql,0
star/j192848+244012,6 Vul,0
star/j192848+244012,Alpha Vulpeculae,0
star/j192848+244012,α Vul,0
star/j192848+244612,8 Vul,0
star/j193000+514348,10 Cyg,0
star/j193000+514348,Iota2 Cygni,0
star/j193000+514348,ι2 Cyg,0
star/j193036+275736,6 Cyg,0
star/j193036+275736,Beta1 Cygni,0
star/j193036+275736,β1 Cyg,0
star/j193036+275812,Beta2 Cygni,0
star/j193036+275812,β2 Cyg,0
star/j193036-024724,36 Aql,0
star/j193148+342700,8 Cyg,0
star/j193224+694012,61 Dra,0
star/j193224+694012,Sigma Draconis,0
star/j193224+694012,σ Dra,0
star/j193412+072248,38 Aql,0
star/j193412+072248,Mu Aquilae,0
star/j193412+072248,μ Aql,0
star/j193448+194612,9 Vul,0
star/j193448+292736,9 Cyg,0
star/j193524-103336,37 Aql,0
star/j193524-480600,Iota Telescopii,0
star/j193524-480600,ι Tel,0
star/j193600+365624,11 Cyg,0
star/j193600-244312,51 Sgr,0
star/j193636+501312,13 Cyg,0
star/j193636+501312,Theta Cygni,0
star/j193636+501312,θ Cyg,0
star/j193636-011724,41 Aql,0
star/j193636-011724,Iota Aquilae,0
star/j193636-011724,ι Aql,0
star/j193636-070148,39 Aql,0
star/j193636-070148,Kappa Aquilae,0
star/j193636-070148,κ Aql,0
star/j193636-245248,52 Sgr,0
star/j193712+162736,4 Sge,0
star/j193712+162736,Epsilon Sagittae,0
star/j193712+162736,ε Sge,0
star/j193748-043900,42 Aql,0
star/j193900+052400,44 Aql,0
star/j193900+052400,Sigma Aquilae,0
star/j193900+052400,σ Aql,0
star/j193936+300900,12 Cyg,0
star/j193936+300900,Phi Cygni,0
star/j193936+300900,φ Cyg,0
star/j193936+424912,14 Cyg,0
star/j194012+180036,5 Sge,0
star/j194012+180036,Alpha Sagittae,0
star/j194012+180036,α Sge,0
star/j194048+172848,6 Sge,0
star/j194048+172848,Beta Sagittae,0
star/j194048+172848,β Sge,0
star/j194048-003712,45 Aql,0
star/j194236+114948,47 Aql,0
star/j194236+114948,Chi Aquilae,0
star/j194236+114948,χ Aql,0
star/j194236-160712,55 Sgr,0
star/j194348+254612,10 Vul,0
star/j194424+372100,15 Cyg,0
star/j194500+450748,18 Cyg,0
star/j194500+450748,Delta Cygni,0
star/j194500+450748,δ Cyg,0
star/j194536+073636,49 Aql,0
star/j194536+073636,Upsilon Aquilae,0
star/j194536+073636,υ Aql,0
star/j194612+103636,50 Aql,0
star/j194612+103636,Gamma Aquilae,0
star/j194612+103636,γ Aql,0
star/j194612+334348,17 Cyg,0
star/j194612-194536,56 Sgr,0
star/j194724+183148,7 Sge,0
star/j194724+183148,Delta Sagittae,0
star/j194724+183148,δ Sge,0
star/j194800+701612,63 Dra,0
star/j194800+701612,Epsilon Draconis,0
star/j194800+701612,ε Dra,0
star/j194800-562136,Nu Telescopii,0
star/j194800-562136,ν Tel,0
star/j194836+114912,52 Aql,0
star/j194836+114912,Pi Aquilae,0
star/j194836+114912,π Aql,0
star/j194912+190824,8 Sge,0
star/j194912+190824,Zeta Sagittae,0
star/j194912+190824,ζ Sge,0
star/j195024+384312,19 Cyg,0
star/j195024+525924,20 Cyg,0
star/j195100+102512,54 Aql,0
star/j195100+102512,Omicron Aquilae,0
star/j195100+102512,ο Aql,0
star/j195100+223636,12 Vul,0
star/j195100-104536,51 Aql,0
star/j195212+010036,55 Aql,0
star/j195212+010036,Eta Aquilae,0
star/j195212+010036,η Aql,0
star/j195212-190224,57 Sgr,0
star/j195324+240448,13 Vul,0
star/j195324+573112,23 Cyg,0
star/j195400+082736,59 Aql,0
star/j195400+082736,Xi Aquilae,0
star/j195400+082736,ξ Aql,0
star/j195400-083412,56 Aql,0
star/j195436+001612,58 Aql,0
star/j195436-081348,57 Aql,0
star/j195512+062436,60 Aql,0
star/j195512+062436,Beta Aquilae,0
star/j195512+062436,β Aql,0
star/j195512-415212,Iota Sagittarii,0
star/j195512-415212,ι Sgr,0
star/j195548+163748,10 Sge,0
star/j195548+382924,22 Cyg,0
star/j195548+522624,24 Cyg,0
star/j195548+522624,Psi Cygni,0
star/j195548+522624,ψ Cyg,0
star/j195548-261800,58 Sgr,0
star/j195548-261800,Omega Sagittarii,0
star/j195548-261800,ω Sgr,0
star/j195624+112512,61 Aql,0
star/j195624+112512,Phi Aquilae,0
star/j195624+112512,φ Aql,0
star/j195624+350448,21 Cyg,0
star/j195624+350448,Eta Cygni,0
star/j195624+350448,η Cyg,0
star/j195700-271012,59 Sgr,0
star/j195736+164724,11 Sge,0
star/j195812-152924,61 Sgr,0
star/j195848+192924,12 Sge,0
star/j195848+192924,Gamma Sagittae,0
star/j195848+192924,γ Sge,0
star/j195848-261200,60 Sgr,0
star/j195924+230600,14 Vul,0
star/j200000+173112,13 Sge,0
star/j200000+370224,25 Cyg,0
star/j200000-344200,Theta2 Sagittarii,0
star/j200000-344200,θ2 Sgr,0
star/j200000-351648,Theta1 Sagittarii,0
star/j200000-351648,θ1 Sgr,0
star/j200036-665700,Mu1 Pavonis,0
star/j200036-665700,μ1 Pav,0
star/j200036-725436,Epsilon Pavonis,0
star/j200036-725436,ε Pav,0
star/j200112+274500,15 Vul,0
star/j200112+500600,26 Cyg,0
star/j200112+644912,64 Dra,0
star/j200148+245624,16 Vul,0
star/j200148-133824,63 Sgr,0
star/j200148-665624,Mu2 Pavonis,0
star/j200148-665624,μ2 Pav,0
star/j200224-274236,62 Sgr,0
star/j200300+675212,67 Dra,0
star/j200300+675212,Rho Draconis,0
star/j200300+675212,ρ Dra,0
star/j200412+071648,63 Aql,0
star/j200412+071648,Tau Aquilae,0
star/j200412+071648,τ Aql,0
star/j200412+170412,15 Sge,0
star/j200412-004236,62 Aql,0
star/j200524+195924,16 Sge,0
star/j200524+195924,Eta Sagittae,0
star/j200524+195924,η Sge,0
star/j200524+620000,66 Dra,0
star/j200636+233636,17 Vul,0
star/j200636+355812,27 Cyg,0
star/j200712-525248,Xi Telescopii,0
star/j200712-525248,ξ Tel,0
star/j200748-004048,64 Aql,0
star/j200824-661048,Delta Pavonis,0
star/j200824-661048,δ Pav,0
star/j200900+774236,1 Cep,0
star/j200900+774236,Kappa Cephei,0
star/j200900+774236,κ Cep,0
star/j200936+365024,28 Cyg,0
star/j201048+265400,18 Vul,0
star/j201124+620448,68 Dra,0
star/j201124-004912,65 Aql,0
star/j201124-004912,Theta Aquilae,0
star/j201124-004912,θ Aql,0
star/j201200+262848,20 Vul,0
star/j201200+264836,19 Vul,0
star/j201236-123712,2 Cap,0
star/j201236-123712,Xi2 Capricorni,0
star/j201236-123712,ξ2 Cap,0
star/j201312+464912,30 Cyg,0
star/j201312+563412,33 Cyg,0
star/j201312-010036,66 Aql,0
star/j201348+464424,31 Cyg,0
star/j201424+151200,67 Aql,0
star/j201424+151200,Rho Aquilae,0
star/j201424+151200,ρ Aql,0
star/j201424+284124,21 Vul,0
star/j201424+364836,29 Cyg,0
star/j201536+233036,22 Vul,0
star/j201536+274836,23 Vul,0
star/j201536+474236,32 Cyg,0
star/j201612+213600,18 Sge,0
star/j201648+244012,24 Vul,0
star/j201800+380148,34 Cyg,0
star/j201800-123224,6 Cap,0
star/j201800-123224,Alpha2 Capricorni,0
star/j201800-123224,α2 Cap,0
star/j201800-214836,4 Cap,0
star/j201836+345848,35 Cyg,0
star/j201836+370000,36 Cyg,0
star/j201912-190712,7 Cap,0
star/j201912-190712,Sigma Capricorni,0
star/j201912-190712,σ Cap,0
star/j201948+621536,71 Dra,0
star/j202024-124536,8 Cap,0
star/j202024-124536,Nu Capricorni,0
star/j202024-124536,ν Cap,0
star/j202100-144648,9 Cap,0
star/j202100-144648,Beta Capricorni,0
star/j202100-144648,β Cap,0
star/j202212+242700,25 Vul,0
star/j202212+401536,37 Cyg,0
star/j202212+401536,Gamma Cygni,0
star/j202212+401536,γ Cyg,0
star/j202212-420300,Kappa1 Sagittarii,0
star/j202212-420300,κ1 Sgr,0
star/j202400+321124,39 Cyg,0
star/j202400-422512,Kappa2 Sagittarii,0
star/j202400-422512,κ2 Sgr,0
star/j202548-564348,Alpha Pavonis,0
star/j202548-564348,α Pav,0
star/j202700+492248,43 Cyg,0
star/j202736+382624,40 Cyg,0
star/j202736-181236,10 Cap,0
star/j202736-181236,Pi Capricorni,0
star/j202736-181236,π Cap,0
star/j202812+812512,75 Dra,0
star/j202812-032136,68 Aql,0
star/j202848-174836,11 Cap,0
star/j202848-174836,Rho Capricorni,0
star/j202848-174836,ρ Cap,0
star/j202924+302212,41 Cyg,0
star/j202924+362700,42 Cyg,0
star/j202924+625924,2 Cep,0
star/j202924+625924,Theta Cephei,0
star/j202924+625924,θ Cep,0
star/j202924+810524,74 Dra,0
star/j202924-025324,69 Aql,0
star/j203000+105400,1 Del,0
star/j203000+485700,45 Cyg,0
star/j203000+485700,Omega1 Cygni,0
star/j203000+485700,ω1 Cyg,0
star/j203000-183448,12 Cap,0
star/j203000-183448,Omicron Capricorni,0
star/j203000-183448,ο Cap,0
star/j203112+491312,46 Cyg,0
star/j203112+491312,Omega2 Cygni,0
star/j203112+491312,ω2 Cyg,0
star/j203148+745700,73 Dra,0
star/j203300+111800,2 Del,0
star/j203300+111800,Epsilon Delphini,0
star/j203300+111800,ε Del,0
star/j203412+130148,3 Del,0
star/j203412+130148,Eta Delphini,0
star/j203412+130148,η Del,0
star/j203412+351500,47 Cyg,0
star/j203412-443112,Nu Microscopii,0
star/j203412-443112,ν Mic,0
star/j203524+144012,4 Del,0
star/j203524+144012,Zeta Delphini,0
star/j203524+144012,ζ Del,0
star/j203524-603448,Phi1 Pavonis,0
star/j203524-603448,φ1 Pav,0
star/j203636-023300,70 Aql,0
star/j203712+262736,27 Vul,0
star/j203748+112248,5 Del,0
star/j203748+112248,Iota Delphini,0
star/j203748+112248,ι Del,0
star/j203748+143600,6 Del,0
star/j203748+143600,Beta Delphini,0
star/j203748+143600,β Del,0
star/j203748-471724,Alpha Indi,0
star/j203748-471724,α Ind,0
star/j203748-613148,Rho Pavonis,0
star/j203748-613148,ρ Pav,0
star/j203824+211200,29 Vul,0
star/j203824+240712,28 Vul,0
star/j203824-010636,71 Aql,0
star/j203900+100524,7 Del,0
star/j203900+100524,Kappa Delphini,0
star/j203900+100524,κ Del,0
star/j203900+131912,8 Del,0
star/j203900+131912,Theta Delphini,0
star/j203900+131912,θ Del,0
star/j203900-145700,14 Cap,0
star/j203900-145700,Tau Capricorni,0
star/j203900-145700,τ Cap,0
star/j203936+002924,1 Aqr,0
star/j203936+155436,9 Del,0
star/j203936+155436,Alpha Delphini,0
star/j203936+155436,α Del,0
star/j204012-180824,15 Cap,0
star/j204012-180824,Upsilon Capricorni,0
star/j204012-180824,υ Cap,0
star/j204012-603300,Phi2 Pavonis,0
star/j204012-603300,φ2 Pav,0
star/j204048+321836,49 Cyg,0
star/j204124+143448,10 Del,0
star/j204200+502024,51 Cyg,0
star/j204200-664536,Upsilon Pavonis,0
star/j204200-664536,υ Pav,0
star/j204200-761048,Mu1 Octantis,0
star/j204200-761048,μ1 Oct,0
star/j204236+823148,76 Dra,0
star/j204312+150412,11 Del,0
star/j204312+150412,Delta Delphini,0
star/j204312+150412,δ Del,0
star/j204312+663936,4 Cep,0
star/j204348-515512,Eta Indi,0
star/j204348-515512,η Ind,0
star/j204500+251612,30 Vul,0
star/j204500+615024,3 Cep,0
star/j204500+615024,Eta Cephei,0
star/j204500+615024,η Cep,0
star/j204500-661200,Beta Pavonis,0
star/j204500-661200,β Pav,0
star/j204536+304312,52 Cyg,0
star/j204612+335812,53 Cyg,0
star/j204612+335812,Epsilon Cygni,0
star/j204612+335812,ε Cyg,0
star/j204612-213036,17 Cap,0
star/j204612-251612,16 Cap,0
star/j204612-251612,Psi Capricorni,0
star/j204612-251612,ψ Cap,0
star/j204648+160712,12 Del,0
star/j204648+160712,Gamma2 Delphini,0
star/j204648+160712,γ2 Del,0
star/j204648+160712-2,Gamma1 Delphini,0
star/j204648+160712-2,γ1 Del,0
star/j204724+362924,54 Cyg,0
star/j204724+362924,Lambda Cygni,0
star/j204724+362924,λ Cyg,0
star/j204724-093000,2 Aqr,0
star/j204724-093000,Epsilon Aquarii,0
star/j204724-093000,ε Aqr,0
star/j204800+060036,13 Del,0
star/j204800-050148,3 Aqr,0
star/j204836-435924,Iota Microscopii,0
star/j204836-435924,ι Mic,0
star/j204912+460636,55 Cyg,0
star/j204912-461348,Zeta Indi,0
star/j204912-461348,ζ Ind,0
star/j204912-684648,Sigma Pavonis,0
star/j204912-684648,σ Pav,0
star/j204948+123224,15 Del,0
star/j204948+440336,56 Cyg,0
star/j204948-334648,Alpha Microscopii,0
star/j204948-334648,α Mic,0
star/j205136-053748,4 Aqr,0
star/j205136-265512,18 Cap,0
star/j205136-265512,Omega Capricorni,0
star/j205136-265512,ω Cap,0
star/j205136-513636,Iota Indi,0
star/j205136-513636,ι Ind,0
star/j205212+270600,31 Vul,0
star/j205212-053036,5 Aqr,0
star/j205212-331048,Beta Microscopii,0
star/j205212-331048,β Mic,0
star/j205248-085848,6 Aqr,0
star/j205248-085848,Mu Aquarii,0
star/j205248-085848,μ Aqr,0
star/j205324+442324,57 Cyg,0
star/j205436+280336,32 Vul,0
star/j205436-175512,19 Cap,0
star/j205436-582700,Beta Indi,0
star/j205436-582700,β Ind,0
star/j205548+123412,16 Del,0
star/j205548+134312,17 Del,0
star/j205700+411012,58 Cyg,0
star/j205700+411012,Nu Cygni,0
star/j205700+411012,ν Cyg,0
star/j205700-094200,7 Aqr,0
star/j205812+105024,18 Del,0
star/j205812+221948,33 Vul,0
star/j210000+473112,59 Cyg,0
star/j210112+460936,60 Cyg,0
star/j210112-321536,Gamma Microscopii,0
star/j210112-321536,γ Mic,0
star/j210300-383748,Zeta Microscopii,0
star/j210300-383748,ζ Mic,0
star/j210412-054912,12 Aqr,0
star/j210412-195100,22 Cap,0
star/j210412-195100,Eta Capricorni,0
star/j210412-195100,η Cap,0
star/j210448+053000,3 Equ,0
star/j210448+435548,62 Cyg,0
star/j210448+435548,Xi Cygni,0
star/j210448+435548,ξ Cyg,0
star/j210448-770112,Alpha Octantis,0
star/j210448-770112,α Oct,0
star/j210524+055736,4 Equ,0
star/j210524-544348,Mu Indi,0
star/j210524-544348,μ Ind,0
star/j210600-171348,23 Cap,0
star/j210600-171348,Theta Capricorni,0
star/j210600-171348,θ Cap,0
star/j210600-300712,Delta Microscopii,0
star/j210600-300712,δ Mic,0
star/j210636+384424,61 Cyg,0
star/j210636+473900,63 Cyg,0
star/j210636-412324,Eta Microscopii,0
star/j210636-412324,η Mic,0
star/j210712-250036,24 Cap,0
star/j210824-211124,25 Cap,0
star/j210824-211124,Chi Capricorni,0
star/j210824-211124,χ Cap,0
star/j210900-885736,Sigma Octantis,0
star/j210900-885736,σ Oct,0
star/j210936-112212,13 Aqr,0
star/j210936-112212,Nu Aquarii,0
star/j210936-112212,ν Aqr,0
star/j211012+100748,5 Equ,0
star/j211012+100748,Gamma Equulei,0
star/j211012+100748,γ Equ,0
star/j211048+100300,6 Equ,0
star/j211312+301348,64 Cyg,0
star/j211312+301348,Zeta Cygni,0
star/j211312+301348,ζ Cyg,0
star/j211312-700748,Omicron Pavonis,0
star/j211312-700748,ο Pav,0
star/j211424+100036,7 Equ,0
star/j211424+100036,Delta Equulei,0
star/j211424+100036,δ Equ,0
star/j211500+380224,65 Cyg,0
star/j211500+380224,Tau Cygni,0
star/j211500+380224,τ Cyg,0
star/j211536+051500,8 Equ,0
star/j211536+051500,Alpha Equulei,0
star/j211536+051500,α Equ,0
star/j211536-151012,29 Cap,0
star/j211536-203900,28 Cap,0
star/j211536-203900,Phi Capricorni,0
star/j211536-203900,φ Cap,0
star/j211724+392324,67 Cyg,0
star/j211724+392324,Sigma Cygni,0
star/j211724+392324,σ Cyg,0
star/j211800+345400,66 Cyg,0
star/j211800+345400,Upsilon Cygni,0
star/j211800+345400,υ Cyg,0
star/j211800-043112,15 Aqr,0
star/j211800-175924,30 Cap,0
star/j211800-321012,Epsilon Microscopii,0
star/j211800-321012,ε Mic,0
star/j211836+435700,68 Cyg,0
star/j211912+645212,6 Cep,0
star/j211948-532700,Theta Indi,0
star/j211948-532700,θ Ind,0
star/j212100+072100,9 Equ,0
star/j212100-043336,16 Aqr,0
star/j212100-404836,Theta1 Microscopii,0
star/j212100-404836,θ1 Mic,0
star/j212212+194800,1 Peg,0
star/j212212-164948,32 Cap,0
star/j212212-164948,Iota Capricorni,0
star/j212212-164948,ι Cap,0
star/j212248+064836,10 Equ,0
star/j212248+064836,Beta Equulei,0
star/j212248+064836,β Equ,0
star/j212248-091912,17 Aqr,0
star/j212400-125248,18 Aqr,0
star/j212400-205100,33 Cap,0
star/j212436-410036,Theta2 Microscopii,0
star/j212436-410036,θ2 Mic,0
star/j212512-033336,21 Aqr,0
star/j212512-094500,19 Aqr,0
star/j212548+364012,69 Cyg,0
star/j212624-222436,34 Cap,0
star/j212624-222436,Zeta Capricorni,0
star/j212624-222436,ζ Cap,0
star/j212624-543936,Gamma Indi,0
star/j212624-543936,γ Ind,0
star/j212624-652212,Gamma Pavonis,0
star/j212624-652212,γ Pav,0
star/j212700-211200,35 Cap,0
star/j212736+273636,35 Vul,0
star/j212736+370712,70 Cyg,0
star/j212736+664836,7 Cep,0
star/j212848+703336,8 Cep,0
star/j212848+703336,Beta Cephei,0
star/j212848+703336,β Cep,0
star/j212848-214836,36 Cap,0
star/j212924+463224,71 Cyg,0
star/j213000+233824,2 Peg,0
star/j213148-053412,22 Aqr,0
star/j213148-053412,Beta Aquarii,0
star/j213148-053412,β Aqr,0
star/j213148-411048,Xi Gruis,0
star/j213148-411048,ξ Gru,0
star/j213224-335624,6 PsA,0
star/j213412+453524,73 Cyg,0
star/j213412+453524,Rho Cygni,0
star/j213412+453524,ρ Cyg,0
star/j213448+383148,72 Cyg,0
star/j213448-200448,37 Cap,0
star/j213600-261012,8 PsA,0
star/j213636-330300,7 PsA,0
star/j213712+402436,74 Cyg,0
star/j213712-192812,39 Cap,0
star/j213712-192812,Epsilon Capricorni,0
star/j213712-192812,ε Cap,0
star/j213748+191912,5 Peg,0
star/j213748+620448,9 Cep,0
star/j213748-075100,23 Aqr,0
star/j213748-075100,Xi Aquarii,0
star/j213748-075100,ξ Aqr,0
star/j213824+054612,4 Peg,0
star/j213936+021424,25 Aqr,0
star/j214012+431612,75 Cyg,0
star/j214012-163936,40 Cap,0
star/j214012-163936,Gamma Capricorni,0
star/j214012-163936,γ Cap,0
star/j214124+404836,76 Cyg,0
star/j214124-140300,42 Cap,0
star/j214124-772324,Nu Octantis,0
star/j214124-772324,ν Oct,0
star/j214200+011724,26 Aqr,0
star/j214200+054048,7 Peg,0
star/j214200+511124,80 Cyg,0
star/j214200+511124,Pi1 Cygni,0
star/j214200+511124,π1 Cyg,0
star/j214200+711836,11 Cep,0
star/j214200-231536,41 Cap,0
star/j214236+410448,77 Cyg,0
star/j214236-185212,43 Cap,0
star/j214236-185212,Kappa Capricorni,0
star/j214236-185212,κ Cap,0
star/j214312+381648,79 Cyg,0
star/j214312-142400,44 Cap,0
star/j214348+584648,Mu Cephei,0
star/j214348+584648,μ Cep,0
star/j214348-144500,45 Cap,0
star/j214424+172100,9 Peg,0
star/j214424+253900,10 Peg,0
star/j214424+253900,Kappa Pegasi,0
star/j214424+253900,κ Peg,0
star/j214424+284424,78 Cyg,0
star/j214424+284424,Mu1 Cygni,0
star/j214424+284424,μ1 Cyg,0
star/j214424+284500,Mu2 Cygni,0
star/j214424+284500,μ2 Cyg,0
star/j214500-090448,46 Cap,0
star/j214500-330148,9 PsA,0
star/j214500-330148,Iota Piscis Austrini,0
star/j214500-330148,ι PsA,0
star/j214536+610712,10 Cep,0
star/j214536+610712,Nu Cephei,0
star/j214536+610712,ν Cep,0
star/j214612+225700,12 Peg,0
star/j214612-091648,47 Cap,0
star/j214648+491836,81 Cyg,0
star/j214648+491836,Pi2 Cygni,0
star/j214648+491836,π2 Cyg,0
star/j214648-112212,48 Cap,0
star/j214648-112212,Lambda Capricorni,0
star/j214648-112212,λ Cap,0
star/j214648-160748,49 Cap,0
star/j214648-160748,Delta Capricorni,0
star/j214648-160748,δ Cap,0
star/j214724+024124,11 Peg,0
star/j214724+604124,12 Cep,0
star/j214800-305400,10 PsA,0
star/j214800-305400,Theta Piscis Austrini,0
star/j214800-305400,θ PsA,0
star/j214948+301012,14 Peg,0
star/j215024+171724,13 Peg,0
star/j215100-693748,Omicron Indi,0
star/j215100-693748,ο Ind,0
star/j215100-824312,Lambda Octantis,0
star/j215100-824312,λ Oct,0
star/j215212+284724,15 Peg,0
star/j215248+255548,16 Peg,0
star/j215324-133300,51 Cap,0
star/j215324-133300,Mu Capricorni,0
star/j215324-133300,μ Cap,0
star/j215400-372136,Gamma Gruis,0
star/j215400-372136,γ Gru,0
star/j215436+563636,13 Cep,0
star/j215700+120448,17 Peg,0
star/j215812-545924,Delta Indi,0
star/j215812-545924,δ Ind,0
star/j215848-590036,Kappa1 Indi,0
star/j215848-590036,κ1 Ind,0
star/j215924+731048,16 Cep,0
star/j220000+064312,18 Peg,0
star/j220036-282700,12 PsA,0
star/j220036-282700,Eta Piscis Austrini,0
star/j220036-282700,η PsA,0
star/j220112+003600,28 Aqr,0
star/j220112+081536,19 Peg,0
star/j220112+130712,20 Peg,0
star/j220148+580000,14 Cep,0
star/j220300-063112,30 Aqr,0
star/j220300-564648,Epsilon Indi,0
star/j220300-564648,ε Ind,0
star/j220336+112324,21 Peg,0
star/j220336+630712,18 Cep,0
star/j220336+643748,17 Cep,0
star/j220336+643748,Xi Cephei,0
star/j220336+643748,ξ Cep,0
star/j220336-020936,31 Aqr,0
star/j220336-020936,Omicron Aquarii,0
star/j220336-020936,ο Aqr,0
star/j220448+624724,20 Cep,0
star/j220448-005436,32 Aqr,0
star/j220524+050336,22 Peg,0
star/j220524+050336,Nu Pegasi,0
star/j220524+050336,ν Peg,0
star/j220524+285736,23 Peg,0
star/j220524+621648,19 Cep,0
star/j220600-001912,34 Aqr,0
star/j220600-001912,Alpha Aquarii,0
star/j220600-001912,α Aqr,0
star/j220600-393224,Lambda Gruis,0
star/j220600-393224,λ Gru,0
star/j220600-593824,Kappa2 Indi,0
star/j220600-593824,κ2 Ind,0
star/j220636-135212,33 Aqr,0
star/j220636-135212,Iota Aquarii,0
star/j220636-135212,ι Aqr,0
star/j220712+252100,24 Peg,0
star/j220712+252100,Iota Pegasi,0
star/j220712+252100,ι Peg,0
star/j220748+214200,25 Peg,0
star/j220824-325924,14 PsA,0
star/j220824-325924,Mu Piscis Austrini,0
star/j220824-325924,μ PsA,0
star/j220824-340224,Upsilon Piscis Austrini,0
star/j220824-340224,υ PsA,0
star/j220900+331012,27 Peg,0
star/j220900+331012,Pi1 Pegasi,0
star/j220900+331012,π1 Peg,0
star/j220900-183112,35 Aqr,0
star/j220936+722024,24 Cep,0
star/j221012+061200,26 Peg,0
star/j221012+061200,Theta Pegasi,0
star/j221012+061200,θ Peg,0
star/j221012+331048,29 Peg,0
star/j221012+331048,Pi2 Pegasi,0
star/j221012+331048,π2 Peg,0
star/j221012-323300,15 PsA,0
star/j221012-323300,Tau Piscis Austrini,0
star/j221012-323300,τ PsA,0
star/j221048+581200,21 Cep,0
star/j221048+581200,Zeta Cephei,0
star/j221048+581200,ζ Cep,0
star/j221048-113336,38 Aqr,0
star/j221124+592436,22 Cep,0
star/j221124+592436,Lambda Cephei,0
star/j221124+592436,λ Cep,0
star/j221236-141124,39 Aqr,0
star/j221424-210412,41 Aqr,0
star/j221424-274612,16 PsA,0
star/j221424-274612,Lambda Piscis Austrini,0
star/j221424-274612,λ PsA,0
star/j221500+570224,23 Cep,0
star/j221500+570224,Epsilon Cephei,0
star/j221500+570224,ε Cep,0
star/j221536-412100,Mu1 Gruis,0
star/j221536-412100,μ1 Gru,0
star/j221612+374500,1 Lac,0
star/j221612-413748,Mu2 Gruis,0
star/j221612-413748,μ2 Gru,0
star/j221648-074648,43 Aqr,0
star/j221648-074648,Theta Aquarii,0
star/j221648-074648,θ Aqr,0
star/j221648-124948,42 Aqr,0
star/j221724-052324,44 Aqr,0
star/j221800+624800,25 Cep,0
star/j221800-773036,Psi Octantis,0
star/j221800-773036,ψ Oct,0
star/j221836-601536,Alpha Tucanae,0
star/j221836-601536,α Tuc,0
star/j221912-131800,45 Aqr,0
star/j221948-802624,Epsilon Octantis,0
star/j221948-802624,ε Oct,0
star/j222024+054724,30 Peg,0
star/j222024-074912,46 Aqr,0
star/j222024-074912,Rho Aquarii,0
star/j222024-074912,ρ Aqr,0
star/j222100+463224,2 Lac,0
star/j222136+121236,31 Peg,0
star/j222136+281948,32 Peg,0
star/j222136-012324,48 Aqr,0
star/j222136-012324,Gamma Aquarii,0
star/j222136-012324,γ Aqr,0
star/j222136-213600,47 Aqr,0
star/j222324+521348,3 Lac,0
star/j222324+521348,Beta Lacertae,0
star/j222324+521348,β Lac,0
star/j222324-244536,49 Aqr,0
star/j222324-455548,Pi2 Gruis,0
star/j222324-455548,π2 Gru,0
star/j222400-045024,51 Aqr,0
star/j222436+492848,4 Lac,0
star/j222436-133148,50 Aqr,0
star/j222436-721500,Nu Indi,0
star/j222436-721500,ν Ind,0
star/j222512+012248,52 Aqr,0
star/j222512+012248,Pi Aquarii,0
star/j222512+012248,π Aqr,0
star/j222624+042324,34 Peg,0
star/j222700+650748,26 Cep,0
star/j222700+784724,28 Cep,0
star/j222700+784724,Rho1 Cephei,0
star/j222700+784724,ρ1 Cep,0
star/j222736+044200,35 Peg,0
star/j222736-645812,Delta Tucanae,0
star/j222736-645812,δ Tuc,0
star/j222848-390748,Nu Gruis,0
star/j222848-390748,ν Gru,0
star/j222924+090748,36 Peg,0
star/j222924+474236,5 Lac,0
star/j222924+582512,27 Cep,0
star/j222924+582512,Delta Cephei,0
star/j222924+582512,δ Cep,0
star/j222924-433000,Delta1 Gruis,0
star/j222924-433000,δ1 Gru,0
star/j223000+042548,37 Peg,0
star/j223000+323412,38 Peg,0
star/j223000+784912,29 Cep,0
star/j223000+784912,Rho2 Cephei,0
star/j223000+784912,ρ2 Cep,0
star/j223000-434500,Delta2 Gruis,0
star/j223000-434500,δ2 Gru,0
star/j223036+430712,6 Lac,0
star/j223036-104048,57 Aqr,0
star/j223036-104048,Sigma Aquarii,0
star/j223036-104048,σ Aqr,0
star/j223112+501648,7 Lac,0
star/j223112+501648,Alpha Lacertae,0
star/j223112+501648,α Lac,0
star/j223148-322100,17 PsA,0
star/j223148-322100,Beta Piscis Austrini,0
star/j223148-322100,β PsA,0
star/j223148-855812,Upsilon Octantis,0
star/j223148-855812,υ Oct,0
star/j223300-615848,Nu Tucanae,0
star/j223300-615848,ν Tuc,0
star/j223412-013412,60 Aqr,0
star/j223448-204236,59 Aqr,0
star/j223448-204236,Upsilon Aquarii,0
star/j223448-204236,υ Aqr,0
star/j223524-000712,62 Aqr,0
star/j223524-000712,Eta Aquarii,0
star/j223524-000712,η Aqr,0
star/j223600+393748,8 Lac,0
star/j223600+733824,31 Cep,0
star/j223712+513300,9 Lac,0
star/j223712-403524,Sigma2 Gruis,0
star/j223712-403524,σ2 Gru,0
star/j223748-041348,63 Aqr,0
star/j223748-041348,Kappa Aquarii,0
star/j223748-041348,κ Aqr,0
star/j223824+633448,30 Cep,0
star/j223900+193112,40 Peg,0
star/j223900+390300,10 Lac,0
star/j224048+441648,11 Lac,0
star/j224048-270224,18 PsA,0
star/j224048-270224,Epsilon Piscis Austrini,0
star/j224048-270224,ε PsA,0
star/j224124+104948,42 Peg,0
star/j224124+104948,Zeta Pegasi,0
star/j224124+104948,ζ Peg,0
star/j224124+401348,12 Lac,0
star/j224200+291836,43 Peg,0
star/j224200+291836,Omicron Pegasi,0
star/j224200+291836,ο Peg,0
star/j224236-292136,19 PsA,0
star/j224236-465248,Beta Gruis,0
star/j224236-465248,β Gru,0
star/j224312+301312,44 Peg,0
star/j224312+301312,Eta Pegasi,0
star/j224312+301312,η Peg,0
star/j224312-412436,Rho Gruis,0
star/j224312-412436,ρ Gru,0
star/j224348+414912,13 Lac,0
star/j224348-184948,66 Aqr,0
star/j224536-533000,Eta Gruis,0
star/j224536-533000,η Gru,0
star/j224612-812248,Beta Octantis,0
star/j224612-812248,β Oct,0
star/j224648+121012,46 Peg,0
star/j224648+121012,Xi Pegasi,0
star/j224648+121012,ξ Peg,0
star/j224648+233412,47 Peg,0
star/j224648+233412,Lambda Pegasi,0
star/j224648+233412,λ Peg,0
star/j224724-193636,68 Aqr,0
star/j224800-140336,69 Aqr,0
star/j224800-140336,Tau1 Aquarii,0
star/j224800-140336,τ1 Aqr,0
star/j224836-511912,Epsilon Gruis,0
star/j224836-511912,ε Gru,0
star/j224948+243600,48 Peg,0
star/j224948+243600,Mu Pegasi,0
star/j224948+243600,μ Peg,0
star/j224948+661200,32 Cep,0
star/j224948+661200,Iota Cephei,0
star/j224948+661200,ι Cep,0
star/j224948-133524,71 Aqr,0
star/j224948-133524,Tau2 Aquarii,0
star/j224948-133524,τ2 Aqr,0
star/j225024+415700,14 Lac,0
star/j225024-800712,Xi Octantis,0
star/j225024-800712,ξ Oct,0
star/j225136-293224,21 PsA,0
star/j225212+095024,49 Peg,0
star/j225212+095024,Sigma Pegasi,0
star/j225212+095024,σ Peg,0
star/j225212+431836,15 Lac,0
star/j225248-073448,73 Aqr,0
star/j225248-073448,Lambda Aquarii,0
star/j225248-073448,λ Aqr,0
star/j225248-325248,22 PsA,0
star/j225248-325248,Gamma Piscis Austrini,0
star/j225248-325248,γ PsA,0
star/j225324-113712,74 Aqr,0
star/j225324-483600,Tau1 Gruis,0
star/j225324-483600,τ1 Gru,0
star/j225436-154912,76 Aqr,0
star/j225436-154912,Delta Aquarii,0
star/j225436-154912,δ Aqr,0
star/j225436-161612,77 Aqr,0
star/j225436-700412,Rho Indi,0
star/j225436-700412,ρ Ind,0
star/j225512+010336,1 Psc,0
star/j225512+084912,50 Peg,0
star/j225512+084912,Rho Pegasi,0
star/j225512+084912,ρ Peg,0
star/j225548-323224,23 PsA,0
star/j225548-323224,Delta Piscis Austrini,0
star/j225548-323224,δ PsA,0
star/j225624+413600,16 Lac,0
star/j225700-475812,Tau3 Gruis,0
star/j225700-475812,τ3 Gru,0
star/j225736+204612,51 Peg,0
star/j225924+005736,2 Psc,0
star/j225924+114348,52 Peg,0
star/j230036-524500,Zeta Gruis,0
star/j230036-524500,ζ Gru,0
star/j230148+421948,1 And,0
star/j230148+421948,Omicron Andromedae,0
star/j230148+421948,ο And,0
star/j230224+424536,2 And,0
star/j230336+034912,4 Psc,0
star/j230336+034912,Beta Piscium,0
star/j230336+034912,β Psc,0
star/j230336-344500,Pi Piscis Austrini,0
star/j230336-344500,π PsA,0
star/j230412+500300,3 And,0
star/j230448-535736,Kappa Gruis,0
star/j230448-535736,κ Gru,0
star/j230524-074124,83 Aqr,0
star/j230636+592512,1 Cas,0
star/j230636-234424,86 Aqr,0
star/j230636-385324,Upsilon Gruis,0
star/j230636-385324,υ Gru,0
star/j230636-433112,Theta Gruis,0
star/j230636-433112,θ Gru,0
star/j230712+092436,55 Peg,0
star/j230712+252812,56 Peg,0
star/j230748+462324,4 And,0
star/j230748+491800,5 And,0
star/j230748+752324,33 Cep,0
star/j230748+752324,Pi Cephei,0
star/j230748+752324,π Cep,0
star/j230824+020748,5 Psc,0
star/j230936+084048,57 Peg,0
star/j230936+591948,2 Cas,0
star/j230936-211012,88 Aqr,0
star/j231012+094912,58 Peg,0
star/j231012+433224,6 And,0
star/j231012-222736,89 Aqr,0
star/j231012-451500,Iota Gruis,0
star/j231012-451500,ι Gru,0
star/j231200+084312,59 Peg,0
star/j231236+492436,7 And,0
star/j231424-060300,90 Aqr,0
star/j231424-060300,Phi Aquarii,0
star/j231424-060300,φ Aqr,0
star/j231536-090524,91 Aqr,0
star/j231536-090524,Psi1 Aquarii,0
star/j231536-090524,ψ1 Aqr,0
star/j231648-074348,92 Aqr,0
star/j231648-074348,Chi Aquarii,0
star/j231648-074348,χ Aqr,0
star/j231724+031648,6 Psc,0
star/j231724+031648,Gamma Piscium,0
star/j231724+031648,γ Psc,0
star/j231724-581424,Gamma Tucanae,0
star/j231724-581424,γ Tuc,0
star/j231800+490112,8 And,0
star/j231800-091048,93 Aqr,0
star/j231800-091048,Psi2 Aquarii,0
star/j231800-091048,ψ2 Aqr,0
star/j231800-404912,Phi Gruis,0
star/j231800-404912,φ Gru,0
star/j231836+414612,9 And,0
star/j231836+680636,34 Cep,0
star/j231836+680636,Omicron Cephei,0
star/j231836+680636,ο Cep,0
star/j231836-323148,Gamma Sculptoris,0
star/j231836-323148,γ Scl,0
star/j231912+483748,11 And,0
star/j231912-050712,96 Aqr,0
star/j231912-093636,95 Aqr,0
star/j231912-093636,Psi3 Aquarii,0
star/j231912-093636,ψ3 Aqr,0
star/j231912-132736,94 Aqr,0
star/j231948+420448,10 And,0
star/j232024+052248,7 Psc,0
star/j232024+234424,62 Peg,0
star/j232024+234424,Tau Pegasi,0
star/j232024+234424,τ Peg,0
star/j232100+302512,63 Peg,0
star/j232100+381048,12 And,0
star/j232212+314836,64 Peg,0
star/j232248+121836,66 Peg,0
star/j232248-150224,97 Aqr,0
star/j232248-200600,98 Aqr,0
star/j232436+322248,67 Peg,0
star/j232436+621648,4 Cas,0
star/j232512+232400,68 Peg,0
star/j232512+232400,Upsilon Pegasi,0
star/j232512+232400,υ Peg,0
star/j232548-203824,99 Aqr,0
star/j232624-524312,Omicron Gruis,0
star/j232624-524312,ο Gru,0
star/j232700+011536,8 Psc,0
star/j232700+011536,Kappa Piscium,0
star/j232700+011536,κ Psc,0
star/j232700+425436,13 And,0
star/j232736+251012,69 Peg,0
star/j232812+062248,10 Psc,0
star/j232812+062248,Theta Piscium,0
star/j232812+062248,θ Psc,0
star/j232812-872848,Tau Octantis,0
star/j232812-872848,τ Oct,0
star/j232924+124536,70 Peg,0
star/j233112+391424,14 And,0
star/j233300-205436,101 Aqr,0
star/j233300-374912,Beta Sculptoris,0
star/j233300-374912,β Scl,0
star/j233336+223000,71 Peg,0
star/j233412+311948,72 Peg,0
star/j233412-011500,14 Psc,0
star/j233448+333000,73 Peg,0
star/j233448+401424,15 And,0
star/j233448-423712,Iota Phoenicis,0
star/j233448-423712,ι Phe,0
star/j233636+020600,16 Psc,0
star/j233748+182400,75 Peg,0
star/j233748+462736,16 And,0
star/j233748+462736,Lambda Andromedae,0
star/j233748+462736,λ And,0
star/j233824+431612,17 And,0
star/j233824+431612,Iota Andromedae,0
star/j233824+431612,ι And,0
star/j233900+502812,18 And,0
star/j233936+773748,35 Cep,0
star/j233936+773748,Gamma Cephei,0
star/j233936+773748,γ Cep,0
star/j233936-141312,102 Aqr,0
star/j233936-141312,Omega1 Aquarii,0
star/j233936-141312,ω1 Aqr,0
star/j233936-463824,Theta Phoenicis,0
star/j233936-463824,θ Phe,0
star/j234012+053748,17 Psc,0
star/j234012+053748,Iota Piscium,0
star/j234012+053748,ι Psc,0
star/j234012+441948,19 And,0
star/j234012+441948,Kappa Andromedae,0
star/j234012+441948,κ And,0
star/j234048-320412,Mu Sculptoris,0
star/j234048-320412,μ Scl,0
star/j234124-180148,103 Aqr,0
star/j234200+014648,18 Psc,0
star/j234200+014648,Lambda Piscium,0
star/j234200+014648,λ Psc,0
star/j234200-174912,104 Aqr,0
star/j234236-143224,105 Aqr,0
star/j234236-143224,Omega2 Aquarii,0
star/j234236-143224,ω2 Aqr,0
star/j234312+101948,77 Peg,0
star/j234348+292136,78 Peg,0
star/j234424-181648,106 Aqr,0
star/j234612+032924,19 Psc,0
star/j234612+462512,20 And,0
star/j234612+462512,Psi Andromedae,0
star/j234612+462512,ψ And,0
star/j234612-184048,107 Aqr,0
star/j234648+583900,5 Cas,0
star/j234648+583900,Tau Cassiopeiae,0
star/j234648+583900,τ Cas,0
star/j234724-501348,Sigma Phoenicis,0
star/j234724-501348,σ Phe,0
star/j234800-024536,20 Psc,0
star/j234836+621236,6 Cas,0
star/j234912+010448,21 Psc,0
star/j234912-280748,Delta Sculptoris,0
star/j234912-280748,δ Scl,0
star/j234948+285024,79 Peg,0
star/j235136+091836,80 Peg,0
star/j235136-185436,108 Aqr,0
star/j235212+025548,22 Psc,0
star/j235212+190712,81 Peg,0
star/j235212+190712,Phi Pegasi,0
star/j235212+190712,φ Peg,0
star/j235212-820112,Gamma1 Octantis,0
star/j235212-820112,γ1 Oct,0
star/j235248+105700,82 Peg,0
star/j235248-030936,24 Psc,0
star/j235436+573000,7 Cas,0
star/j235436+573000,Rho Cassiopeiae,0
star/j235436+573000,ρ Cas,0
star/j235736+250824,84 Peg,0
star/j235736+250824,Psi Pegasi,0
star/j235736+250824,ψ Peg,0
star/j235736-641800,Eta Tucanae,0
star/j235736-641800,η Tuc,0
star/j235736-821012,Gamma2 Octantis,0
star/j235736-821012,γ2 Oct,0
star/j235848+554500,8 Cas,0
star/j235848+554500,Sigma Cassiopeiae,0
star/j235848+554500,σ Cas,0
star/j235848-033336,27 Psc,0
star/j235848-524500,Pi Phoenicis,0
star/j235848-524500,π Phe,0
star/j235924+065136,28 Psc,0
star/j235924+065136,Omega Piscium,0
star/j235924+065136,ω Psc,0
star/j240000-653448,Epsilon Tucanae,0
star/j240000-653448,ε Tuc,0
star/kaus_australis,20 Sgr,0
star/kaus_australis,Epsilon Sagittarii,0
star/kaus_australis,ε Sgr,0
star/kochab,7 UMi,0
star/kochab,Beta Ursae Minoris,0
star/kochab,β UMi,0
star/markab,54 Peg,0
star/markab,Alpha Pegasi,0
star/markab,α Peg,0
star/menkar,92 Cet,0
star/menkar,Alpha Ceti,0
star/menkar,α Cet,0
star/merak,48 UMa,0
star/merak,Beta Ursae Majoris,0
star/merak,β UMa,0
star/mirach,43 And,0
star/mirach,Beta Andromedae,0
star/mirach,β And,0
star/mirphak,33 Per,0
star/mirphak,Alpha Persei,0
star/mirphak,α Per,0
star/n25,R Coronae Borealis,1
star/n25,R CrB,0
star/n268_g_cet,268 G. Cet,0
star/n33_g_lib,33 G. Lib,0
star/n96_g_psc,96 G. Psc,0
star/nunki,34 Sgr,0
star/nunki,Sigma Sagittarii,0
star/nunki,σ Sgr,0
star/p_eridani,p Eridani,1
star/phad,64 UMa,0
star/phad,Gamma Ursae Majoris,0
star/phad,γ UMa,0
star/polaris,1 UMi,0
star/polaris,Alpha Ursae Minoris,0
star/polaris,α UMi,0
star/pollux,78 Gem,0
star/pollux,Beta Geminorum,0
star/pollux,β Gem,0
star/procyon,10 CMi,0
star/procyon,Alpha Canis Minoris,0
star/procyon,α CMi,0
star/rasalhague,55 Oph,0
star/rasalhague,Alpha Ophiuchi,0
star/rasalhague,α Oph,0
star/regulus,32 Leo,0
star/regulus,Alpha Leonis,0
star/regulus,α Leo,0
star/rigel,19 Ori,0
star/rigel,Beta Orionis,0
star/rigel,β Ori,0
star/rigil_kentaurus_a,Alpha1 Centauri,0
star/rigil_kentaurus_a,α1 Cen,0
star/saiph,53 Ori,0
star/saiph,Kappa Orionis,0
star/saiph,κ Ori,0
star/scheat,53 Peg,0
star/scheat,Beta Pegasi,0
star/scheat,β Peg,0
star/shaula,35 Sco,0
star/shaula,Lambda Scorpii,0
star/shaula,λ Sco,0
star/shedir,18 Cas,0
star/shedir,Alpha Cassiopeiae,0
star/shedir,α Cas,0
star/sirius,9 CMa,0
star/sirius,Alpha Canis Majoris,0
star/sirius,α CMa,0
star/spica,67 Vir,0
star/spica,Alpha Virginis,0
star/spica,α Vir,0
star/unukalhai,24 Ser,0
star/unukalhai,Alpha Serpentis,0
star/unukalhai,α Ser,0
star/vega,3 Lyr,0
star/vega,Alpha Lyrae,0
star/vega,α Lyr,0
star/vindemiatrix,47 Vir,0
star/vindemiatrix,Epsilon Virginis,0
star/vindemiatrix,ε Vir,0
